SKU,Current Stock,Risk Score,Risk Level,Inventory Status,Expected Risk Level,Risk Level Correct,Expected Inventory Status,Inventory Status Correct,Overall Correct
1101,300,70.0,HIGH,Healthy,HIGH,True,Healthy,True,True
1021,425,70.0,HIGH,Healthy,HIGH,True,Healthy,True,True
1200,252,70.0,HIGH,Healthy,HIGH,True,Healthy,True,True
1041,220,70.0,HIGH,Healthy,HIGH,True,Healthy,True,True
1092,170,70.0,HIGH,Healthy,HIGH,True,Healthy,True,True
1094,262,70.0,HIGH,Healthy,HIGH,True,Healthy,True,True
1143,293,70.0,HIGH,Healthy,HIGH,True,Healthy,True,True
1111,271,70.0,HIGH,Healthy,HIGH,True,Healthy,True,True
1119,342,70.0,HIGH,Healthy,HIGH,True,Healthy,True,True
1025,126,70.0,HIGH,Healthy,HIGH,True,Healthy,True,True
1066,181,70.0,HIGH,Healthy,HIGH,True,Healthy,True,True
1100,136,70.0,HIGH,Healthy,HIGH,True,Healthy,True,True
1183,94,70.0,HIGH,Healthy,HIGH,True,Healthy,True,True
1097,139,70.0,HIGH,Healthy,HIGH,True,Healthy,True,True
1110,332,70.0,HIGH,Healthy,HIGH,True,Healthy,True,True
1170,303,70.0,HIGH,Healthy,HIGH,True,Healthy,True,True
1017,176,70.0,HIGH,Healthy,HIGH,True,Healthy,True,True
1171,132,70.0,HIGH,Healthy,HIGH,True,Healthy,True,True
1197,154,70.0,HIGH,Healthy,HIGH,True,Healthy,True,True
1043,137,70.0,HIGH,Healthy,HIGH,True,Healthy,True,True
1086,194,70.0,HIGH,Healthy,HIGH,True,Healthy,True,True
1155,108,70.0,HIGH,Healthy,HIGH,True,Healthy,True,True
1029,402,70.0,HIGH,Healthy,HIGH,True,Healthy,True,True
1164,82,70.0,HIGH,Healthy,HIGH,True,Healthy,True,True
1191,296,70.0,HIGH,Healthy,HIGH,True,Healthy,True,True
1039,186,70.0,HIGH,Healthy,HIGH,True,Healthy,True,True
1081,356,70.0,HIGH,Healthy,HIGH,True,Healthy,True,True
1093,289,70.0,HIGH,Healthy,HIGH,True,Healthy,True,True
1131,186,70.0,HIGH,Healthy,HIGH,True,Healthy,True,True
1137,341,70.0,HIGH,Healthy,HIGH,True,Healthy,True,True
1182,201,70.0,HIGH,Healthy,HIGH,True,Healthy,True,True
1185,172,70.0,HIGH,Healthy,HIGH,True,Healthy,True,True
1033,141,70.0,HIGH,Healthy,HIGH,True,Healthy,True,True
1073,73,70.0,HIGH,Healthy,HIGH,True,Healthy,True,True
1115,202,70.0,HIGH,Healthy,HIGH,True,Healthy,True,True
1010,196,70.0,HIGH,Healthy,HIGH,True,Healthy,True,True
1068,196,70.0,HIGH,Healthy,HIGH,True,Healthy,True,True
1108,202,70.0,HIGH,Healthy,HIGH,True,Healthy,True,True
1140,223,70.0,HIGH,Healthy,HIGH,True,Healthy,True,True
1096,157,70.0,HIGH,Healthy,HIGH,True,Healthy,True,True
1085,193,70.0,HIGH,Healthy,HIGH,True,Healthy,True,True
1176,226,70.0,HIGH,Healthy,HIGH,True,Healthy,True,True
1059,82,70.0,HIGH,Healthy,HIGH,True,Healthy,True,True
1001,88,70.0,HIGH,Healthy,HIGH,True,Healthy,True,True
1057,388,70.0,HIGH,Healthy,HIGH,True,Healthy,True,True
1178,384,70.0,HIGH,Healthy,HIGH,True,Healthy,True,True
1064,246,70.0,HIGH,Healthy,HIGH,True,Healthy,True,True
1181,290,70.0,HIGH,Healthy,HIGH,True,Healthy,True,True
1079,365,70.0,HIGH,Healthy,HIGH,True,Healthy,True,True
1135,242,70.0,HIGH,Healthy,HIGH,True,Healthy,True,True
1166,273,70.0,HIGH,Healthy,HIGH,True,Healthy,True,True
1141,270,70.0,HIGH,Healthy,HIGH,True,Healthy,True,True
1163,183,70.0,HIGH,Healthy,HIGH,True,Healthy,True,True
1045,127,70.0,HIGH,Healthy,HIGH,True,Healthy,True,True
1078,180,70.0,HIGH,Healthy,HIGH,True,Healthy,True,True
1005,217,70.0,HIGH,Healthy,HIGH,True,Healthy,True,True
1063,182,70.0,HIGH,Healthy,HIGH,True,Healthy,True,True
1080,338,70.0,HIGH,Healthy,HIGH,True,Healthy,True,True
1095,167,70.0,HIGH,Healthy,HIGH,True,Healthy,True,True
1008,149,70.0,HIGH,Healthy,HIGH,True,Healthy,True,True
1053,215,70.0,HIGH,Healthy,HIGH,True,Healthy,True,True
1069,430,70.0,HIGH,Healthy,HIGH,True,Healthy,True,True
1152,129,70.0,HIGH,Healthy,HIGH,True,Healthy,True,True
1031,297,70.0,HIGH,Healthy,HIGH,True,Healthy,True,True
1149,163,70.0,HIGH,Healthy,HIGH,True,Healthy,True,True
1184,335,70.0,HIGH,Healthy,HIGH,True,Healthy,True,True
1106,225,70.0,HIGH,Healthy,HIGH,True,Healthy,True,True
1026,136,70.0,HIGH,Healthy,HIGH,True,Healthy,True,True
1157,167,70.0,HIGH,Healthy,HIGH,True,Healthy,True,True
1168,306,70.0,HIGH,Healthy,HIGH,True,Healthy,True,True
1047,121,70.0,HIGH,Healthy,HIGH,True,Healthy,True,True
1076,250,70.0,HIGH,Healthy,HIGH,True,Healthy,True,True
1116,154,70.0,HIGH,Healthy,HIGH,True,Healthy,True,True
1003,116,70.0,HIGH,Healthy,HIGH,True,Healthy,True,True
1122,198,70.0,HIGH,Healthy,HIGH,True,Healthy,True,True
1180,303,70.0,HIGH,Healthy,HIGH,True,Healthy,True,True
1177,161,70.0,HIGH,Healthy,HIGH,True,Healthy,True,True
1061,295,70.0,HIGH,Healthy,HIGH,True,Healthy,True,True
1159,181,70.0,HIGH,Healthy,HIGH,True,Healthy,True,True
1120,365,70.0,HIGH,Healthy,HIGH,True,Healthy,True,True
1190,182,70.0,HIGH,Healthy,HIGH,True,Healthy,True,True
1127,414,70.0,HIGH,Healthy,HIGH,True,Healthy,True,True
1075,188,70.0,HIGH,Healthy,HIGH,True,Healthy,True,True
1030,194,70.0,HIGH,Healthy,HIGH,True,Healthy,True,True
1192,120,70.0,HIGH,Healthy,HIGH,True,Healthy,True,True
1040,132,70.0,HIGH,Healthy,HIGH,True,Healthy,True,True
1104,432,70.0,HIGH,Healthy,HIGH,True,Healthy,True,True
1054,318,70.0,HIGH,Healthy,HIGH,True,Healthy,True,True
1162,229,70.0,HIGH,Healthy,HIGH,True,Healthy,True,True
1132,270,70.0,HIGH,Healthy,HIGH,True,Healthy,True,True
1088,241,70.0,HIGH,Healthy,HIGH,True,Healthy,True,True
1083,221,70.0,HIGH,Healthy,HIGH,True,Healthy,True,True
1167,159,70.0,HIGH,Healthy,HIGH,True,Healthy,True,True
1130,306,70.0,HIGH,Healthy,HIGH,True,Healthy,True,True
1134,210,70.0,HIGH,Healthy,HIGH,True,Healthy,True,True
1158,349,70.0,HIGH,Healthy,HIGH,True,Healthy,True,True
1051,95,70.0,HIGH,Healthy,HIGH,True,Healthy,True,True
1055,272,70.0,HIGH,Healthy,HIGH,True,Healthy,True,True
1062,231,70.0,HIGH,Healthy,HIGH,True,Healthy,True,True
1107,180,70.0,HIGH,Healthy,HIGH,True,Healthy,True,True
1070,178,70.0,HIGH,Healthy,HIGH,True,Healthy,True,True
1195,328,70.0,HIGH,Healthy,HIGH,True,Healthy,True,True
1121,295,70.0,HIGH,Healthy,HIGH,True,Healthy,True,True
1077,178,70.0,HIGH,Healthy,HIGH,True,Healthy,True,True
1014,222,70.0,HIGH,Healthy,HIGH,True,Healthy,True,True
1072,154,70.0,HIGH,Healthy,HIGH,True,Healthy,True,True
1091,325,70.0,HIGH,Healthy,HIGH,True,Healthy,True,True
1036,167,70.0,HIGH,Healthy,HIGH,True,Healthy,True,True
1113,270,70.0,HIGH,Healthy,HIGH,True,Healthy,True,True
1138,251,70.0,HIGH,Healthy,HIGH,True,Healthy,True,True
1087,247,70.0,HIGH,Healthy,HIGH,True,Healthy,True,True
1050,172,70.0,HIGH,Healthy,HIGH,True,Healthy,True,True
1169,260,70.0,HIGH,Healthy,HIGH,True,Healthy,True,True
1012,274,70.0,HIGH,Healthy,HIGH,True,Healthy,True,True
1112,95,70.0,HIGH,Healthy,HIGH,True,Healthy,True,True
1019,110,70.0,HIGH,Healthy,HIGH,True,Healthy,True,True
1133,79,70.0,HIGH,Healthy,HIGH,True,Healthy,True,True
1194,113,70.0,HIGH,Healthy,HIGH,True,Healthy,True,True
1074,230,70.0,HIGH,Healthy,HIGH,True,Healthy,True,True
1154,255,70.0,HIGH,Healthy,HIGH,True,Healthy,True,True
1090,200,70.0,HIGH,Healthy,HIGH,True,Healthy,True,True
1046,143,70.0,HIGH,Healthy,HIGH,True,Healthy,True,True
1153,204,70.0,HIGH,Healthy,HIGH,True,Healthy,True,True
1020,142,70.0,HIGH,Healthy,HIGH,True,Healthy,True,True
1011,269,70.0,HIGH,Healthy,HIGH,True,Healthy,True,True
1156,220,70.0,HIGH,Healthy,HIGH,True,Healthy,True,True
1006,243,70.0,HIGH,Healthy,HIGH,True,Healthy,True,True
1199,142,70.0,HIGH,Healthy,HIGH,True,Healthy,True,True
1160,256,70.0,HIGH,Healthy,HIGH,True,Healthy,True,True
1147,236,70.0,HIGH,Healthy,HIGH,True,Healthy,True,True
1174,91,70.0,HIGH,Healthy,HIGH,True,Healthy,True,True
1151,209,70.0,HIGH,Healthy,HIGH,True,Healthy,True,True
1126,387,70.0,HIGH,Healthy,HIGH,True,Healthy,True,True
1196,208,70.0,HIGH,Healthy,HIGH,True,Healthy,True,True
1071,345,70.0,HIGH,Healthy,HIGH,True,Healthy,True,True
1150,109,70.0,HIGH,Healthy,HIGH,True,Healthy,True,True
1105,361,70.0,HIGH,Healthy,HIGH,True,Healthy,True,True
1035,145,70.0,HIGH,Healthy,HIGH,True,Healthy,True,True
1188,298,70.0,HIGH,Healthy,HIGH,True,Healthy,True,True
1129,92,70.0,HIGH,Healthy,HIGH,True,Healthy,True,True
1186,320,70.0,HIGH,Healthy,HIGH,True,Healthy,True,True
1175,198,70.0,HIGH,Healthy,HIGH,True,Healthy,True,True
1004,222,70.0,HIGH,Healthy,HIGH,True,Healthy,True,True
1022,267,70.0,HIGH,Healthy,HIGH,True,Healthy,True,True
1027,344,70.0,HIGH,Healthy,HIGH,True,Healthy,True,True
1032,154,70.0,HIGH,Healthy,HIGH,True,Healthy,True,True
1144,125,70.0,HIGH,Healthy,HIGH,True,Healthy,True,True
1102,358,70.0,HIGH,Healthy,HIGH,True,Healthy,True,True
1117,202,70.0,HIGH,Healthy,HIGH,True,Healthy,True,True
1161,86,70.0,HIGH,Healthy,HIGH,True,Healthy,True,True
1123,133,70.0,HIGH,Healthy,HIGH,True,Healthy,True,True
1082,185,70.0,HIGH,Healthy,HIGH,True,Healthy,True,True
1058,288,70.0,HIGH,Healthy,HIGH,True,Healthy,True,True
1136,124,70.0,HIGH,Healthy,HIGH,True,Healthy,True,True
1009,205,70.0,HIGH,Healthy,HIGH,True,Healthy,True,True
1193,285,70.0,HIGH,Healthy,HIGH,True,Healthy,True,True
1098,134,70.0,HIGH,Healthy,HIGH,True,Healthy,True,True
1187,158,70.0,HIGH,Healthy,HIGH,True,Healthy,True,True
1052,209,70.0,HIGH,Healthy,HIGH,True,Healthy,True,True
1002,249,70.0,HIGH,Healthy,HIGH,True,Healthy,True,True
1103,143,70.0,HIGH,Healthy,HIGH,True,Healthy,True,True
1148,161,70.0,HIGH,Healthy,HIGH,True,Healthy,True,True
1173,130,70.0,HIGH,Healthy,HIGH,True,Healthy,True,True
1179,175,70.0,HIGH,Healthy,HIGH,True,Healthy,True,True
1028,133,70.0,HIGH,Healthy,HIGH,True,Healthy,True,True
1014,300,70.0,HIGH,Healthy,HIGH,True,Healthy,True,True
1185,231,70.0,HIGH,Healthy,HIGH,True,Healthy,True,True
1069,285,70.0,HIGH,Healthy,HIGH,True,Healthy,True,True
1039,373,70.0,HIGH,Healthy,HIGH,True,Healthy,True,True
1064,232,70.0,HIGH,Healthy,HIGH,True,Healthy,True,True
1057,151,70.0,HIGH,Healthy,HIGH,True,Healthy,True,True
1187,276,70.0,HIGH,Healthy,HIGH,True,Healthy,True,True
1173,206,70.0,HIGH,Healthy,HIGH,True,Healthy,True,True
1115,114,70.0,HIGH,Healthy,HIGH,True,Healthy,True,True
1148,262,70.0,HIGH,Healthy,HIGH,True,Healthy,True,True
1112,243,70.0,HIGH,Healthy,HIGH,True,Healthy,True,True
1170,123,70.0,HIGH,Healthy,HIGH,True,Healthy,True,True
1002,295,70.0,HIGH,Healthy,HIGH,True,Healthy,True,True
1037,140,70.0,HIGH,Healthy,HIGH,True,Healthy,True,True
1007,155,70.0,HIGH,Healthy,HIGH,True,Healthy,True,True
1096,156,70.0,HIGH,Healthy,HIGH,True,Healthy,True,True
1099,205,70.0,HIGH,Healthy,HIGH,True,Healthy,True,True
1155,122,70.0,HIGH,Healthy,HIGH,True,Healthy,True,True
1028,126,70.0,HIGH,Healthy,HIGH,True,Healthy,True,True
1026,121,70.0,HIGH,Healthy,HIGH,True,Healthy,True,True
1118,298,70.0,HIGH,Healthy,HIGH,True,Healthy,True,True
1151,164,70.0,HIGH,Healthy,HIGH,True,Healthy,True,True
1178,190,70.0,HIGH,Healthy,HIGH,True,Healthy,True,True
1126,248,70.0,HIGH,Healthy,HIGH,True,Healthy,True,True
1179,221,70.0,HIGH,Healthy,HIGH,True,Healthy,True,True
1032,138,70.0,HIGH,Healthy,HIGH,True,Healthy,True,True
1083,122,70.0,HIGH,Healthy,HIGH,True,Healthy,True,True
1056,299,70.0,HIGH,Healthy,HIGH,True,Healthy,True,True
1004,264,70.0,HIGH,Healthy,HIGH,True,Healthy,True,True
1079,172,70.0,HIGH,Healthy,HIGH,True,Healthy,True,True
1107,186,70.0,HIGH,Healthy,HIGH,True,Healthy,True,True
1111,333,70.0,HIGH,Healthy,HIGH,True,Healthy,True,True
1102,255,70.0,HIGH,Healthy,HIGH,True,Healthy,True,True
1001,196,70.0,HIGH,Healthy,HIGH,True,Healthy,True,True
1191,180,70.0,HIGH,Healthy,HIGH,True,Healthy,True,True
1082,120,70.0,HIGH,Healthy,HIGH,True,Healthy,True,True
1135,229,70.0,HIGH,Healthy,HIGH,True,Healthy,True,True
1143,307,70.0,HIGH,Healthy,HIGH,True,Healthy,True,True
1196,215,70.0,HIGH,Healthy,HIGH,True,Healthy,True,True
1085,264,70.0,HIGH,Healthy,HIGH,True,Healthy,True,True
1117,149,70.0,HIGH,Healthy,HIGH,True,Healthy,True,True
1088,171,70.0,HIGH,Healthy,HIGH,True,Healthy,True,True
1167,151,70.0,HIGH,Healthy,HIGH,True,Healthy,True,True
1029,379,70.0,HIGH,Healthy,HIGH,True,Healthy,True,True
1176,184,70.0,HIGH,Healthy,HIGH,True,Healthy,True,True
1024,155,70.0,HIGH,Healthy,HIGH,True,Healthy,True,True
1125,153,70.0,HIGH,Healthy,HIGH,True,Healthy,True,True
1018,105,70.0,HIGH,Healthy,HIGH,True,Healthy,True,True
1124,185,70.0,HIGH,Healthy,HIGH,True,Healthy,True,True
1021,275,70.0,HIGH,Healthy,HIGH,True,Healthy,True,True
1046,178,70.0,HIGH,Healthy,HIGH,True,Healthy,True,True
1098,112,70.0,HIGH,Healthy,HIGH,True,Healthy,True,True
1140,290,70.0,HIGH,Healthy,HIGH,True,Healthy,True,True
1005,222,70.0,HIGH,Healthy,HIGH,True,Healthy,True,True
1065,82,70.0,HIGH,Healthy,HIGH,True,Healthy,True,True
1003,186,70.0,HIGH,Healthy,HIGH,True,Healthy,True,True
1030,186,70.0,HIGH,Healthy,HIGH,True,Healthy,True,True
1033,115,70.0,HIGH,Healthy,HIGH,True,Healthy,True,True
1047,101,70.0,HIGH,Healthy,HIGH,True,Healthy,True,True
1138,178,70.0,HIGH,Healthy,HIGH,True,Healthy,True,True
1164,122,70.0,HIGH,Healthy,HIGH,True,Healthy,True,True
1127,182,70.0,HIGH,Healthy,HIGH,True,Healthy,True,True
1180,284,70.0,HIGH,Healthy,HIGH,True,Healthy,True,True
1114,160,70.0,HIGH,Healthy,HIGH,True,Healthy,True,True
1136,111,70.0,HIGH,Healthy,HIGH,True,Healthy,True,True
1019,199,70.0,HIGH,Healthy,HIGH,True,Healthy,True,True
1142,126,70.0,HIGH,Healthy,HIGH,True,Healthy,True,True
1055,247,70.0,HIGH,Healthy,HIGH,True,Healthy,True,True
1149,82,70.0,HIGH,Healthy,HIGH,True,Healthy,True,True
1076,300,70.0,HIGH,Healthy,HIGH,True,Healthy,True,True
1100,136,70.0,HIGH,Healthy,HIGH,True,Healthy,True,True
1043,156,70.0,HIGH,Healthy,HIGH,True,Healthy,True,True
1044,270,70.0,HIGH,Healthy,HIGH,True,Healthy,True,True
1154,251,70.0,HIGH,Healthy,HIGH,True,Healthy,True,True
1163,214,70.0,HIGH,Healthy,HIGH,True,Healthy,True,True
1182,359,70.0,HIGH,Healthy,HIGH,True,Healthy,True,True
1054,146,70.0,HIGH,Healthy,HIGH,True,Healthy,True,True
1042,310,70.0,HIGH,Healthy,HIGH,True,Healthy,True,True
1035,96,70.0,HIGH,Healthy,HIGH,True,Healthy,True,True
1040,96,70.0,HIGH,Healthy,HIGH,True,Healthy,True,True
1188,364,70.0,HIGH,Healthy,HIGH,True,Healthy,True,True
1150,196,70.0,HIGH,Healthy,HIGH,True,Healthy,True,True
1152,217,70.0,HIGH,Healthy,HIGH,True,Healthy,True,True
1038,170,70.0,HIGH,Healthy,HIGH,True,Healthy,True,True
1066,119,70.0,HIGH,Healthy,HIGH,True,Healthy,True,True
1156,278,70.0,HIGH,Healthy,HIGH,True,Healthy,True,True
1110,417,70.0,HIGH,Healthy,HIGH,True,Healthy,True,True
1049,180,70.0,HIGH,Healthy,HIGH,True,Healthy,True,True
1027,182,70.0,HIGH,Healthy,HIGH,True,Healthy,True,True
1186,189,70.0,HIGH,Healthy,HIGH,True,Healthy,True,True
1051,167,70.0,HIGH,Healthy,HIGH,True,Healthy,True,True
1109,114,70.0,HIGH,Healthy,HIGH,True,Healthy,True,True
1050,236,70.0,HIGH,Healthy,HIGH,True,Healthy,True,True
1139,239,70.0,HIGH,Healthy,HIGH,True,Healthy,True,True
1062,152,70.0,HIGH,Healthy,HIGH,True,Healthy,True,True
1128,407,70.0,HIGH,Healthy,HIGH,True,Healthy,True,True
1053,345,70.0,HIGH,Healthy,HIGH,True,Healthy,True,True
1104,166,70.0,HIGH,Healthy,HIGH,True,Healthy,True,True
1091,263,70.0,HIGH,Healthy,HIGH,True,Healthy,True,True
1072,125,70.0,HIGH,Healthy,HIGH,True,Healthy,True,True
1172,97,70.0,HIGH,Healthy,HIGH,True,Healthy,True,True
1009,174,70.0,HIGH,Healthy,HIGH,True,Healthy,True,True
1058,105,70.0,HIGH,Healthy,HIGH,True,Healthy,True,True
1034,105,70.0,HIGH,Healthy,HIGH,True,Healthy,True,True
1153,177,70.0,HIGH,Healthy,HIGH,True,Healthy,True,True
1016,280,70.0,HIGH,Healthy,HIGH,True,Healthy,True,True
1092,200,70.0,HIGH,Healthy,HIGH,True,Healthy,True,True
1121,165,70.0,HIGH,Healthy,HIGH,True,Healthy,True,True
1068,72,70.0,HIGH,Healthy,HIGH,True,Healthy,True,True
1013,390,70.0,HIGH,Healthy,HIGH,True,Healthy,True,True
1119,308,70.0,HIGH,Healthy,HIGH,True,Healthy,True,True
1189,180,70.0,HIGH,Healthy,HIGH,True,Healthy,True,True
1022,181,70.0,HIGH,Healthy,HIGH,True,Healthy,True,True
1023,252,70.0,HIGH,Healthy,HIGH,True,Healthy,True,True
1174,165,70.0,HIGH,Healthy,HIGH,True,Healthy,True,True
1031,359,70.0,HIGH,Healthy,HIGH,True,Healthy,True,True
1008,118,70.0,HIGH,Healthy,HIGH,True,Healthy,True,True
1015,215,70.0,HIGH,Healthy,HIGH,True,Healthy,True,True
1200,193,70.0,HIGH,Healthy,HIGH,True,Healthy,True,True
1048,261,70.0,HIGH,Healthy,HIGH,True,Healthy,True,True
1084,230,70.0,HIGH,Healthy,HIGH,True,Healthy,True,True
1041,306,70.0,HIGH,Healthy,HIGH,True,Healthy,True,True
1116,215,70.0,HIGH,Healthy,HIGH,True,Healthy,True,True
1089,88,70.0,HIGH,Healthy,HIGH,True,Healthy,True,True
1086,432,70.0,HIGH,Healthy,HIGH,True,Healthy,True,True
1193,280,70.0,HIGH,Healthy,HIGH,True,Healthy,True,True
1129,178,70.0,HIGH,Healthy,HIGH,True,Healthy,True,True
1108,282,70.0,HIGH,Healthy,HIGH,True,Healthy,True,True
1137,240,70.0,HIGH,Healthy,HIGH,True,Healthy,True,True
1090,115,70.0,HIGH,Healthy,HIGH,True,Healthy,True,True
1017,109,70.0,HIGH,Healthy,HIGH,True,Healthy,True,True
1075,215,70.0,HIGH,Healthy,HIGH,True,Healthy,True,True
1113,312,70.0,HIGH,Healthy,HIGH,True,Healthy,True,True
1078,91,70.0,HIGH,Healthy,HIGH,True,Healthy,True,True
1157,269,70.0,HIGH,Healthy,HIGH,True,Healthy,True,True
1020,278,70.0,HIGH,Healthy,HIGH,True,Healthy,True,True
1168,135,70.0,HIGH,Healthy,HIGH,True,Healthy,True,True
1097,201,70.0,HIGH,Healthy,HIGH,True,Healthy,True,True
1106,348,70.0,HIGH,Healthy,HIGH,True,Healthy,True,True
1165,198,70.0,HIGH,Healthy,HIGH,True,Healthy,True,True
1077,162,70.0,HIGH,Healthy,HIGH,True,Healthy,True,True
1162,219,70.0,HIGH,Healthy,HIGH,True,Healthy,True,True
1123,219,70.0,HIGH,Healthy,HIGH,True,Healthy,True,True
1080,316,70.0,HIGH,Healthy,HIGH,True,Healthy,True,True
1175,195,70.0,HIGH,Healthy,HIGH,True,Healthy,True,True
1147,324,70.0,HIGH,Healthy,HIGH,True,Healthy,True,True
1071,324,70.0,HIGH,Healthy,HIGH,True,Healthy,True,True
1144,235,70.0,HIGH,Healthy,HIGH,True,Healthy,True,True
1052,205,70.0,HIGH,Healthy,HIGH,True,Healthy,True,True
1130,331,70.0,HIGH,Healthy,HIGH,True,Healthy,True,True
1181,128,70.0,HIGH,Healthy,HIGH,True,Healthy,True,True
1122,318,70.0,HIGH,Healthy,HIGH,True,Healthy,True,True
1134,135,70.0,HIGH,Healthy,HIGH,True,Healthy,True,True
1136,123,70.0,HIGH,Healthy,HIGH,True,Healthy,True,True
1126,312,70.0,HIGH,Healthy,HIGH,True,Healthy,True,True
1045,198,70.0,HIGH,Healthy,HIGH,True,Healthy,True,True
1022,185,70.0,HIGH,Healthy,HIGH,True,Healthy,True,True
1129,148,70.0,HIGH,Healthy,HIGH,True,Healthy,True,True
1165,203,70.0,HIGH,Healthy,HIGH,True,Healthy,True,True
1040,208,70.0,HIGH,Healthy,HIGH,True,Healthy,True,True
1043,169,70.0,HIGH,Healthy,HIGH,True,Healthy,True,True
1060,252,70.0,HIGH,Healthy,HIGH,True,Healthy,True,True
1164,206,70.0,HIGH,Healthy,HIGH,True,Healthy,True,True
1190,261,70.0,HIGH,Healthy,HIGH,True,Healthy,True,True
1001,111,70.0,HIGH,Healthy,HIGH,True,Healthy,True,True
1005,103,70.0,HIGH,Healthy,HIGH,True,Healthy,True,True
1112,224,70.0,HIGH,Healthy,HIGH,True,Healthy,True,True
1021,307,70.0,HIGH,Healthy,HIGH,True,Healthy,True,True
1020,291,70.0,HIGH,Healthy,HIGH,True,Healthy,True,True
1114,84,70.0,HIGH,Healthy,HIGH,True,Healthy,True,True
1101,198,70.0,HIGH,Healthy,HIGH,True,Healthy,True,True
1166,363,70.0,HIGH,Healthy,HIGH,True,Healthy,True,True
1178,340,70.0,HIGH,Healthy,HIGH,True,Healthy,True,True
1065,149,70.0,HIGH,Healthy,HIGH,True,Healthy,True,True
1128,390,70.0,HIGH,Healthy,HIGH,True,Healthy,True,True
1057,261,70.0,HIGH,Healthy,HIGH,True,Healthy,True,True
1053,152,70.0,HIGH,Healthy,HIGH,True,Healthy,True,True
1132,271,70.0,HIGH,Healthy,HIGH,True,Healthy,True,True
1186,270,70.0,HIGH,Healthy,HIGH,True,Healthy,True,True
1061,157,70.0,HIGH,Healthy,HIGH,True,Healthy,True,True
1146,250,70.0,HIGH,Healthy,HIGH,True,Healthy,True,True
1064,225,70.0,HIGH,Healthy,HIGH,True,Healthy,True,True
1004,371,70.0,HIGH,Healthy,HIGH,True,Healthy,True,True
1015,123,70.0,HIGH,Healthy,HIGH,True,Healthy,True,True
1033,173,70.0,HIGH,Healthy,HIGH,True,Healthy,True,True
1117,135,70.0,HIGH,Healthy,HIGH,True,Healthy,True,True
1041,240,70.0,HIGH,Healthy,HIGH,True,Healthy,True,True
1191,123,70.0,HIGH,Healthy,HIGH,True,Healthy,True,True
1050,133,70.0,HIGH,Healthy,HIGH,True,Healthy,True,True
1052,132,70.0,HIGH,Healthy,HIGH,True,Healthy,True,True
1081,252,70.0,HIGH,Healthy,HIGH,True,Healthy,True,True
1009,131,70.0,HIGH,Healthy,HIGH,True,Healthy,True,True
1179,181,70.0,HIGH,Healthy,HIGH,True,Healthy,True,True
1125,261,70.0,HIGH,Healthy,HIGH,True,Healthy,True,True
1076,188,70.0,HIGH,Healthy,HIGH,True,Healthy,True,True
1173,162,70.0,HIGH,Healthy,HIGH,True,Healthy,True,True
1085,236,70.0,HIGH,Healthy,HIGH,True,Healthy,True,True
1063,233,70.0,HIGH,Healthy,HIGH,True,Healthy,True,True
1071,377,70.0,HIGH,Healthy,HIGH,True,Healthy,True,True
1077,170,70.0,HIGH,Healthy,HIGH,True,Healthy,True,True
1038,188,70.0,HIGH,Healthy,HIGH,True,Healthy,True,True
1090,213,70.0,HIGH,Healthy,HIGH,True,Healthy,True,True
1093,242,70.0,HIGH,Healthy,HIGH,True,Healthy,True,True
1075,269,70.0,HIGH,Healthy,HIGH,True,Healthy,True,True
1155,197,70.0,HIGH,Healthy,HIGH,True,Healthy,True,True
1026,240,70.0,HIGH,Healthy,HIGH,True,Healthy,True,True
1062,170,70.0,HIGH,Healthy,HIGH,True,Healthy,True,True
1118,306,70.0,HIGH,Healthy,HIGH,True,Healthy,True,True
1177,335,70.0,HIGH,Healthy,HIGH,True,Healthy,True,True
1106,246,70.0,HIGH,Healthy,HIGH,True,Healthy,True,True
1159,165,70.0,HIGH,Healthy,HIGH,True,Healthy,True,True
1105,250,70.0,HIGH,Healthy,HIGH,True,Healthy,True,True
1200,242,70.0,HIGH,Healthy,HIGH,True,Healthy,True,True
1100,174,70.0,HIGH,Healthy,HIGH,True,Healthy,True,True
1139,150,70.0,HIGH,Healthy,HIGH,True,Healthy,True,True
1131,186,70.0,HIGH,Healthy,HIGH,True,Healthy,True,True
1174,95,70.0,HIGH,Healthy,HIGH,True,Healthy,True,True
1147,258,70.0,HIGH,Healthy,HIGH,True,Healthy,True,True
1046,125,70.0,HIGH,Healthy,HIGH,True,Healthy,True,True
1070,310,70.0,HIGH,Healthy,HIGH,True,Healthy,True,True
1187,131,70.0,HIGH,Healthy,HIGH,True,Healthy,True,True
1099,209,70.0,HIGH,Healthy,HIGH,True,Healthy,True,True
1113,272,70.0,HIGH,Healthy,HIGH,True,Healthy,True,True
1108,231,70.0,HIGH,Healthy,HIGH,True,Healthy,True,True
1137,188,70.0,HIGH,Healthy,HIGH,True,Healthy,True,True
1084,218,70.0,HIGH,Healthy,HIGH,True,Healthy,True,True
1157,93,70.0,HIGH,Healthy,HIGH,True,Healthy,True,True
1180,156,70.0,HIGH,Healthy,HIGH,True,Healthy,True,True
1034,131,70.0,HIGH,Healthy,HIGH,True,Healthy,True,True
1192,187,70.0,HIGH,Healthy,HIGH,True,Healthy,True,True
1010,416,70.0,HIGH,Healthy,HIGH,True,Healthy,True,True
1094,265,70.0,HIGH,Healthy,HIGH,True,Healthy,True,True
1014,217,70.0,HIGH,Healthy,HIGH,True,Healthy,True,True
1104,373,70.0,HIGH,Healthy,HIGH,True,Healthy,True,True
1072,203,70.0,HIGH,Healthy,HIGH,True,Healthy,True,True
1162,242,70.0,HIGH,Healthy,HIGH,True,Healthy,True,True
1102,171,70.0,HIGH,Healthy,HIGH,True,Healthy,True,True
1170,164,70.0,HIGH,Healthy,HIGH,True,Healthy,True,True
1044,198,70.0,HIGH,Healthy,HIGH,True,Healthy,True,True
1095,201,70.0,HIGH,Healthy,HIGH,True,Healthy,True,True
1176,345,70.0,HIGH,Healthy,HIGH,True,Healthy,True,True
1092,150,70.0,HIGH,Healthy,HIGH,True,Healthy,True,True
1006,316,70.0,HIGH,Healthy,HIGH,True,Healthy,True,True
1103,316,70.0,HIGH,Healthy,HIGH,True,Healthy,True,True
1017,233,70.0,HIGH,Healthy,HIGH,True,Healthy,True,True
1047,237,70.0,HIGH,Healthy,HIGH,True,Healthy,True,True
1073,154,70.0,HIGH,Healthy,HIGH,True,Healthy,True,True
1049,173,70.0,HIGH,Healthy,HIGH,True,Healthy,True,True
1143,161,70.0,HIGH,Healthy,HIGH,True,Healthy,True,True
1087,133,70.0,HIGH,Healthy,HIGH,True,Healthy,True,True
1042,300,70.0,HIGH,Healthy,HIGH,True,Healthy,True,True
1012,353,70.0,HIGH,Healthy,HIGH,True,Healthy,True,True
1199,129,70.0,HIGH,Healthy,HIGH,True,Healthy,True,True
1119,327,70.0,HIGH,Healthy,HIGH,True,Healthy,True,True
1198,120,70.0,HIGH,Healthy,HIGH,True,Healthy,True,True
1069,321,70.0,HIGH,Healthy,HIGH,True,Healthy,True,True
1037,80,70.0,HIGH,Healthy,HIGH,True,Healthy,True,True
1068,84,70.0,HIGH,Healthy,HIGH,True,Healthy,True,True
1163,229,70.0,HIGH,Healthy,HIGH,True,Healthy,True,True
1002,139,70.0,HIGH,Healthy,HIGH,True,Healthy,True,True
1032,346,70.0,HIGH,Healthy,HIGH,True,Healthy,True,True
1193,364,70.0,HIGH,Healthy,HIGH,True,Healthy,True,True
1097,129,70.0,HIGH,Healthy,HIGH,True,Healthy,True,True
1054,155,70.0,HIGH,Healthy,HIGH,True,Healthy,True,True
1168,159,70.0,HIGH,Healthy,HIGH,True,Healthy,True,True
1080,204,70.0,HIGH,Healthy,HIGH,True,Healthy,True,True
1058,248,70.0,HIGH,Healthy,HIGH,True,Healthy,True,True
1051,87,70.0,HIGH,Healthy,HIGH,True,Healthy,True,True
1029,277,70.0,HIGH,Healthy,HIGH,True,Healthy,True,True
1109,168,70.0,HIGH,Healthy,HIGH,True,Healthy,True,True
1089,166,70.0,HIGH,Healthy,HIGH,True,Healthy,True,True
1086,295,70.0,HIGH,Healthy,HIGH,True,Healthy,True,True
1013,291,70.0,HIGH,Healthy,HIGH,True,Healthy,True,True
1133,153,70.0,HIGH,Healthy,HIGH,True,Healthy,True,True
1048,353,70.0,HIGH,Healthy,HIGH,True,Healthy,True,True
1144,259,70.0,HIGH,Healthy,HIGH,True,Healthy,True,True
1156,292,70.0,HIGH,Healthy,HIGH,True,Healthy,True,True
1167,262,70.0,HIGH,Healthy,HIGH,True,Healthy,True,True
1008,292,70.0,HIGH,Healthy,HIGH,True,Healthy,True,True
1030,197,70.0,HIGH,Healthy,HIGH,True,Healthy,True,True
1024,308,70.0,HIGH,Healthy,HIGH,True,Healthy,True,True
1153,112,70.0,HIGH,Healthy,HIGH,True,Healthy,True,True
1123,297,70.0,HIGH,Healthy,HIGH,True,Healthy,True,True
1018,161,70.0,HIGH,Healthy,HIGH,True,Healthy,True,True
1160,283,70.0,HIGH,Healthy,HIGH,True,Healthy,True,True
1148,180,70.0,HIGH,Healthy,HIGH,True,Healthy,True,True
1141,308,70.0,HIGH,Healthy,HIGH,True,Healthy,True,True
1088,96,70.0,HIGH,Healthy,HIGH,True,Healthy,True,True
1172,128,70.0,HIGH,Healthy,HIGH,True,Healthy,True,True
1124,285,70.0,HIGH,Healthy,HIGH,True,Healthy,True,True
1110,338,70.0,HIGH,Healthy,HIGH,True,Healthy,True,True
1111,204,70.0,HIGH,Healthy,HIGH,True,Healthy,True,True
1184,258,70.0,HIGH,Healthy,HIGH,True,Healthy,True,True
1079,315,70.0,HIGH,Healthy,HIGH,True,Healthy,True,True
1036,75,70.0,HIGH,Healthy,HIGH,True,Healthy,True,True
1067,303,70.0,HIGH,Healthy,HIGH,True,Healthy,True,True
1031,282,70.0,HIGH,Healthy,HIGH,True,Healthy,True,True
1082,161,70.0,HIGH,Healthy,HIGH,True,Healthy,True,True
1011,238,70.0,HIGH,Healthy,HIGH,True,Healthy,True,True
1138,140,70.0,HIGH,Healthy,HIGH,True,Healthy,True,True
1175,200,70.0,HIGH,Healthy,HIGH,True,Healthy,True,True
1169,234,70.0,HIGH,Healthy,HIGH,True,Healthy,True,True
1171,161,70.0,HIGH,Healthy,HIGH,True,Healthy,True,True
1056,270,70.0,HIGH,Healthy,HIGH,True,Healthy,True,True
1035,137,70.0,HIGH,Healthy,HIGH,True,Healthy,True,True
1116,205,70.0,HIGH,Healthy,HIGH,True,Healthy,True,True
1074,255,70.0,HIGH,Healthy,HIGH,True,Healthy,True,True
1145,232,70.0,HIGH,Healthy,HIGH,True,Healthy,True,True
1140,108,70.0,HIGH,Healthy,HIGH,True,Healthy,True,True
1083,138,70.0,HIGH,Healthy,HIGH,True,Healthy,True,True
1183,156,70.0,HIGH,Healthy,HIGH,True,Healthy,True,True
1096,88,70.0,HIGH,Healthy,HIGH,True,Healthy,True,True
1150,177,70.0,HIGH,Healthy,HIGH,True,Healthy,True,True
1107,164,70.0,HIGH,Healthy,HIGH,True,Healthy,True,True
1152,202,70.0,HIGH,Healthy,HIGH,True,Healthy,True,True
1194,137,70.0,HIGH,Healthy,HIGH,True,Healthy,True,True
1066,119,70.0,HIGH,Healthy,HIGH,True,Healthy,True,True
1023,258,70.0,HIGH,Healthy,HIGH,True,Healthy,True,True
1149,182,70.0,HIGH,Healthy,HIGH,True,Healthy,True,True
1039,318,70.0,HIGH,Healthy,HIGH,True,Healthy,True,True
1028,170,70.0,HIGH,Healthy,HIGH,True,Healthy,True,True
1016,250,70.0,HIGH,Healthy,HIGH,True,Healthy,True,True
1151,130,70.0,HIGH,Healthy,HIGH,True,Healthy,True,True
1161,144,70.0,HIGH,Healthy,HIGH,True,Healthy,True,True
1154,163,70.0,HIGH,Healthy,HIGH,True,Healthy,True,True
1055,252,70.0,HIGH,Healthy,HIGH,True,Healthy,True,True
1142,136,70.0,HIGH,Healthy,HIGH,True,Healthy,True,True
1059,134,70.0,HIGH,Healthy,HIGH,True,Healthy,True,True
1121,347,70.0,HIGH,Healthy,HIGH,True,Healthy,True,True
1189,101,70.0,HIGH,Healthy,HIGH,True,Healthy,True,True
1127,385,70.0,HIGH,Healthy,HIGH,True,Healthy,True,True
1098,171,70.0,HIGH,Healthy,HIGH,True,Healthy,True,True
1197,108,70.0,HIGH,Healthy,HIGH,True,Healthy,True,True
1130,302,70.0,HIGH,Healthy,HIGH,True,Healthy,True,True
1181,109,70.0,HIGH,Healthy,HIGH,True,Healthy,True,True
1135,232,70.0,HIGH,Healthy,HIGH,True,Healthy,True,True
1115,249,70.0,HIGH,Healthy,HIGH,True,Healthy,True,True
1091,280,70.0,HIGH,Healthy,HIGH,True,Healthy,True,True
1195,170,70.0,HIGH,Healthy,HIGH,True,Healthy,True,True
1003,261,70.0,HIGH,Healthy,HIGH,True,Healthy,True,True
1158,152,70.0,HIGH,Healthy,HIGH,True,Healthy,True,True
1160,269,70.0,HIGH,Healthy,HIGH,True,Healthy,True,True
1126,364,70.0,HIGH,Healthy,HIGH,True,Healthy,True,True
1030,218,70.0,HIGH,Healthy,HIGH,True,Healthy,True,True
1059,135,70.0,HIGH,Healthy,HIGH,True,Healthy,True,True
1010,241,70.0,HIGH,Healthy,HIGH,True,Healthy,True,True
1115,264,70.0,HIGH,Healthy,HIGH,True,Healthy,True,True
1124,154,70.0,HIGH,Healthy,HIGH,True,Healthy,True,True
1122,150,70.0,HIGH,Healthy,HIGH,True,Healthy,True,True
1058,156,70.0,HIGH,Healthy,HIGH,True,Healthy,True,True
1165,147,70.0,HIGH,Healthy,HIGH,True,Healthy,True,True
1024,152,70.0,HIGH,Healthy,HIGH,True,Healthy,True,True
1104,404,70.0,HIGH,Healthy,HIGH,True,Healthy,True,True
1035,70,70.0,HIGH,Healthy,HIGH,True,Healthy,True,True
1190,307,70.0,HIGH,Healthy,HIGH,True,Healthy,True,True
1086,290,70.0,HIGH,Healthy,HIGH,True,Healthy,True,True
1061,281,70.0,HIGH,Healthy,HIGH,True,Healthy,True,True
1121,275,70.0,HIGH,Healthy,HIGH,True,Healthy,True,True
1060,120,70.0,HIGH,Healthy,HIGH,True,Healthy,True,True
1112,149,70.0,HIGH,Healthy,HIGH,True,Healthy,True,True
1156,131,70.0,HIGH,Healthy,HIGH,True,Healthy,True,True
1064,268,70.0,HIGH,Healthy,HIGH,True,Healthy,True,True
1172,197,70.0,HIGH,Healthy,HIGH,True,Healthy,True,True
1008,291,70.0,HIGH,Healthy,HIGH,True,Healthy,True,True
1014,323,70.0,HIGH,Healthy,HIGH,True,Healthy,True,True
1063,196,70.0,HIGH,Healthy,HIGH,True,Healthy,True,True
1139,154,70.0,HIGH,Healthy,HIGH,True,Healthy,True,True
1080,241,70.0,HIGH,Healthy,HIGH,True,Healthy,True,True
1081,272,70.0,HIGH,Healthy,HIGH,True,Healthy,True,True
1050,131,70.0,HIGH,Healthy,HIGH,True,Healthy,True,True
1011,179,70.0,HIGH,Healthy,HIGH,True,Healthy,True,True
1027,247,70.0,HIGH,Healthy,HIGH,True,Healthy,True,True
1077,166,70.0,HIGH,Healthy,HIGH,True,Healthy,True,True
1047,258,70.0,HIGH,Healthy,HIGH,True,Healthy,True,True
1136,185,70.0,HIGH,Healthy,HIGH,True,Healthy,True,True
1144,181,70.0,HIGH,Healthy,HIGH,True,Healthy,True,True
1188,434,70.0,HIGH,Healthy,HIGH,True,Healthy,True,True
1042,329,70.0,HIGH,Healthy,HIGH,True,Healthy,True,True
1090,320,70.0,HIGH,Healthy,HIGH,True,Healthy,True,True
1125,159,70.0,HIGH,Healthy,HIGH,True,Healthy,True,True
1166,303,70.0,HIGH,Healthy,HIGH,True,Healthy,True,True
1186,118,70.0,HIGH,Healthy,HIGH,True,Healthy,True,True
1099,148,70.0,HIGH,Healthy,HIGH,True,Healthy,True,True
1142,194,70.0,HIGH,Healthy,HIGH,True,Healthy,True,True
1038,115,70.0,HIGH,Healthy,HIGH,True,Healthy,True,True
1196,287,70.0,HIGH,Healthy,HIGH,True,Healthy,True,True
1138,239,70.0,HIGH,Healthy,HIGH,True,Healthy,True,True
1017,230,70.0,HIGH,Healthy,HIGH,True,Healthy,True,True
1012,368,70.0,HIGH,Healthy,HIGH,True,Healthy,True,True
1178,221,70.0,HIGH,Healthy,HIGH,True,Healthy,True,True
1148,146,70.0,HIGH,Healthy,HIGH,True,Healthy,True,True
1057,260,70.0,HIGH,Healthy,HIGH,True,Healthy,True,True
1132,235,70.0,HIGH,Healthy,HIGH,True,Healthy,True,True
1159,174,70.0,HIGH,Healthy,HIGH,True,Healthy,True,True
1071,187,70.0,HIGH,Healthy,HIGH,True,Healthy,True,True
1193,148,70.0,HIGH,Healthy,HIGH,True,Healthy,True,True
1127,218,70.0,HIGH,Healthy,HIGH,True,Healthy,True,True
1111,152,70.0,HIGH,Healthy,HIGH,True,Healthy,True,True
1131,299,70.0,HIGH,Healthy,HIGH,True,Healthy,True,True
1004,356,70.0,HIGH,Healthy,HIGH,True,Healthy,True,True
1049,209,70.0,HIGH,Healthy,HIGH,True,Healthy,True,True
1170,213,70.0,HIGH,Healthy,HIGH,True,Healthy,True,True
1141,161,70.0,HIGH,Healthy,HIGH,True,Healthy,True,True
1015,185,70.0,HIGH,Healthy,HIGH,True,Healthy,True,True
1006,251,70.0,HIGH,Healthy,HIGH,True,Healthy,True,True
1168,332,70.0,HIGH,Healthy,HIGH,True,Healthy,True,True
1150,121,70.0,HIGH,Healthy,HIGH,True,Healthy,True,True
1074,217,70.0,HIGH,Healthy,HIGH,True,Healthy,True,True
1092,114,70.0,HIGH,Healthy,HIGH,True,Healthy,True,True
1105,230,70.0,HIGH,Healthy,HIGH,True,Healthy,True,True
1067,227,70.0,HIGH,Healthy,HIGH,True,Healthy,True,True
1045,158,70.0,HIGH,Healthy,HIGH,True,Healthy,True,True
1069,248,70.0,HIGH,Healthy,HIGH,True,Healthy,True,True
1072,153,70.0,HIGH,Healthy,HIGH,True,Healthy,True,True
1003,120,70.0,HIGH,Healthy,HIGH,True,Healthy,True,True
1113,154,70.0,HIGH,Healthy,HIGH,True,Healthy,True,True
1078,143,70.0,HIGH,Healthy,HIGH,True,Healthy,True,True
1176,332,70.0,HIGH,Healthy,HIGH,True,Healthy,True,True
1147,274,70.0,HIGH,Healthy,HIGH,True,Healthy,True,True
1183,134,70.0,HIGH,Healthy,HIGH,True,Healthy,True,True
1173,194,70.0,HIGH,Healthy,HIGH,True,Healthy,True,True
1154,213,70.0,HIGH,Healthy,HIGH,True,Healthy,True,True
1194,189,70.0,HIGH,Healthy,HIGH,True,Healthy,True,True
1102,305,70.0,HIGH,Healthy,HIGH,True,Healthy,True,True
1145,119,70.0,HIGH,Healthy,HIGH,True,Healthy,True,True
1100,153,70.0,HIGH,Healthy,HIGH,True,Healthy,True,True
1117,306,70.0,HIGH,Healthy,HIGH,True,Healthy,True,True
1094,413,70.0,HIGH,Healthy,HIGH,True,Healthy,True,True
1157,199,70.0,HIGH,Healthy,HIGH,True,Healthy,True,True
1200,220,70.0,HIGH,Healthy,HIGH,True,Healthy,True,True
1048,245,70.0,HIGH,Healthy,HIGH,True,Healthy,True,True
1175,121,70.0,HIGH,Healthy,HIGH,True,Healthy,True,True
1007,169,70.0,HIGH,Healthy,HIGH,True,Healthy,True,True
1106,269,70.0,HIGH,Healthy,HIGH,True,Healthy,True,True
1197,181,70.0,HIGH,Healthy,HIGH,True,Healthy,True,True
1021,378,70.0,HIGH,Healthy,HIGH,True,Healthy,True,True
1185,167,70.0,HIGH,Healthy,HIGH,True,Healthy,True,True
1184,146,70.0,HIGH,Healthy,HIGH,True,Healthy,True,True
1041,241,70.0,HIGH,Healthy,HIGH,True,Healthy,True,True
1155,178,70.0,HIGH,Healthy,HIGH,True,Healthy,True,True
1019,172,70.0,HIGH,Healthy,HIGH,True,Healthy,True,True
1195,126,70.0,HIGH,Healthy,HIGH,True,Healthy,True,True
1068,120,70.0,HIGH,Healthy,HIGH,True,Healthy,True,True
1109,103,70.0,HIGH,Healthy,HIGH,True,Healthy,True,True
1134,94,70.0,HIGH,Healthy,HIGH,True,Healthy,True,True
1062,188,70.0,HIGH,Healthy,HIGH,True,Healthy,True,True
1065,176,70.0,HIGH,Healthy,HIGH,True,Healthy,True,True
1032,250,70.0,HIGH,Healthy,HIGH,True,Healthy,True,True
1116,288,70.0,HIGH,Healthy,HIGH,True,Healthy,True,True
1073,99,70.0,HIGH,Healthy,HIGH,True,Healthy,True,True
1085,296,70.0,HIGH,Healthy,HIGH,True,Healthy,True,True
1143,262,70.0,HIGH,Healthy,HIGH,True,Healthy,True,True
1091,245,70.0,HIGH,Healthy,HIGH,True,Healthy,True,True
1110,247,70.0,HIGH,Healthy,HIGH,True,Healthy,True,True
1088,174,70.0,HIGH,Healthy,HIGH,True,Healthy,True,True
1033,180,70.0,HIGH,Healthy,HIGH,True,Healthy,True,True
1129,73,70.0,HIGH,Healthy,HIGH,True,Healthy,True,True
1053,311,70.0,HIGH,Healthy,HIGH,True,Healthy,True,True
1044,340,70.0,HIGH,Healthy,HIGH,True,Healthy,True,True
1135,233,70.0,HIGH,Healthy,HIGH,True,Healthy,True,True
1036,183,70.0,HIGH,Healthy,HIGH,True,Healthy,True,True
1093,182,70.0,HIGH,Healthy,HIGH,True,Healthy,True,True
1066,212,70.0,HIGH,Healthy,HIGH,True,Healthy,True,True
1149,151,70.0,HIGH,Healthy,HIGH,True,Healthy,True,True
1119,301,70.0,HIGH,Healthy,HIGH,True,Healthy,True,True
1180,301,70.0,HIGH,Healthy,HIGH,True,Healthy,True,True
1182,283,70.0,HIGH,Healthy,HIGH,True,Healthy,True,True
1089,123,70.0,HIGH,Healthy,HIGH,True,Healthy,True,True
1164,193,70.0,HIGH,Healthy,HIGH,True,Healthy,True,True
1108,142,70.0,HIGH,Healthy,HIGH,True,Healthy,True,True
1083,122,70.0,HIGH,Healthy,HIGH,True,Healthy,True,True
1039,353,70.0,HIGH,Healthy,HIGH,True,Healthy,True,True
1002,188,70.0,HIGH,Healthy,HIGH,True,Healthy,True,True
1001,200,70.0,HIGH,Healthy,HIGH,True,Healthy,True,True
1095,241,70.0,HIGH,Healthy,HIGH,True,Healthy,True,True
1199,179,70.0,HIGH,Healthy,HIGH,True,Healthy,True,True
1096,112,70.0,HIGH,Healthy,HIGH,True,Healthy,True,True
1189,186,70.0,HIGH,Healthy,HIGH,True,Healthy,True,True
1097,252,70.0,HIGH,Healthy,HIGH,True,Healthy,True,True
1162,264,70.0,HIGH,Healthy,HIGH,True,Healthy,True,True
1153,73,70.0,HIGH,Healthy,HIGH,True,Healthy,True,True
1130,155,70.0,HIGH,Healthy,HIGH,True,Healthy,True,True
1101,184,70.0,HIGH,Healthy,HIGH,True,Healthy,True,True
1120,305,70.0,HIGH,Healthy,HIGH,True,Healthy,True,True
1075,356,70.0,HIGH,Healthy,HIGH,True,Healthy,True,True
1056,160,70.0,HIGH,Healthy,HIGH,True,Healthy,True,True
1046,227,70.0,HIGH,Healthy,HIGH,True,Healthy,True,True
1043,111,70.0,HIGH,Healthy,HIGH,True,Healthy,True,True
1198,261,70.0,HIGH,Healthy,HIGH,True,Healthy,True,True
1187,266,70.0,HIGH,Healthy,HIGH,True,Healthy,True,True
1034,246,70.0,HIGH,Healthy,HIGH,True,Healthy,True,True
1005,167,70.0,HIGH,Healthy,HIGH,True,Healthy,True,True
1084,230,70.0,HIGH,Healthy,HIGH,True,Healthy,True,True
1016,411,70.0,HIGH,Healthy,HIGH,True,Healthy,True,True
1028,255,70.0,HIGH,Healthy,HIGH,True,Healthy,True,True
1023,184,70.0,HIGH,Healthy,HIGH,True,Healthy,True,True
1082,92,70.0,HIGH,Healthy,HIGH,True,Healthy,True,True
1152,265,70.0,HIGH,Healthy,HIGH,True,Healthy,True,True
1128,333,70.0,HIGH,Healthy,HIGH,True,Healthy,True,True
1079,255,70.0,HIGH,Healthy,HIGH,True,Healthy,True,True
1146,258,70.0,HIGH,Healthy,HIGH,True,Healthy,True,True
1191,256,70.0,HIGH,Healthy,HIGH,True,Healthy,True,True
1022,164,70.0,HIGH,Healthy,HIGH,True,Healthy,True,True
1018,277,70.0,HIGH,Healthy,HIGH,True,Healthy,True,True
1040,205,70.0,HIGH,Healthy,HIGH,True,Healthy,True,True
1169,241,70.0,HIGH,Healthy,HIGH,True,Healthy,True,True
1140,258,70.0,HIGH,Healthy,HIGH,True,Healthy,True,True
1037,72,70.0,HIGH,Healthy,HIGH,True,Healthy,True,True
1029,232,70.0,HIGH,Healthy,HIGH,True,Healthy,True,True
1137,151,70.0,HIGH,Healthy,HIGH,True,Healthy,True,True
1179,186,70.0,HIGH,Healthy,HIGH,True,Healthy,True,True
1054,324,70.0,HIGH,Healthy,HIGH,True,Healthy,True,True
1107,79,70.0,HIGH,Healthy,HIGH,True,Healthy,True,True
1087,137,70.0,HIGH,Healthy,HIGH,True,Healthy,True,True
1181,113,70.0,HIGH,Healthy,HIGH,True,Healthy,True,True
1076,177,70.0,HIGH,Healthy,HIGH,True,Healthy,True,True
1070,263,70.0,HIGH,Healthy,HIGH,True,Healthy,True,True
1098,166,70.0,HIGH,Healthy,HIGH,True,Healthy,True,True
1013,243,70.0,HIGH,Healthy,HIGH,True,Healthy,True,True
1174,155,70.0,HIGH,Healthy,HIGH,True,Healthy,True,True
1163,149,70.0,HIGH,Healthy,HIGH,True,Healthy,True,True
1055,216,70.0,HIGH,Healthy,HIGH,True,Healthy,True,True
1114,163,70.0,HIGH,Healthy,HIGH,True,Healthy,True,True
1103,326,70.0,HIGH,Healthy,HIGH,True,Healthy,True,True
1171,280,70.0,HIGH,Healthy,HIGH,True,Healthy,True,True
1009,114,70.0,HIGH,Healthy,HIGH,True,Healthy,True,True
1151,123,70.0,HIGH,Healthy,HIGH,True,Healthy,True,True
1161,80,70.0,HIGH,Healthy,HIGH,True,Healthy,True,True
1177,205,70.0,HIGH,Healthy,HIGH,True,Healthy,True,True
1123,229,70.0,HIGH,Healthy,HIGH,True,Healthy,True,True
1118,282,70.0,HIGH,Healthy,HIGH,True,Healthy,True,True
1158,324,70.0,HIGH,Healthy,HIGH,True,Healthy,True,True
1176,173,70.0,HIGH,Healthy,HIGH,True,Healthy,True,True
1016,123,70.0,HIGH,Healthy,HIGH,True,Healthy,True,True
1071,223,70.0,HIGH,Healthy,HIGH,True,Healthy,True,True
1015,136,70.0,HIGH,Healthy,HIGH,True,Healthy,True,True
1005,49,70.0,HIGH,Low,HIGH,True,Low,True,True
1035,101,70.0,HIGH,Healthy,HIGH,True,Healthy,True,True
1023,143,70.0,HIGH,Healthy,HIGH,True,Healthy,True,True
1177,140,70.0,HIGH,Healthy,HIGH,True,Healthy,True,True
1164,73,70.0,HIGH,Healthy,HIGH,True,Healthy,True,True
1072,96,70.0,HIGH,Healthy,HIGH,True,Healthy,True,True
1171,137,70.0,HIGH,Healthy,HIGH,True,Healthy,True,True
1133,95,70.0,HIGH,Healthy,HIGH,True,Healthy,True,True
1178,66,70.0,HIGH,Healthy,HIGH,True,Healthy,True,True
1151,94,70.0,HIGH,Healthy,HIGH,True,Healthy,True,True
1160,167,70.0,HIGH,Healthy,HIGH,True,Healthy,True,True
1126,83,70.0,HIGH,Healthy,HIGH,True,Healthy,True,True
1134,84,70.0,HIGH,Healthy,HIGH,True,Healthy,True,True
1198,141,70.0,HIGH,Healthy,HIGH,True,Healthy,True,True
1183,72,70.0,HIGH,Healthy,HIGH,True,Healthy,True,True
1199,100,70.0,HIGH,Healthy,HIGH,True,Healthy,True,True
1001,62,70.0,HIGH,Healthy,HIGH,True,Healthy,True,True
1186,87,70.0,HIGH,Healthy,HIGH,True,Healthy,True,True
1120,141,70.0,HIGH,Healthy,HIGH,True,Healthy,True,True
1065,92,70.0,HIGH,Healthy,HIGH,True,Healthy,True,True
1194,162,70.0,HIGH,Healthy,HIGH,True,Healthy,True,True
1188,116,70.0,HIGH,Healthy,HIGH,True,Healthy,True,True
1189,68,70.0,HIGH,Healthy,HIGH,True,Healthy,True,True
1006,136,70.0,HIGH,Healthy,HIGH,True,Healthy,True,True
1169,134,70.0,HIGH,Healthy,HIGH,True,Healthy,True,True
1080,158,70.0,HIGH,Healthy,HIGH,True,Healthy,True,True
1170,68,70.0,HIGH,Healthy,HIGH,True,Healthy,True,True
1057,97,70.0,HIGH,Healthy,HIGH,True,Healthy,True,True
1195,141,70.0,HIGH,Healthy,HIGH,True,Healthy,True,True
1060,132,70.0,HIGH,Healthy,HIGH,True,Healthy,True,True
1017,56,70.0,HIGH,Healthy,HIGH,True,Healthy,True,True
1034,123,70.0,HIGH,Healthy,HIGH,True,Healthy,True,True
1130,115,70.0,HIGH,Healthy,HIGH,True,Healthy,True,True
1190,85,70.0,HIGH,Healthy,HIGH,True,Healthy,True,True
1149,74,70.0,HIGH,Healthy,HIGH,True,Healthy,True,True
1200,157,70.0,HIGH,Healthy,HIGH,True,Healthy,True,True
1163,59,70.0,HIGH,Healthy,HIGH,True,Healthy,True,True
1114,38,70.0,HIGH,Low,HIGH,True,Low,True,True
1158,124,70.0,HIGH,Healthy,HIGH,True,Healthy,True,True
1104,205,70.0,HIGH,Healthy,HIGH,True,Healthy,True,True
1174,53,70.0,HIGH,Healthy,HIGH,True,Healthy,True,True
1184,135,70.0,HIGH,Healthy,HIGH,True,Healthy,True,True
1042,179,70.0,HIGH,Healthy,HIGH,True,Healthy,True,True
1105,148,70.0,HIGH,Healthy,HIGH,True,Healthy,True,True
1014,155,70.0,HIGH,Healthy,HIGH,True,Healthy,True,True
1075,62,70.0,HIGH,Healthy,HIGH,True,Healthy,True,True
1040,67,70.0,HIGH,Healthy,HIGH,True,Healthy,True,True
1157,82,70.0,HIGH,Healthy,HIGH,True,Healthy,True,True
1058,140,70.0,HIGH,Healthy,HIGH,True,Healthy,True,True
1045,104,70.0,HIGH,Healthy,HIGH,True,Healthy,True,True
1055,79,70.0,HIGH,Healthy,HIGH,True,Healthy,True,True
1138,84,70.0,HIGH,Healthy,HIGH,True,Healthy,True,True
1092,87,70.0,HIGH,Healthy,HIGH,True,Healthy,True,True
1175,52,70.0,HIGH,Healthy,HIGH,True,Healthy,True,True
1117,114,70.0,HIGH,Healthy,HIGH,True,Healthy,True,True
1110,128,70.0,HIGH,Healthy,HIGH,True,Healthy,True,True
1066,102,70.0,HIGH,Healthy,HIGH,True,Healthy,True,True
1139,65,70.0,HIGH,Healthy,HIGH,True,Healthy,True,True
1102,99,70.0,HIGH,Healthy,HIGH,True,Healthy,True,True
1049,54,70.0,HIGH,Healthy,HIGH,True,Healthy,True,True
1156,108,70.0,HIGH,Healthy,HIGH,True,Healthy,True,True
1100,36,70.0,HIGH,Low,HIGH,True,Low,True,True
1076,109,70.0,HIGH,Healthy,HIGH,True,Healthy,True,True
1051,50,70.0,HIGH,Low,HIGH,True,Low,True,True
1079,175,70.0,HIGH,Healthy,HIGH,True,Healthy,True,True
1056,138,70.0,HIGH,Healthy,HIGH,True,Healthy,True,True
1028,57,70.0,HIGH,Healthy,HIGH,True,Healthy,True,True
1029,160,70.0,HIGH,Healthy,HIGH,True,Healthy,True,True
1132,129,70.0,HIGH,Healthy,HIGH,True,Healthy,True,True
1125,92,70.0,HIGH,Healthy,HIGH,True,Healthy,True,True
1179,89,70.0,HIGH,Healthy,HIGH,True,Healthy,True,True
1044,123,70.0,HIGH,Healthy,HIGH,True,Healthy,True,True
1069,119,70.0,HIGH,Healthy,HIGH,True,Healthy,True,True
1081,160,70.0,HIGH,Healthy,HIGH,True,Healthy,True,True
1011,91,70.0,HIGH,Healthy,HIGH,True,Healthy,True,True
1037,95,70.0,HIGH,Healthy,HIGH,True,Healthy,True,True
1073,97,70.0,HIGH,Healthy,HIGH,True,Healthy,True,True
1083,57,70.0,HIGH,Healthy,HIGH,True,Healthy,True,True
1012,158,70.0,HIGH,Healthy,HIGH,True,Healthy,True,True
1159,75,70.0,HIGH,Healthy,HIGH,True,Healthy,True,True
1032,113,70.0,HIGH,Healthy,HIGH,True,Healthy,True,True
1116,86,70.0,HIGH,Healthy,HIGH,True,Healthy,True,True
1047,114,70.0,HIGH,Healthy,HIGH,True,Healthy,True,True
1067,148,70.0,HIGH,Healthy,HIGH,True,Healthy,True,True
1048,169,70.0,HIGH,Healthy,HIGH,True,Healthy,True,True
1025,63,70.0,HIGH,Healthy,HIGH,True,Healthy,True,True
1143,90,70.0,HIGH,Healthy,HIGH,True,Healthy,True,True
1192,58,70.0,HIGH,Healthy,HIGH,True,Healthy,True,True
1095,142,70.0,HIGH,Healthy,HIGH,True,Healthy,True,True
1122,105,70.0,HIGH,Healthy,HIGH,True,Healthy,True,True
1124,115,70.0,HIGH,Healthy,HIGH,True,Healthy,True,True
1128,77,70.0,HIGH,Healthy,HIGH,True,Healthy,True,True
1013,151,70.0,HIGH,Healthy,HIGH,True,Healthy,True,True
1059,54,70.0,HIGH,Healthy,HIGH,True,Healthy,True,True
1129,82,70.0,HIGH,Healthy,HIGH,True,Healthy,True,True
1097,168,70.0,HIGH,Healthy,HIGH,True,Healthy,True,True
1112,57,70.0,HIGH,Healthy,HIGH,True,Healthy,True,True
1182,178,70.0,HIGH,Healthy,HIGH,True,Healthy,True,True
1119,165,70.0,HIGH,Healthy,HIGH,True,Healthy,True,True
1030,153,70.0,HIGH,Healthy,HIGH,True,Healthy,True,True
1053,64,70.0,HIGH,Healthy,HIGH,True,Healthy,True,True
1054,171,70.0,HIGH,Healthy,HIGH,True,Healthy,True,True
1136,115,70.0,HIGH,Healthy,HIGH,True,Healthy,True,True
1074,57,70.0,HIGH,Healthy,HIGH,True,Healthy,True,True
1041,66,70.0,HIGH,Healthy,HIGH,True,Healthy,True,True
1180,85,70.0,HIGH,Healthy,HIGH,True,Healthy,True,True
1144,73,70.0,HIGH,Healthy,HIGH,True,Healthy,True,True
1185,51,70.0,HIGH,Healthy,HIGH,True,Healthy,True,True
1022,52,70.0,HIGH,Healthy,HIGH,True,Healthy,True,True
1008,100,70.0,HIGH,Healthy,HIGH,True,Healthy,True,True
1087,160,70.0,HIGH,Healthy,HIGH,True,Healthy,True,True
1127,155,70.0,HIGH,Healthy,HIGH,True,Healthy,True,True
1096,57,70.0,HIGH,Healthy,HIGH,True,Healthy,True,True
1064,152,70.0,HIGH,Healthy,HIGH,True,Healthy,True,True
1021,114,70.0,HIGH,Healthy,HIGH,True,Healthy,True,True
1089,38,70.0,HIGH,Low,HIGH,True,Low,True,True
1187,126,70.0,HIGH,Healthy,HIGH,True,Healthy,True,True
1050,65,70.0,HIGH,Healthy,HIGH,True,Healthy,True,True
1165,89,70.0,HIGH,Healthy,HIGH,True,Healthy,True,True
1107,55,70.0,HIGH,Healthy,HIGH,True,Healthy,True,True
1181,134,70.0,HIGH,Healthy,HIGH,True,Healthy,True,True
1082,114,70.0,HIGH,Healthy,HIGH,True,Healthy,True,True
1148,118,70.0,HIGH,Healthy,HIGH,True,Healthy,True,True
1099,87,70.0,HIGH,Healthy,HIGH,True,Healthy,True,True
1046,134,70.0,HIGH,Healthy,HIGH,True,Healthy,True,True
1145,78,70.0,HIGH,Healthy,HIGH,True,Healthy,True,True
1166,185,70.0,HIGH,Healthy,HIGH,True,Healthy,True,True
1155,52,70.0,HIGH,Healthy,HIGH,True,Healthy,True,True
1084,76,70.0,HIGH,Healthy,HIGH,True,Healthy,True,True
1091,128,70.0,HIGH,Healthy,HIGH,True,Healthy,True,True
1061,144,70.0,HIGH,Healthy,HIGH,True,Healthy,True,True
1142,92,70.0,HIGH,Healthy,HIGH,True,Healthy,True,True
1152,109,70.0,HIGH,Healthy,HIGH,True,Healthy,True,True
1039,175,70.0,HIGH,Healthy,HIGH,True,Healthy,True,True
1191,135,70.0,HIGH,Healthy,HIGH,True,Healthy,True,True
1147,142,70.0,HIGH,Healthy,HIGH,True,Healthy,True,True
1162,92,70.0,HIGH,Healthy,HIGH,True,Healthy,True,True
1020,110,70.0,HIGH,Healthy,HIGH,True,Healthy,True,True
1168,158,70.0,HIGH,Healthy,HIGH,True,Healthy,True,True
1007,70,70.0,HIGH,Healthy,HIGH,True,Healthy,True,True
1078,64,70.0,HIGH,Healthy,HIGH,True,Healthy,True,True
1026,90,70.0,HIGH,Healthy,HIGH,True,Healthy,True,True
1154,59,70.0,HIGH,Healthy,HIGH,True,Healthy,True,True
1002,148,70.0,HIGH,Healthy,HIGH,True,Healthy,True,True
1068,42,70.0,HIGH,Low,HIGH,True,Low,True,True
1033,76,70.0,HIGH,Healthy,HIGH,True,Healthy,True,True
1090,67,70.0,HIGH,Healthy,HIGH,True,Healthy,True,True
1004,161,70.0,HIGH,Healthy,HIGH,True,Healthy,True,True
1003,76,70.0,HIGH,Healthy,HIGH,True,Healthy,True,True
1109,96,70.0,HIGH,Healthy,HIGH,True,Healthy,True,True
1161,71,70.0,HIGH,Healthy,HIGH,True,Healthy,True,True
1027,60,70.0,HIGH,Healthy,HIGH,True,Healthy,True,True
1086,124,70.0,HIGH,Healthy,HIGH,True,Healthy,True,True
1141,168,70.0,HIGH,Healthy,HIGH,True,Healthy,True,True
1098,71,70.0,HIGH,Healthy,HIGH,True,Healthy,True,True
1167,199,70.0,HIGH,Healthy,HIGH,True,Healthy,True,True
1043,85,70.0,HIGH,Healthy,HIGH,True,Healthy,True,True
1172,50,70.0,HIGH,Low,HIGH,True,Low,True,True
1038,91,70.0,HIGH,Healthy,HIGH,True,Healthy,True,True
1024,97,70.0,HIGH,Healthy,HIGH,True,Healthy,True,True
1088,52,70.0,HIGH,Healthy,HIGH,True,Healthy,True,True
1115,63,70.0,HIGH,Healthy,HIGH,True,Healthy,True,True
1150,65,70.0,HIGH,Healthy,HIGH,True,Healthy,True,True
1093,161,70.0,HIGH,Healthy,HIGH,True,Healthy,True,True
1146,124,70.0,HIGH,Healthy,HIGH,True,Healthy,True,True
1063,143,70.0,HIGH,Healthy,HIGH,True,Healthy,True,True
1093,319,70.0,HIGH,Healthy,HIGH,True,Healthy,True,True
1025,173,70.0,HIGH,Healthy,HIGH,True,Healthy,True,True
1018,104,70.0,HIGH,Healthy,HIGH,True,Healthy,True,True
1183,141,70.0,HIGH,Healthy,HIGH,True,Healthy,True,True
1166,193,70.0,HIGH,Healthy,HIGH,True,Healthy,True,True
1074,274,70.0,HIGH,Healthy,HIGH,True,Healthy,True,True
1085,168,70.0,HIGH,Healthy,HIGH,True,Healthy,True,True
1005,178,70.0,HIGH,Healthy,HIGH,True,Healthy,True,True
1172,73,70.0,HIGH,Healthy,HIGH,True,Healthy,True,True
1157,130,70.0,HIGH,Healthy,HIGH,True,Healthy,True,True
1008,197,70.0,HIGH,Healthy,HIGH,True,Healthy,True,True
1138,142,70.0,HIGH,Healthy,HIGH,True,Healthy,True,True
1067,375,70.0,HIGH,Healthy,HIGH,True,Healthy,True,True
1124,223,70.0,HIGH,Healthy,HIGH,True,Healthy,True,True
1150,125,70.0,HIGH,Healthy,HIGH,True,Healthy,True,True
1194,258,70.0,HIGH,Healthy,HIGH,True,Healthy,True,True
1050,357,70.0,HIGH,Healthy,HIGH,True,Healthy,True,True
1126,292,70.0,HIGH,Healthy,HIGH,True,Healthy,True,True
1096,90,70.0,HIGH,Healthy,HIGH,True,Healthy,True,True
1184,355,70.0,HIGH,Healthy,HIGH,True,Healthy,True,True
1171,142,70.0,HIGH,Healthy,HIGH,True,Healthy,True,True
1142,126,70.0,HIGH,Healthy,HIGH,True,Healthy,True,True
1023,201,70.0,HIGH,Healthy,HIGH,True,Healthy,True,True
1173,123,70.0,HIGH,Healthy,HIGH,True,Healthy,True,True
1046,124,70.0,HIGH,Healthy,HIGH,True,Healthy,True,True
1062,216,70.0,HIGH,Healthy,HIGH,True,Healthy,True,True
1077,198,70.0,HIGH,Healthy,HIGH,True,Healthy,True,True
1083,125,70.0,HIGH,Healthy,HIGH,True,Healthy,True,True
1037,202,70.0,HIGH,Healthy,HIGH,True,Healthy,True,True
1020,279,70.0,HIGH,Healthy,HIGH,True,Healthy,True,True
1082,246,70.0,HIGH,Healthy,HIGH,True,Healthy,True,True
1195,180,70.0,HIGH,Healthy,HIGH,True,Healthy,True,True
1052,191,70.0,HIGH,Healthy,HIGH,True,Healthy,True,True
1026,217,70.0,HIGH,Healthy,HIGH,True,Healthy,True,True
1057,341,70.0,HIGH,Healthy,HIGH,True,Healthy,True,True
1024,202,70.0,HIGH,Healthy,HIGH,True,Healthy,True,True
1191,187,70.0,HIGH,Healthy,HIGH,True,Healthy,True,True
1092,122,70.0,HIGH,Healthy,HIGH,True,Healthy,True,True
1103,225,70.0,HIGH,Healthy,HIGH,True,Healthy,True,True
1030,204,70.0,HIGH,Healthy,HIGH,True,Healthy,True,True
1146,238,70.0,HIGH,Healthy,HIGH,True,Healthy,True,True
1040,90,70.0,HIGH,Healthy,HIGH,True,Healthy,True,True
1196,372,70.0,HIGH,Healthy,HIGH,True,Healthy,True,True
1003,200,70.0,HIGH,Healthy,HIGH,True,Healthy,True,True
1123,311,70.0,HIGH,Healthy,HIGH,True,Healthy,True,True
1007,147,70.0,HIGH,Healthy,HIGH,True,Healthy,True,True
1012,139,70.0,HIGH,Healthy,HIGH,True,Healthy,True,True
1081,287,70.0,HIGH,Healthy,HIGH,True,Healthy,True,True
1043,85,70.0,HIGH,Healthy,HIGH,True,Healthy,True,True
1042,222,70.0,HIGH,Healthy,HIGH,True,Healthy,True,True
1031,129,70.0,HIGH,Healthy,HIGH,True,Healthy,True,True
1091,146,70.0,HIGH,Healthy,HIGH,True,Healthy,True,True
1068,173,70.0,HIGH,Healthy,HIGH,True,Healthy,True,True
1148,146,70.0,HIGH,Healthy,HIGH,True,Healthy,True,True
1109,201,70.0,HIGH,Healthy,HIGH,True,Healthy,True,True
1136,215,70.0,HIGH,Healthy,HIGH,True,Healthy,True,True
1121,444,70.0,HIGH,Healthy,HIGH,True,Healthy,True,True
1193,282,70.0,HIGH,Healthy,HIGH,True,Healthy,True,True
1039,165,70.0,HIGH,Healthy,HIGH,True,Healthy,True,True
1178,371,70.0,HIGH,Healthy,HIGH,True,Healthy,True,True
1038,160,70.0,HIGH,Healthy,HIGH,True,Healthy,True,True
1084,179,70.0,HIGH,Healthy,HIGH,True,Healthy,True,True
1170,188,70.0,HIGH,Healthy,HIGH,True,Healthy,True,True
1051,175,70.0,HIGH,Healthy,HIGH,True,Healthy,True,True
1140,127,70.0,HIGH,Healthy,HIGH,True,Healthy,True,True
1176,311,70.0,HIGH,Healthy,HIGH,True,Healthy,True,True
1080,161,70.0,HIGH,Healthy,HIGH,True,Healthy,True,True
1139,254,70.0,HIGH,Healthy,HIGH,True,Healthy,True,True
1054,326,70.0,HIGH,Healthy,HIGH,True,Healthy,True,True
1076,197,70.0,HIGH,Healthy,HIGH,True,Healthy,True,True
1151,189,70.0,HIGH,Healthy,HIGH,True,Healthy,True,True
1079,258,70.0,HIGH,Healthy,HIGH,True,Healthy,True,True
1063,193,70.0,HIGH,Healthy,HIGH,True,Healthy,True,True
1019,95,70.0,HIGH,Healthy,HIGH,True,Healthy,True,True
1131,176,70.0,HIGH,Healthy,HIGH,True,Healthy,True,True
1105,163,70.0,HIGH,Healthy,HIGH,True,Healthy,True,True
1159,185,70.0,HIGH,Healthy,HIGH,True,Healthy,True,True
1133,95,70.0,HIGH,Healthy,HIGH,True,Healthy,True,True
1022,234,70.0,HIGH,Healthy,HIGH,True,Healthy,True,True
1164,127,70.0,HIGH,Healthy,HIGH,True,Healthy,True,True
1161,137,70.0,HIGH,Healthy,HIGH,True,Healthy,True,True
1013,448,70.0,HIGH,Healthy,HIGH,True,Healthy,True,True
1134,228,70.0,HIGH,Healthy,HIGH,True,Healthy,True,True
1060,213,70.0,HIGH,Healthy,HIGH,True,Healthy,True,True
1107,74,70.0,HIGH,Healthy,HIGH,True,Healthy,True,True
1132,315,70.0,HIGH,Healthy,HIGH,True,Healthy,True,True
1087,138,70.0,HIGH,Healthy,HIGH,True,Healthy,True,True
1182,245,70.0,HIGH,Healthy,HIGH,True,Healthy,True,True
1135,187,70.0,HIGH,Healthy,HIGH,True,Healthy,True,True
1058,269,70.0,HIGH,Healthy,HIGH,True,Healthy,True,True
1119,410,70.0,HIGH,Healthy,HIGH,True,Healthy,True,True
1059,190,70.0,HIGH,Healthy,HIGH,True,Healthy,True,True
1006,234,70.0,HIGH,Healthy,HIGH,True,Healthy,True,True
1186,303,70.0,HIGH,Healthy,HIGH,True,Healthy,True,True
1004,151,70.0,HIGH,Healthy,HIGH,True,Healthy,True,True
1147,140,70.0,HIGH,Healthy,HIGH,True,Healthy,True,True
1114,125,70.0,HIGH,Healthy,HIGH,True,Healthy,True,True
1049,72,70.0,HIGH,Healthy,HIGH,True,Healthy,True,True
1165,247,70.0,HIGH,Healthy,HIGH,True,Healthy,True,True
1128,376,70.0,HIGH,Healthy,HIGH,True,Healthy,True,True
1088,148,70.0,HIGH,Healthy,HIGH,True,Healthy,True,True
1011,111,70.0,HIGH,Healthy,HIGH,True,Healthy,True,True
1095,177,70.0,HIGH,Healthy,HIGH,True,Healthy,True,True
1175,106,70.0,HIGH,Healthy,HIGH,True,Healthy,True,True
1141,149,70.0,HIGH,Healthy,HIGH,True,Healthy,True,True
1112,127,70.0,HIGH,Healthy,HIGH,True,Healthy,True,True
1094,293,70.0,HIGH,Healthy,HIGH,True,Healthy,True,True
1098,93,70.0,HIGH,Healthy,HIGH,True,Healthy,True,True
1174,152,70.0,HIGH,Healthy,HIGH,True,Healthy,True,True
1065,75,70.0,HIGH,Healthy,HIGH,True,Healthy,True,True
1029,252,70.0,HIGH,Healthy,HIGH,True,Healthy,True,True
1064,220,70.0,HIGH,Healthy,HIGH,True,Healthy,True,True
1116,248,70.0,HIGH,Healthy,HIGH,True,Healthy,True,True
1118,123,70.0,HIGH,Healthy,HIGH,True,Healthy,True,True
1055,321,70.0,HIGH,Healthy,HIGH,True,Healthy,True,True
1071,447,70.0,HIGH,Healthy,HIGH,True,Healthy,True,True
1097,226,70.0,HIGH,Healthy,HIGH,True,Healthy,True,True
1016,192,70.0,HIGH,Healthy,HIGH,True,Healthy,True,True
1090,268,70.0,HIGH,Healthy,HIGH,True,Healthy,True,True
1106,254,70.0,HIGH,Healthy,HIGH,True,Healthy,True,True
1015,311,70.0,HIGH,Healthy,HIGH,True,Healthy,True,True
1070,415,70.0,HIGH,Healthy,HIGH,True,Healthy,True,True
1144,191,70.0,HIGH,Healthy,HIGH,True,Healthy,True,True
1197,92,70.0,HIGH,Healthy,HIGH,True,Healthy,True,True
1167,384,70.0,HIGH,Healthy,HIGH,True,Healthy,True,True
1187,250,70.0,HIGH,Healthy,HIGH,True,Healthy,True,True
1155,191,70.0,HIGH,Healthy,HIGH,True,Healthy,True,True
1033,162,70.0,HIGH,Healthy,HIGH,True,Healthy,True,True
1014,293,70.0,HIGH,Healthy,HIGH,True,Healthy,True,True
1048,244,70.0,HIGH,Healthy,HIGH,True,Healthy,True,True
1120,223,70.0,HIGH,Healthy,HIGH,True,Healthy,True,True
1115,139,70.0,HIGH,Healthy,HIGH,True,Healthy,True,True
1086,279,70.0,HIGH,Healthy,HIGH,True,Healthy,True,True
1179,138,70.0,HIGH,Healthy,HIGH,True,Healthy,True,True
1021,196,70.0,HIGH,Healthy,HIGH,True,Healthy,True,True
1044,274,70.0,HIGH,Healthy,HIGH,True,Healthy,True,True
1010,271,70.0,HIGH,Healthy,HIGH,True,Healthy,True,True
1177,171,70.0,HIGH,Healthy,HIGH,True,Healthy,True,True
1036,143,70.0,HIGH,Healthy,HIGH,True,Healthy,True,True
1035,88,70.0,HIGH,Healthy,HIGH,True,Healthy,True,True
1158,217,70.0,HIGH,Healthy,HIGH,True,Healthy,True,True
1163,222,70.0,HIGH,Healthy,HIGH,True,Healthy,True,True
1168,294,70.0,HIGH,Healthy,HIGH,True,Healthy,True,True
1108,263,70.0,HIGH,Healthy,HIGH,True,Healthy,True,True
1100,99,70.0,HIGH,Healthy,HIGH,True,Healthy,True,True
1156,118,70.0,HIGH,Healthy,HIGH,True,Healthy,True,True
1200,338,70.0,HIGH,Healthy,HIGH,True,Healthy,True,True
1002,111,70.0,HIGH,Healthy,HIGH,True,Healthy,True,True
1152,191,70.0,HIGH,Healthy,HIGH,True,Healthy,True,True
1001,168,70.0,HIGH,Healthy,HIGH,True,Healthy,True,True
1102,294,70.0,HIGH,Healthy,HIGH,True,Healthy,True,True
1198,113,70.0,HIGH,Healthy,HIGH,True,Healthy,True,True
1192,162,70.0,HIGH,Healthy,HIGH,True,Healthy,True,True
1089,134,70.0,HIGH,Healthy,HIGH,True,Healthy,True,True
1041,167,70.0,HIGH,Healthy,HIGH,True,Healthy,True,True
1130,231,70.0,HIGH,Healthy,HIGH,True,Healthy,True,True
1017,156,70.0,HIGH,Healthy,HIGH,True,Healthy,True,True
1154,243,70.0,HIGH,Healthy,HIGH,True,Healthy,True,True
1113,304,70.0,HIGH,Healthy,HIGH,True,Healthy,True,True
1162,150,70.0,HIGH,Healthy,HIGH,True,Healthy,True,True
1009,153,70.0,HIGH,Healthy,HIGH,True,Healthy,True,True
1066,263,70.0,HIGH,Healthy,HIGH,True,Healthy,True,True
1137,123,70.0,HIGH,Healthy,HIGH,True,Healthy,True,True
1185,270,70.0,HIGH,Healthy,HIGH,True,Healthy,True,True
1145,208,70.0,HIGH,Healthy,HIGH,True,Healthy,True,True
1056,228,70.0,HIGH,Healthy,HIGH,True,Healthy,True,True
1188,299,70.0,HIGH,Healthy,HIGH,True,Healthy,True,True
1117,148,70.0,HIGH,Healthy,HIGH,True,Healthy,True,True
1027,147,70.0,HIGH,Healthy,HIGH,True,Healthy,True,True
1122,146,70.0,HIGH,Healthy,HIGH,True,Healthy,True,True
1078,99,70.0,HIGH,Healthy,HIGH,True,Healthy,True,True
1189,73,70.0,HIGH,Healthy,HIGH,True,Healthy,True,True
1072,78,70.0,HIGH,Healthy,HIGH,True,Healthy,True,True
1061,150,70.0,HIGH,Healthy,HIGH,True,Healthy,True,True
1153,176,70.0,HIGH,Healthy,HIGH,True,Healthy,True,True
1160,128,70.0,HIGH,Healthy,HIGH,True,Healthy,True,True
1181,284,70.0,HIGH,Healthy,HIGH,True,Healthy,True,True
1105,191,70.0,HIGH,Healthy,HIGH,True,Healthy,True,True
1011,248,70.0,HIGH,Healthy,HIGH,True,Healthy,True,True
1002,185,70.0,HIGH,Healthy,HIGH,True,Healthy,True,True
1161,97,70.0,HIGH,Healthy,HIGH,True,Healthy,True,True
1115,192,70.0,HIGH,Healthy,HIGH,True,Healthy,True,True
1196,172,70.0,HIGH,Healthy,HIGH,True,Healthy,True,True
1012,292,70.0,HIGH,Healthy,HIGH,True,Healthy,True,True
1195,152,70.0,HIGH,Healthy,HIGH,True,Healthy,True,True
1159,208,70.0,HIGH,Healthy,HIGH,True,Healthy,True,True
1046,211,70.0,HIGH,Healthy,HIGH,True,Healthy,True,True
1040,76,70.0,HIGH,Healthy,HIGH,True,Healthy,True,True
1127,406,70.0,HIGH,Healthy,HIGH,True,Healthy,True,True
1073,189,70.0,HIGH,Healthy,HIGH,True,Healthy,True,True
1178,179,70.0,HIGH,Healthy,HIGH,True,Healthy,True,True
1058,252,70.0,HIGH,Healthy,HIGH,True,Healthy,True,True
1136,270,70.0,HIGH,Healthy,HIGH,True,Healthy,True,True
1050,245,70.0,HIGH,Healthy,HIGH,True,Healthy,True,True
1153,151,70.0,HIGH,Healthy,HIGH,True,Healthy,True,True
1104,391,70.0,HIGH,Healthy,HIGH,True,Healthy,True,True
1111,183,70.0,HIGH,Healthy,HIGH,True,Healthy,True,True
1081,199,70.0,HIGH,Healthy,HIGH,True,Healthy,True,True
1053,215,70.0,HIGH,Healthy,HIGH,True,Healthy,True,True
1010,152,70.0,HIGH,Healthy,HIGH,True,Healthy,True,True
1021,403,70.0,HIGH,Healthy,HIGH,True,Healthy,True,True
1116,123,70.0,HIGH,Healthy,HIGH,True,Healthy,True,True
1026,182,70.0,HIGH,Healthy,HIGH,True,Healthy,True,True
1041,180,70.0,HIGH,Healthy,HIGH,True,Healthy,True,True
1087,128,70.0,HIGH,Healthy,HIGH,True,Healthy,True,True
1029,308,70.0,HIGH,Healthy,HIGH,True,Healthy,True,True
1035,73,70.0,HIGH,Healthy,HIGH,True,Healthy,True,True
1132,226,70.0,HIGH,Healthy,HIGH,True,Healthy,True,True
1154,209,70.0,HIGH,Healthy,HIGH,True,Healthy,True,True
1114,105,70.0,HIGH,Healthy,HIGH,True,Healthy,True,True
1194,133,70.0,HIGH,Healthy,HIGH,True,Healthy,True,True
1064,132,70.0,HIGH,Healthy,HIGH,True,Healthy,True,True
1018,207,70.0,HIGH,Healthy,HIGH,True,Healthy,True,True
1145,232,70.0,HIGH,Healthy,HIGH,True,Healthy,True,True
1180,418,70.0,HIGH,Healthy,HIGH,True,Healthy,True,True
1179,151,70.0,HIGH,Healthy,HIGH,True,Healthy,True,True
1007,166,70.0,HIGH,Healthy,HIGH,True,Healthy,True,True
1078,73,70.0,HIGH,Healthy,HIGH,True,Healthy,True,True
1077,173,70.0,HIGH,Healthy,HIGH,True,Healthy,True,True
1167,185,70.0,HIGH,Healthy,HIGH,True,Healthy,True,True
1054,243,70.0,HIGH,Healthy,HIGH,True,Healthy,True,True
1024,156,70.0,HIGH,Healthy,HIGH,True,Healthy,True,True
1177,349,70.0,HIGH,Healthy,HIGH,True,Healthy,True,True
1121,421,70.0,HIGH,Healthy,HIGH,True,Healthy,True,True
1022,213,70.0,HIGH,Healthy,HIGH,True,Healthy,True,True
1060,112,70.0,HIGH,Healthy,HIGH,True,Healthy,True,True
1173,124,70.0,HIGH,Healthy,HIGH,True,Healthy,True,True
1128,416,70.0,HIGH,Healthy,HIGH,True,Healthy,True,True
1082,186,70.0,HIGH,Healthy,HIGH,True,Healthy,True,True
1166,165,70.0,HIGH,Healthy,HIGH,True,Healthy,True,True
1163,93,70.0,HIGH,Healthy,HIGH,True,Healthy,True,True
1187,146,70.0,HIGH,Healthy,HIGH,True,Healthy,True,True
1137,287,70.0,HIGH,Healthy,HIGH,True,Healthy,True,True
1061,240,70.0,HIGH,Healthy,HIGH,True,Healthy,True,True
1151,118,70.0,HIGH,Healthy,HIGH,True,Healthy,True,True
1119,402,70.0,HIGH,Healthy,HIGH,True,Healthy,True,True
1174,179,70.0,HIGH,Healthy,HIGH,True,Healthy,True,True
1032,343,70.0,HIGH,Healthy,HIGH,True,Healthy,True,True
1110,190,70.0,HIGH,Healthy,HIGH,True,Healthy,True,True
1147,238,70.0,HIGH,Healthy,HIGH,True,Healthy,True,True
1016,275,70.0,HIGH,Healthy,HIGH,True,Healthy,True,True
1028,254,70.0,HIGH,Healthy,HIGH,True,Healthy,True,True
1062,219,70.0,HIGH,Healthy,HIGH,True,Healthy,True,True
1124,324,70.0,HIGH,Healthy,HIGH,True,Healthy,True,True
1044,251,70.0,HIGH,Healthy,HIGH,True,Healthy,True,True
1102,213,70.0,HIGH,Healthy,HIGH,True,Healthy,True,True
1141,330,70.0,HIGH,Healthy,HIGH,True,Healthy,True,True
1197,126,70.0,HIGH,Healthy,HIGH,True,Healthy,True,True
1003,220,70.0,HIGH,Healthy,HIGH,True,Healthy,True,True
1146,309,70.0,HIGH,Healthy,HIGH,True,Healthy,True,True
1099,282,70.0,HIGH,Healthy,HIGH,True,Healthy,True,True
1182,347,70.0,HIGH,Healthy,HIGH,True,Healthy,True,True
1125,131,70.0,HIGH,Healthy,HIGH,True,Healthy,True,True
1157,176,70.0,HIGH,Healthy,HIGH,True,Healthy,True,True
1013,204,70.0,HIGH,Healthy,HIGH,True,Healthy,True,True
1088,116,70.0,HIGH,Healthy,HIGH,True,Healthy,True,True
1072,74,70.0,HIGH,Healthy,HIGH,True,Healthy,True,True
1139,277,70.0,HIGH,Healthy,HIGH,True,Healthy,True,True
1109,152,70.0,HIGH,Healthy,HIGH,True,Healthy,True,True
1083,271,70.0,HIGH,Healthy,HIGH,True,Healthy,True,True
1071,283,70.0,HIGH,Healthy,HIGH,True,Healthy,True,True
1148,126,70.0,HIGH,Healthy,HIGH,True,Healthy,True,True
1059,162,70.0,HIGH,Healthy,HIGH,True,Healthy,True,True
1200,325,70.0,HIGH,Healthy,HIGH,True,Healthy,True,True
1130,357,70.0,HIGH,Healthy,HIGH,True,Healthy,True,True
1144,106,70.0,HIGH,Healthy,HIGH,True,Healthy,True,True
1079,375,70.0,HIGH,Healthy,HIGH,True,Healthy,True,True
1164,100,70.0,HIGH,Healthy,HIGH,True,Healthy,True,True
1098,180,70.0,HIGH,Healthy,HIGH,True,Healthy,True,True
1006,184,70.0,HIGH,Healthy,HIGH,True,Healthy,True,True
1096,158,70.0,HIGH,Healthy,HIGH,True,Healthy,True,True
1045,83,70.0,HIGH,Healthy,HIGH,True,Healthy,True,True
1192,165,70.0,HIGH,Healthy,HIGH,True,Healthy,True,True
1191,185,70.0,HIGH,Healthy,HIGH,True,Healthy,True,True
1019,115,70.0,HIGH,Healthy,HIGH,True,Healthy,True,True
1042,226,70.0,HIGH,Healthy,HIGH,True,Healthy,True,True
1150,164,70.0,HIGH,Healthy,HIGH,True,Healthy,True,True
1185,247,70.0,HIGH,Healthy,HIGH,True,Healthy,True,True
1005,196,70.0,HIGH,Healthy,HIGH,True,Healthy,True,True
1138,161,70.0,HIGH,Healthy,HIGH,True,Healthy,True,True
1092,170,70.0,HIGH,Healthy,HIGH,True,Healthy,True,True
1038,207,70.0,HIGH,Healthy,HIGH,True,Healthy,True,True
1184,349,70.0,HIGH,Healthy,HIGH,True,Healthy,True,True
1075,252,70.0,HIGH,Healthy,HIGH,True,Healthy,True,True
1122,138,70.0,HIGH,Healthy,HIGH,True,Healthy,True,True
1057,297,70.0,HIGH,Healthy,HIGH,True,Healthy,True,True
1189,89,70.0,HIGH,Healthy,HIGH,True,Healthy,True,True
1101,359,70.0,HIGH,Healthy,HIGH,True,Healthy,True,True
1008,242,70.0,HIGH,Healthy,HIGH,True,Healthy,True,True
1074,162,70.0,HIGH,Healthy,HIGH,True,Healthy,True,True
1090,198,70.0,HIGH,Healthy,HIGH,True,Healthy,True,True
1009,73,70.0,HIGH,Healthy,HIGH,True,Healthy,True,True
1068,88,70.0,HIGH,Healthy,HIGH,True,Healthy,True,True
1067,295,70.0,HIGH,Healthy,HIGH,True,Healthy,True,True
1156,150,70.0,HIGH,Healthy,HIGH,True,Healthy,True,True
1049,137,70.0,HIGH,Healthy,HIGH,True,Healthy,True,True
1160,302,70.0,HIGH,Healthy,HIGH,True,Healthy,True,True
1004,185,70.0,HIGH,Healthy,HIGH,True,Healthy,True,True
1065,155,70.0,HIGH,Healthy,HIGH,True,Healthy,True,True
1120,173,70.0,HIGH,Healthy,HIGH,True,Healthy,True,True
1186,236,70.0,HIGH,Healthy,HIGH,True,Healthy,True,True
1143,316,70.0,HIGH,Healthy,HIGH,True,Healthy,True,True
1168,331,70.0,HIGH,Healthy,HIGH,True,Healthy,True,True
1027,239,70.0,HIGH,Healthy,HIGH,True,Healthy,True,True
1063,216,70.0,HIGH,Healthy,HIGH,True,Healthy,True,True
1175,202,70.0,HIGH,Healthy,HIGH,True,Healthy,True,True
1118,218,70.0,HIGH,Healthy,HIGH,True,Healthy,True,True
1095,148,70.0,HIGH,Healthy,HIGH,True,Healthy,True,True
1086,327,70.0,HIGH,Healthy,HIGH,True,Healthy,True,True
1085,127,70.0,HIGH,Healthy,HIGH,True,Healthy,True,True
1031,233,70.0,HIGH,Healthy,HIGH,True,Healthy,True,True
1113,225,70.0,HIGH,Healthy,HIGH,True,Healthy,True,True
1034,128,70.0,HIGH,Healthy,HIGH,True,Healthy,True,True
1129,194,70.0,HIGH,Healthy,HIGH,True,Healthy,True,True
1037,109,70.0,HIGH,Healthy,HIGH,True,Healthy,True,True
1097,194,70.0,HIGH,Healthy,HIGH,True,Healthy,True,True
1199,127,70.0,HIGH,Healthy,HIGH,True,Healthy,True,True
1093,352,70.0,HIGH,Healthy,HIGH,True,Healthy,True,True
1056,324,70.0,HIGH,Healthy,HIGH,True,Healthy,True,True
1170,179,70.0,HIGH,Healthy,HIGH,True,Healthy,True,True
1015,122,70.0,HIGH,Healthy,HIGH,True,Healthy,True,True
1142,159,70.0,HIGH,Healthy,HIGH,True,Healthy,True,True
1043,173,70.0,HIGH,Healthy,HIGH,True,Healthy,True,True
1126,131,70.0,HIGH,Healthy,HIGH,True,Healthy,True,True
1190,269,70.0,HIGH,Healthy,HIGH,True,Healthy,True,True
1048,158,70.0,HIGH,Healthy,HIGH,True,Healthy,True,True
1188,355,70.0,HIGH,Healthy,HIGH,True,Healthy,True,True
1162,189,70.0,HIGH,Healthy,HIGH,True,Healthy,True,True
1047,228,70.0,HIGH,Healthy,HIGH,True,Healthy,True,True
1172,103,70.0,HIGH,Healthy,HIGH,True,Healthy,True,True
1103,269,70.0,HIGH,Healthy,HIGH,True,Healthy,True,True
1030,302,70.0,HIGH,Healthy,HIGH,True,Healthy,True,True
1033,126,70.0,HIGH,Healthy,HIGH,True,Healthy,True,True
1165,199,70.0,HIGH,Healthy,HIGH,True,Healthy,True,True
1140,158,70.0,HIGH,Healthy,HIGH,True,Healthy,True,True
1171,151,70.0,HIGH,Healthy,HIGH,True,Healthy,True,True
1193,352,70.0,HIGH,Healthy,HIGH,True,Healthy,True,True
1089,159,70.0,HIGH,Healthy,HIGH,True,Healthy,True,True
1106,209,70.0,HIGH,Healthy,HIGH,True,Healthy,True,True
1123,347,70.0,HIGH,Healthy,HIGH,True,Healthy,True,True
1091,322,70.0,HIGH,Healthy,HIGH,True,Healthy,True,True
1094,371,70.0,HIGH,Healthy,HIGH,True,Healthy,True,True
1155,86,70.0,HIGH,Healthy,HIGH,True,Healthy,True,True
1070,387,70.0,HIGH,Healthy,HIGH,True,Healthy,True,True
1135,106,70.0,HIGH,Healthy,HIGH,True,Healthy,True,True
1198,154,70.0,HIGH,Healthy,HIGH,True,Healthy,True,True
1001,85,70.0,HIGH,Healthy,HIGH,True,Healthy,True,True
1084,117,70.0,HIGH,Healthy,HIGH,True,Healthy,True,True
1117,207,70.0,HIGH,Healthy,HIGH,True,Healthy,True,True
1131,149,70.0,HIGH,Healthy,HIGH,True,Healthy,True,True
1108,282,70.0,HIGH,Healthy,HIGH,True,Healthy,True,True
1020,176,70.0,HIGH,Healthy,HIGH,True,Healthy,True,True
1176,232,70.0,HIGH,Healthy,HIGH,True,Healthy,True,True
1036,138,70.0,HIGH,Healthy,HIGH,True,Healthy,True,True
1055,180,70.0,HIGH,Healthy,HIGH,True,Healthy,True,True
1169,195,70.0,HIGH,Healthy,HIGH,True,Healthy,True,True
1066,126,70.0,HIGH,Healthy,HIGH,True,Healthy,True,True
1107,140,70.0,HIGH,Healthy,HIGH,True,Healthy,True,True
1152,122,70.0,HIGH,Healthy,HIGH,True,Healthy,True,True
1133,101,70.0,HIGH,Healthy,HIGH,True,Healthy,True,True
1023,164,70.0,HIGH,Healthy,HIGH,True,Healthy,True,True
1076,349,70.0,HIGH,Healthy,HIGH,True,Healthy,True,True
1112,246,70.0,HIGH,Healthy,HIGH,True,Healthy,True,True
1051,157,70.0,HIGH,Healthy,HIGH,True,Healthy,True,True
1052,334,70.0,HIGH,Healthy,HIGH,True,Healthy,True,True
1096,131,70.0,HIGH,Healthy,HIGH,True,Healthy,True,True
1166,224,70.0,HIGH,Healthy,HIGH,True,Healthy,True,True
1176,196,70.0,HIGH,Healthy,HIGH,True,Healthy,True,True
1091,140,70.0,HIGH,Healthy,HIGH,True,Healthy,True,True
1093,116,70.0,HIGH,Healthy,HIGH,True,Healthy,True,True
1127,146,70.0,HIGH,Healthy,HIGH,True,Healthy,True,True
1076,152,70.0,HIGH,Healthy,HIGH,True,Healthy,True,True
1159,73,70.0,HIGH,Healthy,HIGH,True,Healthy,True,True
1003,114,70.0,HIGH,Healthy,HIGH,True,Healthy,True,True
1064,149,70.0,HIGH,Healthy,HIGH,True,Healthy,True,True
1138,168,70.0,HIGH,Healthy,HIGH,True,Healthy,True,True
1137,166,70.0,HIGH,Healthy,HIGH,True,Healthy,True,True
1043,139,70.0,HIGH,Healthy,HIGH,True,Healthy,True,True
1173,89,70.0,HIGH,Healthy,HIGH,True,Healthy,True,True
1164,73,70.0,HIGH,Healthy,HIGH,True,Healthy,True,True
1031,158,70.0,HIGH,Healthy,HIGH,True,Healthy,True,True
1102,267,70.0,HIGH,Healthy,HIGH,True,Healthy,True,True
1107,57,70.0,HIGH,Healthy,HIGH,True,Healthy,True,True
1053,103,70.0,HIGH,Healthy,HIGH,True,Healthy,True,True
1142,68,70.0,HIGH,Healthy,HIGH,True,Healthy,True,True
1051,104,70.0,HIGH,Healthy,HIGH,True,Healthy,True,True
1012,248,70.0,HIGH,Healthy,HIGH,True,Healthy,True,True
1072,145,70.0,HIGH,Healthy,HIGH,True,Healthy,True,True
1114,132,70.0,HIGH,Healthy,HIGH,True,Healthy,True,True
1186,123,70.0,HIGH,Healthy,HIGH,True,Healthy,True,True
1147,156,70.0,HIGH,Healthy,HIGH,True,Healthy,True,True
1197,69,70.0,HIGH,Healthy,HIGH,True,Healthy,True,True
1182,197,70.0,HIGH,Healthy,HIGH,True,Healthy,True,True
1174,146,70.0,HIGH,Healthy,HIGH,True,Healthy,True,True
1019,97,70.0,HIGH,Healthy,HIGH,True,Healthy,True,True
1179,73,70.0,HIGH,Healthy,HIGH,True,Healthy,True,True
1020,266,70.0,HIGH,Healthy,HIGH,True,Healthy,True,True
1042,226,70.0,HIGH,Healthy,HIGH,True,Healthy,True,True
1078,100,70.0,HIGH,Healthy,HIGH,True,Healthy,True,True
1134,139,70.0,HIGH,Healthy,HIGH,True,Healthy,True,True
1154,86,70.0,HIGH,Healthy,HIGH,True,Healthy,True,True
1002,166,70.0,HIGH,Healthy,HIGH,True,Healthy,True,True
1185,121,70.0,HIGH,Healthy,HIGH,True,Healthy,True,True
1171,93,70.0,HIGH,Healthy,HIGH,True,Healthy,True,True
1150,129,70.0,HIGH,Healthy,HIGH,True,Healthy,True,True
1046,102,70.0,HIGH,Healthy,HIGH,True,Healthy,True,True
1105,281,70.0,HIGH,Healthy,HIGH,True,Healthy,True,True
1090,195,70.0,HIGH,Healthy,HIGH,True,Healthy,True,True
1177,236,70.0,HIGH,Healthy,HIGH,True,Healthy,True,True
1001,141,70.0,HIGH,Healthy,HIGH,True,Healthy,True,True
1125,217,70.0,HIGH,Healthy,HIGH,True,Healthy,True,True
1028,161,70.0,HIGH,Healthy,HIGH,True,Healthy,True,True
1006,268,70.0,HIGH,Healthy,HIGH,True,Healthy,True,True
1141,106,70.0,HIGH,Healthy,HIGH,True,Healthy,True,True
1022,72,70.0,HIGH,Healthy,HIGH,True,Healthy,True,True
1083,103,70.0,HIGH,Healthy,HIGH,True,Healthy,True,True
1073,82,70.0,HIGH,Healthy,HIGH,True,Healthy,True,True
1063,247,70.0,HIGH,Healthy,HIGH,True,Healthy,True,True
1016,248,70.0,HIGH,Healthy,HIGH,True,Healthy,True,True
1108,180,70.0,HIGH,Healthy,HIGH,True,Healthy,True,True
1126,279,70.0,HIGH,Healthy,HIGH,True,Healthy,True,True
1120,299,70.0,HIGH,Healthy,HIGH,True,Healthy,True,True
1038,57,70.0,HIGH,Healthy,HIGH,True,Healthy,True,True
1106,183,70.0,HIGH,Healthy,HIGH,True,Healthy,True,True
1119,280,70.0,HIGH,Healthy,HIGH,True,Healthy,True,True
1162,243,70.0,HIGH,Healthy,HIGH,True,Healthy,True,True
1156,98,70.0,HIGH,Healthy,HIGH,True,Healthy,True,True
1140,133,70.0,HIGH,Healthy,HIGH,True,Healthy,True,True
1143,144,70.0,HIGH,Healthy,HIGH,True,Healthy,True,True
1023,219,70.0,HIGH,Healthy,HIGH,True,Healthy,True,True
1082,69,70.0,HIGH,Healthy,HIGH,True,Healthy,True,True
1101,172,70.0,HIGH,Healthy,HIGH,True,Healthy,True,True
1095,163,70.0,HIGH,Healthy,HIGH,True,Healthy,True,True
1110,200,70.0,HIGH,Healthy,HIGH,True,Healthy,True,True
1004,290,70.0,HIGH,Healthy,HIGH,True,Healthy,True,True
1030,97,70.0,HIGH,Healthy,HIGH,True,Healthy,True,True
1092,133,70.0,HIGH,Healthy,HIGH,True,Healthy,True,True
1005,77,70.0,HIGH,Healthy,HIGH,True,Healthy,True,True
1144,144,70.0,HIGH,Healthy,HIGH,True,Healthy,True,True
1157,150,70.0,HIGH,Healthy,HIGH,True,Healthy,True,True
1071,327,70.0,HIGH,Healthy,HIGH,True,Healthy,True,True
1151,74,70.0,HIGH,Healthy,HIGH,True,Healthy,True,True
1014,91,70.0,HIGH,Healthy,HIGH,True,Healthy,True,True
1079,172,70.0,HIGH,Healthy,HIGH,True,Healthy,True,True
1074,203,70.0,HIGH,Healthy,HIGH,True,Healthy,True,True
1055,120,70.0,HIGH,Healthy,HIGH,True,Healthy,True,True
1191,165,70.0,HIGH,Healthy,HIGH,True,Healthy,True,True
1190,207,70.0,HIGH,Healthy,HIGH,True,Healthy,True,True
1129,85,70.0,HIGH,Healthy,HIGH,True,Healthy,True,True
1112,134,70.0,HIGH,Healthy,HIGH,True,Healthy,True,True
1034,193,70.0,HIGH,Healthy,HIGH,True,Healthy,True,True
1155,116,70.0,HIGH,Healthy,HIGH,True,Healthy,True,True
1058,114,70.0,HIGH,Healthy,HIGH,True,Healthy,True,True
1044,177,70.0,HIGH,Healthy,HIGH,True,Healthy,True,True
1075,250,70.0,HIGH,Healthy,HIGH,True,Healthy,True,True
1025,168,70.0,HIGH,Healthy,HIGH,True,Healthy,True,True
1070,174,70.0,HIGH,Healthy,HIGH,True,Healthy,True,True
1067,173,70.0,HIGH,Healthy,HIGH,True,Healthy,True,True
1103,128,70.0,HIGH,Healthy,HIGH,True,Healthy,True,True
1100,105,70.0,HIGH,Healthy,HIGH,True,Healthy,True,True
1167,148,70.0,HIGH,Healthy,HIGH,True,Healthy,True,True
1146,195,70.0,HIGH,Healthy,HIGH,True,Healthy,True,True
1081,226,70.0,HIGH,Healthy,HIGH,True,Healthy,True,True
1178,113,70.0,HIGH,Healthy,HIGH,True,Healthy,True,True
1011,94,70.0,HIGH,Healthy,HIGH,True,Healthy,True,True
1036,89,70.0,HIGH,Healthy,HIGH,True,Healthy,True,True
1180,222,70.0,HIGH,Healthy,HIGH,True,Healthy,True,True
1193,176,70.0,HIGH,Healthy,HIGH,True,Healthy,True,True
1052,208,70.0,HIGH,Healthy,HIGH,True,Healthy,True,True
1121,227,70.0,HIGH,Healthy,HIGH,True,Healthy,True,True
1077,125,70.0,HIGH,Healthy,HIGH,True,Healthy,True,True
1080,197,70.0,HIGH,Healthy,HIGH,True,Healthy,True,True
1113,153,70.0,HIGH,Healthy,HIGH,True,Healthy,True,True
1059,116,70.0,HIGH,Healthy,HIGH,True,Healthy,True,True
1181,176,70.0,HIGH,Healthy,HIGH,True,Healthy,True,True
1109,149,70.0,HIGH,Healthy,HIGH,True,Healthy,True,True
1061,88,70.0,HIGH,Healthy,HIGH,True,Healthy,True,True
1136,157,70.0,HIGH,Healthy,HIGH,True,Healthy,True,True
1196,124,70.0,HIGH,Healthy,HIGH,True,Healthy,True,True
1123,172,70.0,HIGH,Healthy,HIGH,True,Healthy,True,True
1149,99,70.0,HIGH,Healthy,HIGH,True,Healthy,True,True
1040,53,70.0,HIGH,Healthy,HIGH,True,Healthy,True,True
1087,127,70.0,HIGH,Healthy,HIGH,True,Healthy,True,True
1148,145,70.0,HIGH,Healthy,HIGH,True,Healthy,True,True
1054,140,70.0,HIGH,Healthy,HIGH,True,Healthy,True,True
1033,196,70.0,HIGH,Healthy,HIGH,True,Healthy,True,True
1065,91,70.0,HIGH,Healthy,HIGH,True,Healthy,True,True
1050,223,70.0,HIGH,Healthy,HIGH,True,Healthy,True,True
1163,118,70.0,HIGH,Healthy,HIGH,True,Healthy,True,True
1088,198,70.0,HIGH,Healthy,HIGH,True,Healthy,True,True
1029,270,70.0,HIGH,Healthy,HIGH,True,Healthy,True,True
1032,189,70.0,HIGH,Healthy,HIGH,True,Healthy,True,True
1189,54,70.0,HIGH,Healthy,HIGH,True,Healthy,True,True
1037,102,70.0,HIGH,Healthy,HIGH,True,Healthy,True,True
1168,172,70.0,HIGH,Healthy,HIGH,True,Healthy,True,True
1097,146,70.0,HIGH,Healthy,HIGH,True,Healthy,True,True
1010,170,70.0,HIGH,Healthy,HIGH,True,Healthy,True,True
1195,238,70.0,HIGH,Healthy,HIGH,True,Healthy,True,True
1104,258,70.0,HIGH,Healthy,HIGH,True,Healthy,True,True
1184,200,70.0,HIGH,Healthy,HIGH,True,Healthy,True,True
1099,105,70.0,HIGH,Healthy,HIGH,True,Healthy,True,True
1188,216,70.0,HIGH,Healthy,HIGH,True,Healthy,True,True
1158,224,70.0,HIGH,Healthy,HIGH,True,Healthy,True,True
1018,111,70.0,HIGH,Healthy,HIGH,True,Healthy,True,True
1175,86,70.0,HIGH,Healthy,HIGH,True,Healthy,True,True
1057,135,70.0,HIGH,Healthy,HIGH,True,Healthy,True,True
1039,177,70.0,HIGH,Healthy,HIGH,True,Healthy,True,True
1133,97,70.0,HIGH,Healthy,HIGH,True,Healthy,True,True
1118,178,70.0,HIGH,Healthy,HIGH,True,Healthy,True,True
1084,192,70.0,HIGH,Healthy,HIGH,True,Healthy,True,True
1049,71,70.0,HIGH,Healthy,HIGH,True,Healthy,True,True
1187,222,70.0,HIGH,Healthy,HIGH,True,Healthy,True,True
1069,267,70.0,HIGH,Healthy,HIGH,True,Healthy,True,True
1161,109,70.0,HIGH,Healthy,HIGH,True,Healthy,True,True
1194,191,70.0,HIGH,Healthy,HIGH,True,Healthy,True,True
1021,244,70.0,HIGH,Healthy,HIGH,True,Healthy,True,True
1199,129,70.0,HIGH,Healthy,HIGH,True,Healthy,True,True
1131,140,70.0,HIGH,Healthy,HIGH,True,Healthy,True,True
1082,193,70.0,HIGH,Healthy,HIGH,True,Healthy,True,True
1094,175,70.0,HIGH,Healthy,HIGH,True,Healthy,True,True
1142,155,70.0,HIGH,Healthy,HIGH,True,Healthy,True,True
1156,171,70.0,HIGH,Healthy,HIGH,True,Healthy,True,True
1143,196,70.0,HIGH,Healthy,HIGH,True,Healthy,True,True
1161,73,70.0,HIGH,Healthy,HIGH,True,Healthy,True,True
1075,325,70.0,HIGH,Healthy,HIGH,True,Healthy,True,True
1012,286,70.0,HIGH,Healthy,HIGH,True,Healthy,True,True
1063,152,70.0,HIGH,Healthy,HIGH,True,Healthy,True,True
1197,132,70.0,HIGH,Healthy,HIGH,True,Healthy,True,True
1086,296,70.0,HIGH,Healthy,HIGH,True,Healthy,True,True
1124,194,70.0,HIGH,Healthy,HIGH,True,Healthy,True,True
1098,123,70.0,HIGH,Healthy,HIGH,True,Healthy,True,True
1084,126,70.0,HIGH,Healthy,HIGH,True,Healthy,True,True
1200,304,70.0,HIGH,Healthy,HIGH,True,Healthy,True,True
1187,241,70.0,HIGH,Healthy,HIGH,True,Healthy,True,True
1116,228,70.0,HIGH,Healthy,HIGH,True,Healthy,True,True
1044,323,70.0,HIGH,Healthy,HIGH,True,Healthy,True,True
1085,264,70.0,HIGH,Healthy,HIGH,True,Healthy,True,True
1006,320,70.0,HIGH,Healthy,HIGH,True,Healthy,True,True
1174,163,70.0,HIGH,Healthy,HIGH,True,Healthy,True,True
1017,128,70.0,HIGH,Healthy,HIGH,True,Healthy,True,True
1108,131,70.0,HIGH,Healthy,HIGH,True,Healthy,True,True
1171,273,70.0,HIGH,Healthy,HIGH,True,Healthy,True,True
1164,147,70.0,HIGH,Healthy,HIGH,True,Healthy,True,True
1088,223,70.0,HIGH,Healthy,HIGH,True,Healthy,True,True
1117,169,70.0,HIGH,Healthy,HIGH,True,Healthy,True,True
1114,202,70.0,HIGH,Healthy,HIGH,True,Healthy,True,True
1011,277,70.0,HIGH,Healthy,HIGH,True,Healthy,True,True
1067,446,70.0,HIGH,Healthy,HIGH,True,Healthy,True,True
1183,163,70.0,HIGH,Healthy,HIGH,True,Healthy,True,True
1009,89,70.0,HIGH,Healthy,HIGH,True,Healthy,True,True
1054,297,70.0,HIGH,Healthy,HIGH,True,Healthy,True,True
1008,108,70.0,HIGH,Healthy,HIGH,True,Healthy,True,True
1051,133,70.0,HIGH,Healthy,HIGH,True,Healthy,True,True
1042,241,70.0,HIGH,Healthy,HIGH,True,Healthy,True,True
1015,205,70.0,HIGH,Healthy,HIGH,True,Healthy,True,True
1070,184,70.0,HIGH,Healthy,HIGH,True,Healthy,True,True
1052,156,70.0,HIGH,Healthy,HIGH,True,Healthy,True,True
1014,182,70.0,HIGH,Healthy,HIGH,True,Healthy,True,True
1173,147,70.0,HIGH,Healthy,HIGH,True,Healthy,True,True
1050,264,70.0,HIGH,Healthy,HIGH,True,Healthy,True,True
1068,188,70.0,HIGH,Healthy,HIGH,True,Healthy,True,True
1120,417,70.0,HIGH,Healthy,HIGH,True,Healthy,True,True
1031,162,70.0,HIGH,Healthy,HIGH,True,Healthy,True,True
1151,189,70.0,HIGH,Healthy,HIGH,True,Healthy,True,True
1020,291,70.0,HIGH,Healthy,HIGH,True,Healthy,True,True
1182,148,70.0,HIGH,Healthy,HIGH,True,Healthy,True,True
1043,196,70.0,HIGH,Healthy,HIGH,True,Healthy,True,True
1167,168,70.0,HIGH,Healthy,HIGH,True,Healthy,True,True
1134,231,70.0,HIGH,Healthy,HIGH,True,Healthy,True,True
1106,215,70.0,HIGH,Healthy,HIGH,True,Healthy,True,True
1168,237,70.0,HIGH,Healthy,HIGH,True,Healthy,True,True
1045,100,70.0,HIGH,Healthy,HIGH,True,Healthy,True,True
1110,264,70.0,HIGH,Healthy,HIGH,True,Healthy,True,True
1096,181,70.0,HIGH,Healthy,HIGH,True,Healthy,True,True
1131,139,70.0,HIGH,Healthy,HIGH,True,Healthy,True,True
1157,171,70.0,HIGH,Healthy,HIGH,True,Healthy,True,True
1150,110,70.0,HIGH,Healthy,HIGH,True,Healthy,True,True
1046,228,70.0,HIGH,Healthy,HIGH,True,Healthy,True,True
1100,154,70.0,HIGH,Healthy,HIGH,True,Healthy,True,True
1040,150,70.0,HIGH,Healthy,HIGH,True,Healthy,True,True
1163,190,70.0,HIGH,Healthy,HIGH,True,Healthy,True,True
1103,196,70.0,HIGH,Healthy,HIGH,True,Healthy,True,True
1130,128,70.0,HIGH,Healthy,HIGH,True,Healthy,True,True
1035,71,70.0,HIGH,Healthy,HIGH,True,Healthy,True,True
1133,207,70.0,HIGH,Healthy,HIGH,True,Healthy,True,True
1128,401,70.0,HIGH,Healthy,HIGH,True,Healthy,True,True
1129,133,70.0,HIGH,Healthy,HIGH,True,Healthy,True,True
1066,229,70.0,HIGH,Healthy,HIGH,True,Healthy,True,True
1140,200,70.0,HIGH,Healthy,HIGH,True,Healthy,True,True
1194,301,70.0,HIGH,Healthy,HIGH,True,Healthy,True,True
1059,71,70.0,HIGH,Healthy,HIGH,True,Healthy,True,True
1025,161,70.0,HIGH,Healthy,HIGH,True,Healthy,True,True
1058,124,70.0,HIGH,Healthy,HIGH,True,Healthy,True,True
1122,203,70.0,HIGH,Healthy,HIGH,True,Healthy,True,True
1097,313,70.0,HIGH,Healthy,HIGH,True,Healthy,True,True
1090,299,70.0,HIGH,Healthy,HIGH,True,Healthy,True,True
1093,205,70.0,HIGH,Healthy,HIGH,True,Healthy,True,True
1127,398,70.0,HIGH,Healthy,HIGH,True,Healthy,True,True
1057,308,70.0,HIGH,Healthy,HIGH,True,Healthy,True,True
1099,249,70.0,HIGH,Healthy,HIGH,True,Healthy,True,True
1115,133,70.0,HIGH,Healthy,HIGH,True,Healthy,True,True
1005,113,70.0,HIGH,Healthy,HIGH,True,Healthy,True,True
1053,286,70.0,HIGH,Healthy,HIGH,True,Healthy,True,True
1013,165,70.0,HIGH,Healthy,HIGH,True,Healthy,True,True
1158,292,70.0,HIGH,Healthy,HIGH,True,Healthy,True,True
1126,342,70.0,HIGH,Healthy,HIGH,True,Healthy,True,True
1148,121,70.0,HIGH,Healthy,HIGH,True,Healthy,True,True
1077,163,70.0,HIGH,Healthy,HIGH,True,Healthy,True,True
1004,241,70.0,HIGH,Healthy,HIGH,True,Healthy,True,True
1018,223,70.0,HIGH,Healthy,HIGH,True,Healthy,True,True
1178,350,70.0,HIGH,Healthy,HIGH,True,Healthy,True,True
1072,150,70.0,HIGH,Healthy,HIGH,True,Healthy,True,True
1179,155,70.0,HIGH,Healthy,HIGH,True,Healthy,True,True
1180,444,70.0,HIGH,Healthy,HIGH,True,Healthy,True,True
1113,220,70.0,HIGH,Healthy,HIGH,True,Healthy,True,True
1169,295,70.0,HIGH,Healthy,HIGH,True,Healthy,True,True
1136,289,70.0,HIGH,Healthy,HIGH,True,Healthy,True,True
1055,157,70.0,HIGH,Healthy,HIGH,True,Healthy,True,True
1056,349,70.0,HIGH,Healthy,HIGH,True,Healthy,True,True
1074,257,70.0,HIGH,Healthy,HIGH,True,Healthy,True,True
1036,194,70.0,HIGH,Healthy,HIGH,True,Healthy,True,True
1041,188,70.0,HIGH,Healthy,HIGH,True,Healthy,True,True
1189,79,70.0,HIGH,Healthy,HIGH,True,Healthy,True,True
1154,157,70.0,HIGH,Healthy,HIGH,True,Healthy,True,True
1102,232,70.0,HIGH,Healthy,HIGH,True,Healthy,True,True
1003,219,70.0,HIGH,Healthy,HIGH,True,Healthy,True,True
1032,161,70.0,HIGH,Healthy,HIGH,True,Healthy,True,True
1181,296,70.0,HIGH,Healthy,HIGH,True,Healthy,True,True
1071,273,70.0,HIGH,Healthy,HIGH,True,Healthy,True,True
1002,194,70.0,HIGH,Healthy,HIGH,True,Healthy,True,True
1019,204,70.0,HIGH,Healthy,HIGH,True,Healthy,True,True
1177,333,70.0,HIGH,Healthy,HIGH,True,Healthy,True,True
1184,126,70.0,HIGH,Healthy,HIGH,True,Healthy,True,True
1192,278,70.0,HIGH,Healthy,HIGH,True,Healthy,True,True
1073,165,70.0,HIGH,Healthy,HIGH,True,Healthy,True,True
1007,216,70.0,HIGH,Healthy,HIGH,True,Healthy,True,True
1027,233,70.0,HIGH,Healthy,HIGH,True,Healthy,True,True
1037,154,70.0,HIGH,Healthy,HIGH,True,Healthy,True,True
1186,189,70.0,HIGH,Healthy,HIGH,True,Healthy,True,True
1109,184,70.0,HIGH,Healthy,HIGH,True,Healthy,True,True
1078,105,70.0,HIGH,Healthy,HIGH,True,Healthy,True,True
1162,186,70.0,HIGH,Healthy,HIGH,True,Healthy,True,True
1023,138,70.0,HIGH,Healthy,HIGH,True,Healthy,True,True
1125,193,70.0,HIGH,Healthy,HIGH,True,Healthy,True,True
1141,302,70.0,HIGH,Healthy,HIGH,True,Healthy,True,True
1195,350,70.0,HIGH,Healthy,HIGH,True,Healthy,True,True
1062,201,70.0,HIGH,Healthy,HIGH,True,Healthy,True,True
1152,293,70.0,HIGH,Healthy,HIGH,True,Healthy,True,True
1081,315,70.0,HIGH,Healthy,HIGH,True,Healthy,True,True
1132,289,70.0,HIGH,Healthy,HIGH,True,Healthy,True,True
1188,396,70.0,HIGH,Healthy,HIGH,True,Healthy,True,True
1107,174,70.0,HIGH,Healthy,HIGH,True,Healthy,True,True
1089,137,70.0,HIGH,Healthy,HIGH,True,Healthy,True,True
1076,147,70.0,HIGH,Healthy,HIGH,True,Healthy,True,True
1165,278,70.0,HIGH,Healthy,HIGH,True,Healthy,True,True
1111,239,70.0,HIGH,Healthy,HIGH,True,Healthy,True,True
1190,298,70.0,HIGH,Healthy,HIGH,True,Healthy,True,True
1145,183,70.0,HIGH,Healthy,HIGH,True,Healthy,True,True
1022,117,70.0,HIGH,Healthy,HIGH,True,Healthy,True,True
1149,86,70.0,HIGH,Healthy,HIGH,True,Healthy,True,True
1112,120,70.0,HIGH,Healthy,HIGH,True,Healthy,True,True
1049,142,70.0,HIGH,Healthy,HIGH,True,Healthy,True,True
1101,239,70.0,HIGH,Healthy,HIGH,True,Healthy,True,True
1196,402,70.0,HIGH,Healthy,HIGH,True,Healthy,True,True
1087,186,70.0,HIGH,Healthy,HIGH,True,Healthy,True,True
1028,268,70.0,HIGH,Healthy,HIGH,True,Healthy,True,True
1048,226,70.0,HIGH,Healthy,HIGH,True,Healthy,True,True
1034,106,70.0,HIGH,Healthy,HIGH,True,Healthy,True,True
1144,233,70.0,HIGH,Healthy,HIGH,True,Healthy,True,True
1065,89,70.0,HIGH,Healthy,HIGH,True,Healthy,True,True
1146,151,70.0,HIGH,Healthy,HIGH,True,Healthy,True,True
1038,127,70.0,HIGH,Healthy,HIGH,True,Healthy,True,True
1137,197,70.0,HIGH,Healthy,HIGH,True,Healthy,True,True
1198,258,70.0,HIGH,Healthy,HIGH,True,Healthy,True,True
1159,127,70.0,HIGH,Healthy,HIGH,True,Healthy,True,True
1191,165,70.0,HIGH,Healthy,HIGH,True,Healthy,True,True
1010,338,70.0,HIGH,Healthy,HIGH,True,Healthy,True,True
1118,257,70.0,HIGH,Healthy,HIGH,True,Healthy,True,True
1123,242,70.0,HIGH,Healthy,HIGH,True,Healthy,True,True
1095,207,70.0,HIGH,Healthy,HIGH,True,Healthy,True,True
1160,244,70.0,HIGH,Healthy,HIGH,True,Healthy,True,True
1079,335,70.0,HIGH,Healthy,HIGH,True,Healthy,True,True
1033,221,70.0,HIGH,Healthy,HIGH,True,Healthy,True,True
1166,311,70.0,HIGH,Healthy,HIGH,True,Healthy,True,True
1139,204,70.0,HIGH,Healthy,HIGH,True,Healthy,True,True
1030,124,70.0,HIGH,Healthy,HIGH,True,Healthy,True,True
1176,339,70.0,HIGH,Healthy,HIGH,True,Healthy,True,True
1021,302,70.0,HIGH,Healthy,HIGH,True,Healthy,True,True
1024,195,70.0,HIGH,Healthy,HIGH,True,Healthy,True,True
1199,204,70.0,HIGH,Healthy,HIGH,True,Healthy,True,True
1185,273,70.0,HIGH,Healthy,HIGH,True,Healthy,True,True
1175,259,70.0,HIGH,Healthy,HIGH,True,Healthy,True,True
1026,184,70.0,HIGH,Healthy,HIGH,True,Healthy,True,True
1001,145,70.0,HIGH,Healthy,HIGH,True,Healthy,True,True
1121,238,70.0,HIGH,Healthy,HIGH,True,Healthy,True,True
1135,244,70.0,HIGH,Healthy,HIGH,True,Healthy,True,True
1060,118,70.0,HIGH,Healthy,HIGH,True,Healthy,True,True
1147,303,70.0,HIGH,Healthy,HIGH,True,Healthy,True,True
1104,151,70.0,HIGH,Healthy,HIGH,True,Healthy,True,True
1182,160,70.0,HIGH,Healthy,HIGH,True,Healthy,True,True
1189,78,70.0,HIGH,Healthy,HIGH,True,Healthy,True,True
1014,105,70.0,HIGH,Healthy,HIGH,True,Healthy,True,True
1134,77,70.0,HIGH,Healthy,HIGH,True,Healthy,True,True
1010,117,70.0,HIGH,Healthy,HIGH,True,Healthy,True,True
1012,105,70.0,HIGH,Healthy,HIGH,True,Healthy,True,True
1200,141,70.0,HIGH,Healthy,HIGH,True,Healthy,True,True
1157,76,70.0,HIGH,Healthy,HIGH,True,Healthy,True,True
1173,64,70.0,HIGH,Healthy,HIGH,True,Healthy,True,True
1059,47,70.0,HIGH,Low,HIGH,True,Low,True,True
1025,106,70.0,HIGH,Healthy,HIGH,True,Healthy,True,True
1080,60,70.0,HIGH,Healthy,HIGH,True,Healthy,True,True
1028,112,70.0,HIGH,Healthy,HIGH,True,Healthy,True,True
1176,160,70.0,HIGH,Healthy,HIGH,True,Healthy,True,True
1037,67,70.0,HIGH,Healthy,HIGH,True,Healthy,True,True
1141,124,70.0,HIGH,Healthy,HIGH,True,Healthy,True,True
1017,56,70.0,HIGH,Healthy,HIGH,True,Healthy,True,True
1146,166,70.0,HIGH,Healthy,HIGH,True,Healthy,True,True
1120,95,70.0,HIGH,Healthy,HIGH,True,Healthy,True,True
1089,41,70.0,HIGH,Low,HIGH,True,Low,True,True
1128,210,70.0,HIGH,Healthy,HIGH,True,Healthy,True,True
1145,49,70.0,HIGH,Low,HIGH,True,Low,True,True
1125,88,70.0,HIGH,Healthy,HIGH,True,Healthy,True,True
1034,82,70.0,HIGH,Healthy,HIGH,True,Healthy,True,True
1085,63,70.0,HIGH,Healthy,HIGH,True,Healthy,True,True
1142,63,70.0,HIGH,Healthy,HIGH,True,Healthy,True,True
1183,61,70.0,HIGH,Healthy,HIGH,True,Healthy,True,True
1198,67,70.0,HIGH,Healthy,HIGH,True,Healthy,True,True
1178,151,70.0,HIGH,Healthy,HIGH,True,Healthy,True,True
1199,59,70.0,HIGH,Healthy,HIGH,True,Healthy,True,True
1038,41,70.0,HIGH,Low,HIGH,True,Low,True,True
1046,65,70.0,HIGH,Healthy,HIGH,True,Healthy,True,True
1119,169,70.0,HIGH,Healthy,HIGH,True,Healthy,True,True
1192,62,70.0,HIGH,Healthy,HIGH,True,Healthy,True,True
1132,155,70.0,HIGH,Healthy,HIGH,True,Healthy,True,True
1053,91,70.0,HIGH,Healthy,HIGH,True,Healthy,True,True
1133,98,70.0,HIGH,Healthy,HIGH,True,Healthy,True,True
1067,167,70.0,HIGH,Healthy,HIGH,True,Healthy,True,True
1155,97,70.0,HIGH,Healthy,HIGH,True,Healthy,True,True
1101,125,70.0,HIGH,Healthy,HIGH,True,Healthy,True,True
1086,98,70.0,HIGH,Healthy,HIGH,True,Healthy,True,True
1131,133,70.0,HIGH,Healthy,HIGH,True,Healthy,True,True
1179,108,70.0,HIGH,Healthy,HIGH,True,Healthy,True,True
1035,73,70.0,HIGH,Healthy,HIGH,True,Healthy,True,True
1149,79,70.0,HIGH,Healthy,HIGH,True,Healthy,True,True
1063,142,70.0,HIGH,Healthy,HIGH,True,Healthy,True,True
1186,67,70.0,HIGH,Healthy,HIGH,True,Healthy,True,True
1181,95,70.0,HIGH,Healthy,HIGH,True,Healthy,True,True
1161,89,70.0,HIGH,Healthy,HIGH,True,Healthy,True,True
1020,82,70.0,HIGH,Healthy,HIGH,True,Healthy,True,True
1056,124,70.0,HIGH,Healthy,HIGH,True,Healthy,True,True
1126,83,70.0,HIGH,Healthy,HIGH,True,Healthy,True,True
1074,69,70.0,HIGH,Healthy,HIGH,True,Healthy,True,True
1177,106,70.0,HIGH,Healthy,HIGH,True,Healthy,True,True
1061,92,70.0,HIGH,Healthy,HIGH,True,Healthy,True,True
1137,140,70.0,HIGH,Healthy,HIGH,True,Healthy,True,True
1106,177,70.0,HIGH,Healthy,HIGH,True,Healthy,True,True
1064,100,70.0,HIGH,Healthy,HIGH,True,Healthy,True,True
1168,128,70.0,HIGH,Healthy,HIGH,True,Healthy,True,True
1136,108,70.0,HIGH,Healthy,HIGH,True,Healthy,True,True
1011,141,70.0,HIGH,Healthy,HIGH,True,Healthy,True,True
1104,135,70.0,HIGH,Healthy,HIGH,True,Healthy,True,True
1044,110,70.0,HIGH,Healthy,HIGH,True,Healthy,True,True
1084,89,70.0,HIGH,Healthy,HIGH,True,Healthy,True,True
1024,214,70.0,HIGH,Healthy,HIGH,True,Healthy,True,True
1127,207,70.0,HIGH,Healthy,HIGH,True,Healthy,True,True
1114,103,70.0,HIGH,Healthy,HIGH,True,Healthy,True,True
1078,36,70.0,HIGH,Low,HIGH,True,Low,True,True
1030,112,70.0,HIGH,Healthy,HIGH,True,Healthy,True,True
1103,61,70.0,HIGH,Healthy,HIGH,True,Healthy,True,True
1083,71,70.0,HIGH,Healthy,HIGH,True,Healthy,True,True
1135,57,70.0,HIGH,Healthy,HIGH,True,Healthy,True,True
1001,74,70.0,HIGH,Healthy,HIGH,True,Healthy,True,True
1018,127,70.0,HIGH,Healthy,HIGH,True,Healthy,True,True
1154,94,70.0,HIGH,Healthy,HIGH,True,Healthy,True,True
1110,130,70.0,HIGH,Healthy,HIGH,True,Healthy,True,True
1052,133,70.0,HIGH,Healthy,HIGH,True,Healthy,True,True
1163,86,70.0,HIGH,Healthy,HIGH,True,Healthy,True,True
1144,122,70.0,HIGH,Healthy,HIGH,True,Healthy,True,True
1100,76,70.0,HIGH,Healthy,HIGH,True,Healthy,True,True
1051,66,70.0,HIGH,Healthy,HIGH,True,Healthy,True,True
1193,172,70.0,HIGH,Healthy,HIGH,True,Healthy,True,True
1023,120,70.0,HIGH,Healthy,HIGH,True,Healthy,True,True
1184,124,70.0,HIGH,Healthy,HIGH,True,Healthy,True,True
1143,158,70.0,HIGH,Healthy,HIGH,True,Healthy,True,True
1167,96,70.0,HIGH,Healthy,HIGH,True,Healthy,True,True
1042,178,70.0,HIGH,Healthy,HIGH,True,Healthy,True,True
1077,50,70.0,HIGH,Low,HIGH,True,Low,True,True
1099,116,70.0,HIGH,Healthy,HIGH,True,Healthy,True,True
1153,78,70.0,HIGH,Healthy,HIGH,True,Healthy,True,True
1123,187,70.0,HIGH,Healthy,HIGH,True,Healthy,True,True
1021,82,70.0,HIGH,Healthy,HIGH,True,Healthy,True,True
1124,97,70.0,HIGH,Healthy,HIGH,True,Healthy,True,True
1047,97,70.0,HIGH,Healthy,HIGH,True,Healthy,True,True
1109,40,70.0,HIGH,Low,HIGH,True,Low,True,True
1027,170,70.0,HIGH,Healthy,HIGH,True,Healthy,True,True
1040,79,70.0,HIGH,Healthy,HIGH,True,Healthy,True,True
1117,73,70.0,HIGH,Healthy,HIGH,True,Healthy,True,True
1019,71,70.0,HIGH,Healthy,HIGH,True,Healthy,True,True
1076,106,70.0,HIGH,Healthy,HIGH,True,Healthy,True,True
1187,70,70.0,HIGH,Healthy,HIGH,True,Healthy,True,True
1088,122,70.0,HIGH,Healthy,HIGH,True,Healthy,True,True
1194,114,70.0,HIGH,Healthy,HIGH,True,Healthy,True,True
1066,90,70.0,HIGH,Healthy,HIGH,True,Healthy,True,True
1002,123,70.0,HIGH,Healthy,HIGH,True,Healthy,True,True
1007,113,70.0,HIGH,Healthy,HIGH,True,Healthy,True,True
1008,74,70.0,HIGH,Healthy,HIGH,True,Healthy,True,True
1158,144,70.0,HIGH,Healthy,HIGH,True,Healthy,True,True
1151,103,70.0,HIGH,Healthy,HIGH,True,Healthy,True,True
1129,63,70.0,HIGH,Healthy,HIGH,True,Healthy,True,True
1170,117,70.0,HIGH,Healthy,HIGH,True,Healthy,True,True
1094,140,70.0,HIGH,Healthy,HIGH,True,Healthy,True,True
1075,170,70.0,HIGH,Healthy,HIGH,True,Healthy,True,True
1013,175,70.0,HIGH,Healthy,HIGH,True,Healthy,True,True
1048,90,70.0,HIGH,Healthy,HIGH,True,Healthy,True,True
1171,58,70.0,HIGH,Healthy,HIGH,True,Healthy,True,True
1190,98,70.0,HIGH,Healthy,HIGH,True,Healthy,True,True
1150,78,70.0,HIGH,Healthy,HIGH,True,Healthy,True,True
1174,74,70.0,HIGH,Healthy,HIGH,True,Healthy,True,True
1004,181,70.0,HIGH,Healthy,HIGH,True,Healthy,True,True
1003,124,70.0,HIGH,Healthy,HIGH,True,Healthy,True,True
1082,82,70.0,HIGH,Healthy,HIGH,True,Healthy,True,True
1164,87,70.0,HIGH,Healthy,HIGH,True,Healthy,True,True
1108,86,70.0,HIGH,Healthy,HIGH,True,Healthy,True,True
1006,102,70.0,HIGH,Healthy,HIGH,True,Healthy,True,True
1090,82,70.0,HIGH,Healthy,HIGH,True,Healthy,True,True
1055,66,70.0,HIGH,Healthy,HIGH,True,Healthy,True,True
1091,121,70.0,HIGH,Healthy,HIGH,True,Healthy,True,True
1152,54,70.0,HIGH,Healthy,HIGH,True,Healthy,True,True
1139,73,70.0,HIGH,Healthy,HIGH,True,Healthy,True,True
1122,75,70.0,HIGH,Healthy,HIGH,True,Healthy,True,True
1009,42,70.0,HIGH,Low,HIGH,True,Low,True,True
1081,148,70.0,HIGH,Healthy,HIGH,True,Healthy,True,True
1079,66,70.0,HIGH,Healthy,HIGH,True,Healthy,True,True
1060,72,70.0,HIGH,Healthy,HIGH,True,Healthy,True,True
1165,96,70.0,HIGH,Healthy,HIGH,True,Healthy,True,True
1092,96,70.0,HIGH,Healthy,HIGH,True,Healthy,True,True
1068,42,70.0,HIGH,Low,HIGH,True,Low,True,True
1050,120,70.0,HIGH,Healthy,HIGH,True,Healthy,True,True
1195,135,70.0,HIGH,Healthy,HIGH,True,Healthy,True,True
1072,68,70.0,HIGH,Healthy,HIGH,True,Healthy,True,True
1185,53,70.0,HIGH,Healthy,HIGH,True,Healthy,True,True
1031,129,70.0,HIGH,Healthy,HIGH,True,Healthy,True,True
1029,75,70.0,HIGH,Healthy,HIGH,True,Healthy,True,True
1105,132,70.0,HIGH,Healthy,HIGH,True,Healthy,True,True
1049,47,70.0,HIGH,Low,HIGH,True,Low,True,True
1197,85,70.0,HIGH,Healthy,HIGH,True,Healthy,True,True
1196,129,70.0,HIGH,Healthy,HIGH,True,Healthy,True,True
1041,177,70.0,HIGH,Healthy,HIGH,True,Healthy,True,True
1115,121,70.0,HIGH,Healthy,HIGH,True,Healthy,True,True
1147,133,70.0,HIGH,Healthy,HIGH,True,Healthy,True,True
1070,86,70.0,HIGH,Healthy,HIGH,True,Healthy,True,True
1015,80,70.0,HIGH,Healthy,HIGH,True,Healthy,True,True
1036,78,70.0,HIGH,Healthy,HIGH,True,Healthy,True,True
1018,231,70.0,HIGH,Healthy,HIGH,True,Healthy,True,True
1113,179,70.0,HIGH,Healthy,HIGH,True,Healthy,True,True
1118,130,70.0,HIGH,Healthy,HIGH,True,Healthy,True,True
1017,239,70.0,HIGH,Healthy,HIGH,True,Healthy,True,True
1060,207,70.0,HIGH,Healthy,HIGH,True,Healthy,True,True
1115,167,70.0,HIGH,Healthy,HIGH,True,Healthy,True,True
1015,156,70.0,HIGH,Healthy,HIGH,True,Healthy,True,True
1013,359,70.0,HIGH,Healthy,HIGH,True,Healthy,True,True
1063,336,70.0,HIGH,Healthy,HIGH,True,Healthy,True,True
1195,273,70.0,HIGH,Healthy,HIGH,True,Healthy,True,True
1142,98,70.0,HIGH,Healthy,HIGH,True,Healthy,True,True
1188,306,70.0,HIGH,Healthy,HIGH,True,Healthy,True,True
1034,149,70.0,HIGH,Healthy,HIGH,True,Healthy,True,True
1104,305,70.0,HIGH,Healthy,HIGH,True,Healthy,True,True
1141,206,70.0,HIGH,Healthy,HIGH,True,Healthy,True,True
1026,270,70.0,HIGH,Healthy,HIGH,True,Healthy,True,True
1046,167,70.0,HIGH,Healthy,HIGH,True,Healthy,True,True
1083,278,70.0,HIGH,Healthy,HIGH,True,Healthy,True,True
1131,255,70.0,HIGH,Healthy,HIGH,True,Healthy,True,True
1165,200,70.0,HIGH,Healthy,HIGH,True,Healthy,True,True
1033,218,70.0,HIGH,Healthy,HIGH,True,Healthy,True,True
1004,358,70.0,HIGH,Healthy,HIGH,True,Healthy,True,True
1036,179,70.0,HIGH,Healthy,HIGH,True,Healthy,True,True
1191,234,70.0,HIGH,Healthy,HIGH,True,Healthy,True,True
1067,304,70.0,HIGH,Healthy,HIGH,True,Healthy,True,True
1054,338,70.0,HIGH,Healthy,HIGH,True,Healthy,True,True
1105,302,70.0,HIGH,Healthy,HIGH,True,Healthy,True,True
1020,239,70.0,HIGH,Healthy,HIGH,True,Healthy,True,True
1048,213,70.0,HIGH,Healthy,HIGH,True,Healthy,True,True
1152,287,70.0,HIGH,Healthy,HIGH,True,Healthy,True,True
1171,280,70.0,HIGH,Healthy,HIGH,True,Healthy,True,True
1162,298,70.0,HIGH,Healthy,HIGH,True,Healthy,True,True
1032,349,70.0,HIGH,Healthy,HIGH,True,Healthy,True,True
1150,71,70.0,HIGH,Healthy,HIGH,True,Healthy,True,True
1187,246,70.0,HIGH,Healthy,HIGH,True,Healthy,True,True
1178,196,70.0,HIGH,Healthy,HIGH,True,Healthy,True,True
1149,112,70.0,HIGH,Healthy,HIGH,True,Healthy,True,True
1172,193,70.0,HIGH,Healthy,HIGH,True,Healthy,True,True
1011,140,70.0,HIGH,Healthy,HIGH,True,Healthy,True,True
1102,212,70.0,HIGH,Healthy,HIGH,True,Healthy,True,True
1125,155,70.0,HIGH,Healthy,HIGH,True,Healthy,True,True
1159,91,70.0,HIGH,Healthy,HIGH,True,Healthy,True,True
1027,218,70.0,HIGH,Healthy,HIGH,True,Healthy,True,True
1169,136,70.0,HIGH,Healthy,HIGH,True,Healthy,True,True
1071,220,70.0,HIGH,Healthy,HIGH,True,Healthy,True,True
1146,228,70.0,HIGH,Healthy,HIGH,True,Healthy,True,True
1030,183,70.0,HIGH,Healthy,HIGH,True,Healthy,True,True
1167,302,70.0,HIGH,Healthy,HIGH,True,Healthy,True,True
1168,151,70.0,HIGH,Healthy,HIGH,True,Healthy,True,True
1051,171,70.0,HIGH,Healthy,HIGH,True,Healthy,True,True
1109,95,70.0,HIGH,Healthy,HIGH,True,Healthy,True,True
1025,157,70.0,HIGH,Healthy,HIGH,True,Healthy,True,True
1095,358,70.0,HIGH,Healthy,HIGH,True,Healthy,True,True
1093,334,70.0,HIGH,Healthy,HIGH,True,Healthy,True,True
1155,202,70.0,HIGH,Healthy,HIGH,True,Healthy,True,True
1114,189,70.0,HIGH,Healthy,HIGH,True,Healthy,True,True
1133,176,70.0,HIGH,Healthy,HIGH,True,Healthy,True,True
1157,261,70.0,HIGH,Healthy,HIGH,True,Healthy,True,True
1077,239,70.0,HIGH,Healthy,HIGH,True,Healthy,True,True
1096,103,70.0,HIGH,Healthy,HIGH,True,Healthy,True,True
1065,94,70.0,HIGH,Healthy,HIGH,True,Healthy,True,True
1194,237,70.0,HIGH,Healthy,HIGH,True,Healthy,True,True
1101,184,70.0,HIGH,Healthy,HIGH,True,Healthy,True,True
1038,209,70.0,HIGH,Healthy,HIGH,True,Healthy,True,True
1200,354,70.0,HIGH,Healthy,HIGH,True,Healthy,True,True
1058,190,70.0,HIGH,Healthy,HIGH,True,Healthy,True,True
1128,336,70.0,HIGH,Healthy,HIGH,True,Healthy,True,True
1050,335,70.0,HIGH,Healthy,HIGH,True,Healthy,True,True
1084,97,70.0,HIGH,Healthy,HIGH,True,Healthy,True,True
1085,137,70.0,HIGH,Healthy,HIGH,True,Healthy,True,True
1023,179,70.0,HIGH,Healthy,HIGH,True,Healthy,True,True
1047,248,70.0,HIGH,Healthy,HIGH,True,Healthy,True,True
1127,410,70.0,HIGH,Healthy,HIGH,True,Healthy,True,True
1126,259,70.0,HIGH,Healthy,HIGH,True,Healthy,True,True
1052,129,70.0,HIGH,Healthy,HIGH,True,Healthy,True,True
1130,337,70.0,HIGH,Healthy,HIGH,True,Healthy,True,True
1143,161,70.0,HIGH,Healthy,HIGH,True,Healthy,True,True
1138,194,70.0,HIGH,Healthy,HIGH,True,Healthy,True,True
1136,163,70.0,HIGH,Healthy,HIGH,True,Healthy,True,True
1040,133,70.0,HIGH,Healthy,HIGH,True,Healthy,True,True
1183,166,70.0,HIGH,Healthy,HIGH,True,Healthy,True,True
1074,123,70.0,HIGH,Healthy,HIGH,True,Healthy,True,True
1110,189,70.0,HIGH,Healthy,HIGH,True,Healthy,True,True
1103,329,70.0,HIGH,Healthy,HIGH,True,Healthy,True,True
1117,218,70.0,HIGH,Healthy,HIGH,True,Healthy,True,True
1064,240,70.0,HIGH,Healthy,HIGH,True,Healthy,True,True
1148,233,70.0,HIGH,Healthy,HIGH,True,Healthy,True,True
1059,188,70.0,HIGH,Healthy,HIGH,True,Healthy,True,True
1121,349,70.0,HIGH,Healthy,HIGH,True,Healthy,True,True
1100,170,70.0,HIGH,Healthy,HIGH,True,Healthy,True,True
1164,150,70.0,HIGH,Healthy,HIGH,True,Healthy,True,True
1086,342,70.0,HIGH,Healthy,HIGH,True,Healthy,True,True
1119,321,70.0,HIGH,Healthy,HIGH,True,Healthy,True,True
1185,256,70.0,HIGH,Healthy,HIGH,True,Healthy,True,True
1029,398,70.0,HIGH,Healthy,HIGH,True,Healthy,True,True
1024,181,70.0,HIGH,Healthy,HIGH,True,Healthy,True,True
1181,228,70.0,HIGH,Healthy,HIGH,True,Healthy,True,True
1049,135,70.0,HIGH,Healthy,HIGH,True,Healthy,True,True
1097,296,70.0,HIGH,Healthy,HIGH,True,Healthy,True,True
1062,197,70.0,HIGH,Healthy,HIGH,True,Healthy,True,True
1106,205,70.0,HIGH,Healthy,HIGH,True,Healthy,True,True
1009,75,70.0,HIGH,Healthy,HIGH,True,Healthy,True,True
1035,79,70.0,HIGH,Healthy,HIGH,True,Healthy,True,True
1112,125,70.0,HIGH,Healthy,HIGH,True,Healthy,True,True
1087,271,70.0,HIGH,Healthy,HIGH,True,Healthy,True,True
1089,138,70.0,HIGH,Healthy,HIGH,True,Healthy,True,True
1184,135,70.0,HIGH,Healthy,HIGH,True,Healthy,True,True
1108,318,70.0,HIGH,Healthy,HIGH,True,Healthy,True,True
1189,105,70.0,HIGH,Healthy,HIGH,True,Healthy,True,True
1098,179,70.0,HIGH,Healthy,HIGH,True,Healthy,True,True
1120,449,70.0,HIGH,Healthy,HIGH,True,Healthy,True,True
1019,87,70.0,HIGH,Healthy,HIGH,True,Healthy,True,True
1061,247,70.0,HIGH,Healthy,HIGH,True,Healthy,True,True
1116,129,70.0,HIGH,Healthy,HIGH,True,Healthy,True,True
1066,170,70.0,HIGH,Healthy,HIGH,True,Healthy,True,True
1177,328,70.0,HIGH,Healthy,HIGH,True,Healthy,True,True
1057,304,70.0,HIGH,Healthy,HIGH,True,Healthy,True,True
1111,228,70.0,HIGH,Healthy,HIGH,True,Healthy,True,True
1137,242,70.0,HIGH,Healthy,HIGH,True,Healthy,True,True
1156,134,70.0,HIGH,Healthy,HIGH,True,Healthy,True,True
1041,234,70.0,HIGH,Healthy,HIGH,True,Healthy,True,True
1145,233,70.0,HIGH,Healthy,HIGH,True,Healthy,True,True
1081,189,70.0,HIGH,Healthy,HIGH,True,Healthy,True,True
1088,261,70.0,HIGH,Healthy,HIGH,True,Healthy,True,True
1091,219,70.0,HIGH,Healthy,HIGH,True,Healthy,True,True
1173,123,70.0,HIGH,Healthy,HIGH,True,Healthy,True,True
1022,205,70.0,HIGH,Healthy,HIGH,True,Healthy,True,True
1135,163,70.0,HIGH,Healthy,HIGH,True,Healthy,True,True
1006,145,70.0,HIGH,Healthy,HIGH,True,Healthy,True,True
1075,142,70.0,HIGH,Healthy,HIGH,True,Healthy,True,True
1147,315,70.0,HIGH,Healthy,HIGH,True,Healthy,True,True
1158,204,70.0,HIGH,Healthy,HIGH,True,Healthy,True,True
1043,110,70.0,HIGH,Healthy,HIGH,True,Healthy,True,True
1094,404,70.0,HIGH,Healthy,HIGH,True,Healthy,True,True
1079,299,70.0,HIGH,Healthy,HIGH,True,Healthy,True,True
1073,189,70.0,HIGH,Healthy,HIGH,True,Healthy,True,True
1190,280,70.0,HIGH,Healthy,HIGH,True,Healthy,True,True
1037,105,70.0,HIGH,Healthy,HIGH,True,Healthy,True,True
1001,162,70.0,HIGH,Healthy,HIGH,True,Healthy,True,True
1180,236,70.0,HIGH,Healthy,HIGH,True,Healthy,True,True
1056,144,70.0,HIGH,Healthy,HIGH,True,Healthy,True,True
1053,280,70.0,HIGH,Healthy,HIGH,True,Healthy,True,True
1122,136,70.0,HIGH,Healthy,HIGH,True,Healthy,True,True
1176,219,70.0,HIGH,Healthy,HIGH,True,Healthy,True,True
1196,364,70.0,HIGH,Healthy,HIGH,True,Healthy,True,True
1175,251,70.0,HIGH,Healthy,HIGH,True,Healthy,True,True
1012,334,70.0,HIGH,Healthy,HIGH,True,Healthy,True,True
1016,377,70.0,HIGH,Healthy,HIGH,True,Healthy,True,True
1161,76,70.0,HIGH,Healthy,HIGH,True,Healthy,True,True
1140,274,70.0,HIGH,Healthy,HIGH,True,Healthy,True,True
1039,387,70.0,HIGH,Healthy,HIGH,True,Healthy,True,True
1139,240,70.0,HIGH,Healthy,HIGH,True,Healthy,True,True
1129,145,70.0,HIGH,Healthy,HIGH,True,Healthy,True,True
1151,92,70.0,HIGH,Healthy,HIGH,True,Healthy,True,True
1160,190,70.0,HIGH,Healthy,HIGH,True,Healthy,True,True
1042,225,70.0,HIGH,Healthy,HIGH,True,Healthy,True,True
1002,144,70.0,HIGH,Healthy,HIGH,True,Healthy,True,True
1082,179,70.0,HIGH,Healthy,HIGH,True,Healthy,True,True
1003,137,70.0,HIGH,Healthy,HIGH,True,Healthy,True,True
1166,319,70.0,HIGH,Healthy,HIGH,True,Healthy,True,True
1170,237,70.0,HIGH,Healthy,HIGH,True,Healthy,True,True
1080,165,70.0,HIGH,Healthy,HIGH,True,Healthy,True,True
1199,121,70.0,HIGH,Healthy,HIGH,True,Healthy,True,True
1179,168,70.0,HIGH,Healthy,HIGH,True,Healthy,True,True
1044,300,70.0,HIGH,Healthy,HIGH,True,Healthy,True,True
1163,240,70.0,HIGH,Healthy,HIGH,True,Healthy,True,True
1055,155,70.0,HIGH,Healthy,HIGH,True,Healthy,True,True
1124,117,70.0,HIGH,Healthy,HIGH,True,Healthy,True,True
1010,268,70.0,HIGH,Healthy,HIGH,True,Healthy,True,True
1197,182,70.0,HIGH,Healthy,HIGH,True,Healthy,True,True
1069,185,70.0,HIGH,Healthy,HIGH,True,Healthy,True,True
1078,129,70.0,HIGH,Healthy,HIGH,True,Healthy,True,True
1174,82,70.0,HIGH,Healthy,HIGH,True,Healthy,True,True
1021,242,70.0,HIGH,Healthy,HIGH,True,Healthy,True,True
1005,202,70.0,HIGH,Healthy,HIGH,True,Healthy,True,True
1154,137,70.0,HIGH,Healthy,HIGH,True,Healthy,True,True
1132,225,70.0,HIGH,Healthy,HIGH,True,Healthy,True,True
1099,157,70.0,HIGH,Healthy,HIGH,True,Healthy,True,True
1090,306,70.0,HIGH,Healthy,HIGH,True,Healthy,True,True
1092,212,70.0,HIGH,Healthy,HIGH,True,Healthy,True,True
1007,261,70.0,HIGH,Healthy,HIGH,True,Healthy,True,True
1076,317,70.0,HIGH,Healthy,HIGH,True,Healthy,True,True
1070,448,70.0,HIGH,Healthy,HIGH,True,Healthy,True,True
1072,140,70.0,HIGH,Healthy,HIGH,True,Healthy,True,True
1134,265,70.0,HIGH,Healthy,HIGH,True,Healthy,True,True
1008,179,70.0,HIGH,Healthy,HIGH,True,Healthy,True,True
1144,225,70.0,HIGH,Healthy,HIGH,True,Healthy,True,True
1038,62,70.0,HIGH,Healthy,HIGH,True,Healthy,True,True
1054,67,70.0,HIGH,Healthy,HIGH,True,Healthy,True,True
1172,72,70.0,HIGH,Healthy,HIGH,True,Healthy,True,True
1052,169,70.0,HIGH,Healthy,HIGH,True,Healthy,True,True
1002,153,70.0,HIGH,Healthy,HIGH,True,Healthy,True,True
1051,59,70.0,HIGH,Healthy,HIGH,True,Healthy,True,True
1163,119,70.0,HIGH,Healthy,HIGH,True,Healthy,True,True
1135,79,70.0,HIGH,Healthy,HIGH,True,Healthy,True,True
1102,142,70.0,HIGH,Healthy,HIGH,True,Healthy,True,True
1198,75,70.0,HIGH,Healthy,HIGH,True,Healthy,True,True
1075,123,70.0,HIGH,Healthy,HIGH,True,Healthy,True,True
1063,103,70.0,HIGH,Healthy,HIGH,True,Healthy,True,True
1164,75,70.0,HIGH,Healthy,HIGH,True,Healthy,True,True
1145,82,70.0,HIGH,Healthy,HIGH,True,Healthy,True,True
1019,56,70.0,HIGH,Healthy,HIGH,True,Healthy,True,True
1154,119,70.0,HIGH,Healthy,HIGH,True,Healthy,True,True
1143,141,70.0,HIGH,Healthy,HIGH,True,Healthy,True,True
1046,45,70.0,HIGH,Low,HIGH,True,Low,True,True
1199,72,70.0,HIGH,Healthy,HIGH,True,Healthy,True,True
1152,93,70.0,HIGH,Healthy,HIGH,True,Healthy,True,True
1190,61,70.0,HIGH,Healthy,HIGH,True,Healthy,True,True
1161,56,70.0,HIGH,Healthy,HIGH,True,Healthy,True,True
1189,83,70.0,HIGH,Healthy,HIGH,True,Healthy,True,True
1132,120,70.0,HIGH,Healthy,HIGH,True,Healthy,True,True
1060,71,70.0,HIGH,Healthy,HIGH,True,Healthy,True,True
1136,133,70.0,HIGH,Healthy,HIGH,True,Healthy,True,True
1043,98,70.0,HIGH,Healthy,HIGH,True,Healthy,True,True
1113,148,70.0,HIGH,Healthy,HIGH,True,Healthy,True,True
1030,138,70.0,HIGH,Healthy,HIGH,True,Healthy,True,True
1005,128,70.0,HIGH,Healthy,HIGH,True,Healthy,True,True
1101,65,70.0,HIGH,Healthy,HIGH,True,Healthy,True,True
1073,93,70.0,HIGH,Healthy,HIGH,True,Healthy,True,True
1025,79,70.0,HIGH,Healthy,HIGH,True,Healthy,True,True
1024,174,70.0,HIGH,Healthy,HIGH,True,Healthy,True,True
1071,96,70.0,HIGH,Healthy,HIGH,True,Healthy,True,True
1123,81,70.0,HIGH,Healthy,HIGH,True,Healthy,True,True
1119,203,70.0,HIGH,Healthy,HIGH,True,Healthy,True,True
1095,139,70.0,HIGH,Healthy,HIGH,True,Healthy,True,True
1028,54,70.0,HIGH,Healthy,HIGH,True,Healthy,True,True
1097,83,70.0,HIGH,Healthy,HIGH,True,Healthy,True,True
1065,92,70.0,HIGH,Healthy,HIGH,True,Healthy,True,True
1166,191,70.0,HIGH,Healthy,HIGH,True,Healthy,True,True
1200,192,70.0,HIGH,Healthy,HIGH,True,Healthy,True,True
1130,66,70.0,HIGH,Healthy,HIGH,True,Healthy,True,True
1111,174,70.0,HIGH,Healthy,HIGH,True,Healthy,True,True
1078,36,70.0,HIGH,Low,HIGH,True,Low,True,True
1062,72,70.0,HIGH,Healthy,HIGH,True,Healthy,True,True
1013,168,70.0,HIGH,Healthy,HIGH,True,Healthy,True,True
1169,158,70.0,HIGH,Healthy,HIGH,True,Healthy,True,True
1085,131,70.0,HIGH,Healthy,HIGH,True,Healthy,True,True
1156,129,70.0,HIGH,Healthy,HIGH,True,Healthy,True,True
1016,81,70.0,HIGH,Healthy,HIGH,True,Healthy,True,True
1080,95,70.0,HIGH,Healthy,HIGH,True,Healthy,True,True
1122,123,70.0,HIGH,Healthy,HIGH,True,Healthy,True,True
1137,138,70.0,HIGH,Healthy,HIGH,True,Healthy,True,True
1126,163,70.0,HIGH,Healthy,HIGH,True,Healthy,True,True
1176,150,70.0,HIGH,Healthy,HIGH,True,Healthy,True,True
1037,93,70.0,HIGH,Healthy,HIGH,True,Healthy,True,True
1149,71,70.0,HIGH,Healthy,HIGH,True,Healthy,True,True
1041,175,70.0,HIGH,Healthy,HIGH,True,Healthy,True,True
1069,130,70.0,HIGH,Healthy,HIGH,True,Healthy,True,True
1103,55,70.0,HIGH,Healthy,HIGH,True,Healthy,True,True
1179,120,70.0,HIGH,Healthy,HIGH,True,Healthy,True,True
1045,102,70.0,HIGH,Healthy,HIGH,True,Healthy,True,True
1124,129,70.0,HIGH,Healthy,HIGH,True,Healthy,True,True
1188,84,70.0,HIGH,Healthy,HIGH,True,Healthy,True,True
1050,71,70.0,HIGH,Healthy,HIGH,True,Healthy,True,True
1034,126,70.0,HIGH,Healthy,HIGH,True,Healthy,True,True
1092,127,70.0,HIGH,Healthy,HIGH,True,Healthy,True,True
1177,142,70.0,HIGH,Healthy,HIGH,True,Healthy,True,True
1127,102,70.0,HIGH,Healthy,HIGH,True,Healthy,True,True
1012,66,70.0,HIGH,Healthy,HIGH,True,Healthy,True,True
1070,110,70.0,HIGH,Healthy,HIGH,True,Healthy,True,True
1096,94,70.0,HIGH,Healthy,HIGH,True,Healthy,True,True
1173,58,70.0,HIGH,Healthy,HIGH,True,Healthy,True,True
1014,67,70.0,HIGH,Healthy,HIGH,True,Healthy,True,True
1118,115,70.0,HIGH,Healthy,HIGH,True,Healthy,True,True
1142,85,70.0,HIGH,Healthy,HIGH,True,Healthy,True,True
1020,103,70.0,HIGH,Healthy,HIGH,True,Healthy,True,True
1083,59,70.0,HIGH,Healthy,HIGH,True,Healthy,True,True
1058,120,70.0,HIGH,Healthy,HIGH,True,Healthy,True,True
1072,45,70.0,HIGH,Low,HIGH,True,Low,True,True
1151,83,70.0,HIGH,Healthy,HIGH,True,Healthy,True,True
1059,61,70.0,HIGH,Healthy,HIGH,True,Healthy,True,True
1180,129,70.0,HIGH,Healthy,HIGH,True,Healthy,True,True
1121,174,70.0,HIGH,Healthy,HIGH,True,Healthy,True,True
1061,117,70.0,HIGH,Healthy,HIGH,True,Healthy,True,True
1008,86,70.0,HIGH,Healthy,HIGH,True,Healthy,True,True
1170,85,70.0,HIGH,Healthy,HIGH,True,Healthy,True,True
1006,94,70.0,HIGH,Healthy,HIGH,True,Healthy,True,True
1015,126,70.0,HIGH,Healthy,HIGH,True,Healthy,True,True
1158,165,70.0,HIGH,Healthy,HIGH,True,Healthy,True,True
1182,106,70.0,HIGH,Healthy,HIGH,True,Healthy,True,True
1018,84,70.0,HIGH,Healthy,HIGH,True,Healthy,True,True
1120,193,70.0,HIGH,Healthy,HIGH,True,Healthy,True,True
1067,220,70.0,HIGH,Healthy,HIGH,True,Healthy,True,True
1007,110,70.0,HIGH,Healthy,HIGH,True,Healthy,True,True
1011,82,70.0,HIGH,Healthy,HIGH,True,Healthy,True,True
1099,149,70.0,HIGH,Healthy,HIGH,True,Healthy,True,True
1064,160,70.0,HIGH,Healthy,HIGH,True,Healthy,True,True
1148,78,70.0,HIGH,Healthy,HIGH,True,Healthy,True,True
1032,98,70.0,HIGH,Healthy,HIGH,True,Healthy,True,True
1139,76,70.0,HIGH,Healthy,HIGH,True,Healthy,True,True
1042,142,70.0,HIGH,Healthy,HIGH,True,Healthy,True,True
1105,103,70.0,HIGH,Healthy,HIGH,True,Healthy,True,True
1087,139,70.0,HIGH,Healthy,HIGH,True,Healthy,True,True
1129,91,70.0,HIGH,Healthy,HIGH,True,Healthy,True,True
1185,95,70.0,HIGH,Healthy,HIGH,True,Healthy,True,True
1048,167,70.0,HIGH,Healthy,HIGH,True,Healthy,True,True
1091,145,70.0,HIGH,Healthy,HIGH,True,Healthy,True,True
1049,75,70.0,HIGH,Healthy,HIGH,True,Healthy,True,True
1159,51,70.0,HIGH,Healthy,HIGH,True,Healthy,True,True
1044,123,70.0,HIGH,Healthy,HIGH,True,Healthy,True,True
1017,75,70.0,HIGH,Healthy,HIGH,True,Healthy,True,True
1053,66,70.0,HIGH,Healthy,HIGH,True,Healthy,True,True
1055,56,70.0,HIGH,Healthy,HIGH,True,Healthy,True,True
1128,92,70.0,HIGH,Healthy,HIGH,True,Healthy,True,True
1116,120,70.0,HIGH,Healthy,HIGH,True,Healthy,True,True
1090,94,70.0,HIGH,Healthy,HIGH,True,Healthy,True,True
1047,106,70.0,HIGH,Healthy,HIGH,True,Healthy,True,True
1117,159,70.0,HIGH,Healthy,HIGH,True,Healthy,True,True
1056,97,70.0,HIGH,Healthy,HIGH,True,Healthy,True,True
1153,50,70.0,HIGH,Low,HIGH,True,Low,True,True
1175,81,70.0,HIGH,Healthy,HIGH,True,Healthy,True,True
1084,77,70.0,HIGH,Healthy,HIGH,True,Healthy,True,True
1079,137,70.0,HIGH,Healthy,HIGH,True,Healthy,True,True
1195,135,70.0,HIGH,Healthy,HIGH,True,Healthy,True,True
1194,59,70.0,HIGH,Healthy,HIGH,True,Healthy,True,True
1107,68,70.0,HIGH,Healthy,HIGH,True,Healthy,True,True
1112,102,70.0,HIGH,Healthy,HIGH,True,Healthy,True,True
1165,78,70.0,HIGH,Healthy,HIGH,True,Healthy,True,True
1029,207,70.0,HIGH,Healthy,HIGH,True,Healthy,True,True
1150,83,70.0,HIGH,Healthy,HIGH,True,Healthy,True,True
1098,46,70.0,HIGH,Low,HIGH,True,Low,True,True
1066,74,70.0,HIGH,Healthy,HIGH,True,Healthy,True,True
1168,81,70.0,HIGH,Healthy,HIGH,True,Healthy,True,True
1140,64,70.0,HIGH,Healthy,HIGH,True,Healthy,True,True
1010,102,70.0,HIGH,Healthy,HIGH,True,Healthy,True,True
1109,45,70.0,HIGH,Low,HIGH,True,Low,True,True
1082,52,70.0,HIGH,Healthy,HIGH,True,Healthy,True,True
1033,63,70.0,HIGH,Healthy,HIGH,True,Healthy,True,True
1184,131,70.0,HIGH,Healthy,HIGH,True,Healthy,True,True
1138,53,70.0,HIGH,Healthy,HIGH,True,Healthy,True,True
1174,84,70.0,HIGH,Healthy,HIGH,True,Healthy,True,True
1081,160,70.0,HIGH,Healthy,HIGH,True,Healthy,True,True
1144,129,70.0,HIGH,Healthy,HIGH,True,Healthy,True,True
1009,104,70.0,HIGH,Healthy,HIGH,True,Healthy,True,True
1155,46,70.0,HIGH,Low,HIGH,True,Low,True,True
1106,112,70.0,HIGH,Healthy,HIGH,True,Healthy,True,True
1035,50,70.0,HIGH,Low,HIGH,True,Low,True,True
1115,47,70.0,HIGH,Low,HIGH,True,Low,True,True
1191,148,70.0,HIGH,Healthy,HIGH,True,Healthy,True,True
1160,89,70.0,HIGH,Healthy,HIGH,True,Healthy,True,True
1036,47,70.0,HIGH,Low,HIGH,True,Low,True,True
1031,83,70.0,HIGH,Healthy,HIGH,True,Healthy,True,True
1039,119,70.0,HIGH,Healthy,HIGH,True,Healthy,True,True
1086,222,70.0,HIGH,Healthy,HIGH,True,Healthy,True,True
1027,168,70.0,HIGH,Healthy,HIGH,True,Healthy,True,True
1196,134,70.0,HIGH,Healthy,HIGH,True,Healthy,True,True
1021,112,70.0,HIGH,Healthy,HIGH,True,Healthy,True,True
1040,88,70.0,HIGH,Healthy,HIGH,True,Healthy,True,True
1186,67,70.0,HIGH,Healthy,HIGH,True,Healthy,True,True
1100,57,70.0,HIGH,Healthy,HIGH,True,Healthy,True,True
1086,270,70.0,HIGH,Healthy,HIGH,True,Healthy,True,True
1117,152,70.0,HIGH,Healthy,HIGH,True,Healthy,True,True
1056,150,70.0,HIGH,Healthy,HIGH,True,Healthy,True,True
1168,102,70.0,HIGH,Healthy,HIGH,True,Healthy,True,True
1067,120,70.0,HIGH,Healthy,HIGH,True,Healthy,True,True
1163,177,70.0,HIGH,Healthy,HIGH,True,Healthy,True,True
1162,83,70.0,HIGH,Healthy,HIGH,True,Healthy,True,True
1185,173,70.0,HIGH,Healthy,HIGH,True,Healthy,True,True
1016,122,70.0,HIGH,Healthy,HIGH,True,Healthy,True,True
1141,257,70.0,HIGH,Healthy,HIGH,True,Healthy,True,True
1089,122,70.0,HIGH,Healthy,HIGH,True,Healthy,True,True
1020,256,70.0,HIGH,Healthy,HIGH,True,Healthy,True,True
1132,110,70.0,HIGH,Healthy,HIGH,True,Healthy,True,True
1113,230,70.0,HIGH,Healthy,HIGH,True,Healthy,True,True
1195,209,70.0,HIGH,Healthy,HIGH,True,Healthy,True,True
1171,103,70.0,HIGH,Healthy,HIGH,True,Healthy,True,True
1002,174,70.0,HIGH,Healthy,HIGH,True,Healthy,True,True
1192,105,70.0,HIGH,Healthy,HIGH,True,Healthy,True,True
1028,107,70.0,HIGH,Healthy,HIGH,True,Healthy,True,True
1175,115,70.0,HIGH,Healthy,HIGH,True,Healthy,True,True
1145,70,70.0,HIGH,Healthy,HIGH,True,Healthy,True,True
1178,267,70.0,HIGH,Healthy,HIGH,True,Healthy,True,True
1180,200,70.0,HIGH,Healthy,HIGH,True,Healthy,True,True
1047,120,70.0,HIGH,Healthy,HIGH,True,Healthy,True,True
1005,142,70.0,HIGH,Healthy,HIGH,True,Healthy,True,True
1041,102,70.0,HIGH,Healthy,HIGH,True,Healthy,True,True
1036,155,70.0,HIGH,Healthy,HIGH,True,Healthy,True,True
1115,154,70.0,HIGH,Healthy,HIGH,True,Healthy,True,True
1126,215,70.0,HIGH,Healthy,HIGH,True,Healthy,True,True
1112,103,70.0,HIGH,Healthy,HIGH,True,Healthy,True,True
1078,81,70.0,HIGH,Healthy,HIGH,True,Healthy,True,True
1094,206,70.0,HIGH,Healthy,HIGH,True,Healthy,True,True
1026,93,70.0,HIGH,Healthy,HIGH,True,Healthy,True,True
1189,87,70.0,HIGH,Healthy,HIGH,True,Healthy,True,True
1172,65,70.0,HIGH,Healthy,HIGH,True,Healthy,True,True
1053,255,70.0,HIGH,Healthy,HIGH,True,Healthy,True,True
1048,94,70.0,HIGH,Healthy,HIGH,True,Healthy,True,True
1019,116,70.0,HIGH,Healthy,HIGH,True,Healthy,True,True
1057,165,70.0,HIGH,Healthy,HIGH,True,Healthy,True,True
1030,153,70.0,HIGH,Healthy,HIGH,True,Healthy,True,True
1103,226,70.0,HIGH,Healthy,HIGH,True,Healthy,True,True
1095,165,70.0,HIGH,Healthy,HIGH,True,Healthy,True,True
1080,244,70.0,HIGH,Healthy,HIGH,True,Healthy,True,True
1134,186,70.0,HIGH,Healthy,HIGH,True,Healthy,True,True
1122,146,70.0,HIGH,Healthy,HIGH,True,Healthy,True,True
1128,261,70.0,HIGH,Healthy,HIGH,True,Healthy,True,True
1037,66,70.0,HIGH,Healthy,HIGH,True,Healthy,True,True
1107,114,70.0,HIGH,Healthy,HIGH,True,Healthy,True,True
1072,152,70.0,HIGH,Healthy,HIGH,True,Healthy,True,True
1173,81,70.0,HIGH,Healthy,HIGH,True,Healthy,True,True
1151,78,70.0,HIGH,Healthy,HIGH,True,Healthy,True,True
1133,146,70.0,HIGH,Healthy,HIGH,True,Healthy,True,True
1040,84,70.0,HIGH,Healthy,HIGH,True,Healthy,True,True
1152,184,70.0,HIGH,Healthy,HIGH,True,Healthy,True,True
1131,196,70.0,HIGH,Healthy,HIGH,True,Healthy,True,True
1118,127,70.0,HIGH,Healthy,HIGH,True,Healthy,True,True
1035,151,70.0,HIGH,Healthy,HIGH,True,Healthy,True,True
1091,246,70.0,HIGH,Healthy,HIGH,True,Healthy,True,True
1150,101,70.0,HIGH,Healthy,HIGH,True,Healthy,True,True
1170,226,70.0,HIGH,Healthy,HIGH,True,Healthy,True,True
1186,189,70.0,HIGH,Healthy,HIGH,True,Healthy,True,True
1066,146,70.0,HIGH,Healthy,HIGH,True,Healthy,True,True
1034,108,70.0,HIGH,Healthy,HIGH,True,Healthy,True,True
1051,67,70.0,HIGH,Healthy,HIGH,True,Healthy,True,True
1012,210,70.0,HIGH,Healthy,HIGH,True,Healthy,True,True
1193,119,70.0,HIGH,Healthy,HIGH,True,Healthy,True,True
1102,189,70.0,HIGH,Healthy,HIGH,True,Healthy,True,True
1025,89,70.0,HIGH,Healthy,HIGH,True,Healthy,True,True
1166,329,70.0,HIGH,Healthy,HIGH,True,Healthy,True,True
1060,91,70.0,HIGH,Healthy,HIGH,True,Healthy,True,True
1165,93,70.0,HIGH,Healthy,HIGH,True,Healthy,True,True
1174,152,70.0,HIGH,Healthy,HIGH,True,Healthy,True,True
1127,234,70.0,HIGH,Healthy,HIGH,True,Healthy,True,True
1111,109,70.0,HIGH,Healthy,HIGH,True,Healthy,True,True
1043,66,70.0,HIGH,Healthy,HIGH,True,Healthy,True,True
1063,260,70.0,HIGH,Healthy,HIGH,True,Healthy,True,True
1155,120,70.0,HIGH,Healthy,HIGH,True,Healthy,True,True
1006,124,70.0,HIGH,Healthy,HIGH,True,Healthy,True,True
1144,72,70.0,HIGH,Healthy,HIGH,True,Healthy,True,True
1064,171,70.0,HIGH,Healthy,HIGH,True,Healthy,True,True
1194,188,70.0,HIGH,Healthy,HIGH,True,Healthy,True,True
1093,199,70.0,HIGH,Healthy,HIGH,True,Healthy,True,True
1073,85,70.0,HIGH,Healthy,HIGH,True,Healthy,True,True
1011,174,70.0,HIGH,Healthy,HIGH,True,Healthy,True,True
1099,158,70.0,HIGH,Healthy,HIGH,True,Healthy,True,True
1114,127,70.0,HIGH,Healthy,HIGH,True,Healthy,True,True
1106,139,70.0,HIGH,Healthy,HIGH,True,Healthy,True,True
1200,241,70.0,HIGH,Healthy,HIGH,True,Healthy,True,True
1003,118,70.0,HIGH,Healthy,HIGH,True,Healthy,True,True
1001,129,70.0,HIGH,Healthy,HIGH,True,Healthy,True,True
1046,84,70.0,HIGH,Healthy,HIGH,True,Healthy,True,True
1096,151,70.0,HIGH,Healthy,HIGH,True,Healthy,True,True
1157,101,70.0,HIGH,Healthy,HIGH,True,Healthy,True,True
1010,121,70.0,HIGH,Healthy,HIGH,True,Healthy,True,True
1121,116,70.0,HIGH,Healthy,HIGH,True,Healthy,True,True
1029,217,70.0,HIGH,Healthy,HIGH,True,Healthy,True,True
1022,159,70.0,HIGH,Healthy,HIGH,True,Healthy,True,True
1140,95,70.0,HIGH,Healthy,HIGH,True,Healthy,True,True
1087,195,70.0,HIGH,Healthy,HIGH,True,Healthy,True,True
1156,202,70.0,HIGH,Healthy,HIGH,True,Healthy,True,True
1076,151,70.0,HIGH,Healthy,HIGH,True,Healthy,True,True
1007,133,70.0,HIGH,Healthy,HIGH,True,Healthy,True,True
1031,255,70.0,HIGH,Healthy,HIGH,True,Healthy,True,True
1088,152,70.0,HIGH,Healthy,HIGH,True,Healthy,True,True
1143,195,70.0,HIGH,Healthy,HIGH,True,Healthy,True,True
1100,156,70.0,HIGH,Healthy,HIGH,True,Healthy,True,True
1013,270,70.0,HIGH,Healthy,HIGH,True,Healthy,True,True
1147,159,70.0,HIGH,Healthy,HIGH,True,Healthy,True,True
1154,179,70.0,HIGH,Healthy,HIGH,True,Healthy,True,True
1153,115,70.0,HIGH,Healthy,HIGH,True,Healthy,True,True
1074,116,70.0,HIGH,Healthy,HIGH,True,Healthy,True,True
1082,120,70.0,HIGH,Healthy,HIGH,True,Healthy,True,True
1054,154,70.0,HIGH,Healthy,HIGH,True,Healthy,True,True
1138,93,70.0,HIGH,Healthy,HIGH,True,Healthy,True,True
1039,192,70.0,HIGH,Healthy,HIGH,True,Healthy,True,True
1146,212,70.0,HIGH,Healthy,HIGH,True,Healthy,True,True
1004,193,70.0,HIGH,Healthy,HIGH,True,Healthy,True,True
1068,82,70.0,HIGH,Healthy,HIGH,True,Healthy,True,True
1179,80,70.0,HIGH,Healthy,HIGH,True,Healthy,True,True
1098,132,70.0,HIGH,Healthy,HIGH,True,Healthy,True,True
1052,211,70.0,HIGH,Healthy,HIGH,True,Healthy,True,True
1058,136,70.0,HIGH,Healthy,HIGH,True,Healthy,True,True
1160,128,70.0,HIGH,Healthy,HIGH,True,Healthy,True,True
1083,97,70.0,HIGH,Healthy,HIGH,True,Healthy,True,True
1090,207,70.0,HIGH,Healthy,HIGH,True,Healthy,True,True
1130,261,70.0,HIGH,Healthy,HIGH,True,Healthy,True,True
1136,80,70.0,HIGH,Healthy,HIGH,True,Healthy,True,True
1032,101,70.0,HIGH,Healthy,HIGH,True,Healthy,True,True
1120,187,70.0,HIGH,Healthy,HIGH,True,Healthy,True,True
1110,289,70.0,HIGH,Healthy,HIGH,True,Healthy,True,True
1059,144,70.0,HIGH,Healthy,HIGH,True,Healthy,True,True
1149,87,70.0,HIGH,Healthy,HIGH,True,Healthy,True,True
1167,228,70.0,HIGH,Healthy,HIGH,True,Healthy,True,True
1182,282,70.0,HIGH,Healthy,HIGH,True,Healthy,True,True
1033,92,70.0,HIGH,Healthy,HIGH,True,Healthy,True,True
1027,217,70.0,HIGH,Healthy,HIGH,True,Healthy,True,True
1161,100,70.0,HIGH,Healthy,HIGH,True,Healthy,True,True
1123,165,70.0,HIGH,Healthy,HIGH,True,Healthy,True,True
1158,107,70.0,HIGH,Healthy,HIGH,True,Healthy,True,True
1197,83,70.0,HIGH,Healthy,HIGH,True,Healthy,True,True
1071,335,70.0,HIGH,Healthy,HIGH,True,Healthy,True,True
1024,130,70.0,HIGH,Healthy,HIGH,True,Healthy,True,True
1105,290,70.0,HIGH,Healthy,HIGH,True,Healthy,True,True
1062,101,70.0,HIGH,Healthy,HIGH,True,Healthy,True,True
1042,308,70.0,HIGH,Healthy,HIGH,True,Healthy,True,True
1075,187,70.0,HIGH,Healthy,HIGH,True,Healthy,True,True
1015,161,70.0,HIGH,Healthy,HIGH,True,Healthy,True,True
1021,206,70.0,HIGH,Healthy,HIGH,True,Healthy,True,True
1085,85,70.0,HIGH,Healthy,HIGH,True,Healthy,True,True
1077,128,70.0,HIGH,Healthy,HIGH,True,Healthy,True,True
1038,86,70.0,HIGH,Healthy,HIGH,True,Healthy,True,True
1069,196,70.0,HIGH,Healthy,HIGH,True,Healthy,True,True
1094,211,70.0,HIGH,Healthy,HIGH,True,Healthy,True,True
1111,231,70.0,HIGH,Healthy,HIGH,True,Healthy,True,True
1140,140,70.0,HIGH,Healthy,HIGH,True,Healthy,True,True
1165,270,70.0,HIGH,Healthy,HIGH,True,Healthy,True,True
1142,186,70.0,HIGH,Healthy,HIGH,True,Healthy,True,True
1168,222,70.0,HIGH,Healthy,HIGH,True,Healthy,True,True
1049,178,70.0,HIGH,Healthy,HIGH,True,Healthy,True,True
1071,415,70.0,HIGH,Healthy,HIGH,True,Healthy,True,True
1048,279,70.0,HIGH,Healthy,HIGH,True,Healthy,True,True
1058,250,70.0,HIGH,Healthy,HIGH,True,Healthy,True,True
1084,123,70.0,HIGH,Healthy,HIGH,True,Healthy,True,True
1095,326,70.0,HIGH,Healthy,HIGH,True,Healthy,True,True
1150,201,70.0,HIGH,Healthy,HIGH,True,Healthy,True,True
1105,168,70.0,HIGH,Healthy,HIGH,True,Healthy,True,True
1192,128,70.0,HIGH,Healthy,HIGH,True,Healthy,True,True
1113,316,70.0,HIGH,Healthy,HIGH,True,Healthy,True,True
1125,233,70.0,HIGH,Healthy,HIGH,True,Healthy,True,True
1176,126,70.0,HIGH,Healthy,HIGH,True,Healthy,True,True
1124,132,70.0,HIGH,Healthy,HIGH,True,Healthy,True,True
1057,351,70.0,HIGH,Healthy,HIGH,True,Healthy,True,True
1043,119,70.0,HIGH,Healthy,HIGH,True,Healthy,True,True
1012,282,70.0,HIGH,Healthy,HIGH,True,Healthy,True,True
1184,154,70.0,HIGH,Healthy,HIGH,True,Healthy,True,True
1006,336,70.0,HIGH,Healthy,HIGH,True,Healthy,True,True
1025,192,70.0,HIGH,Healthy,HIGH,True,Healthy,True,True
1119,265,70.0,HIGH,Healthy,HIGH,True,Healthy,True,True
1117,319,70.0,HIGH,Healthy,HIGH,True,Healthy,True,True
1133,108,70.0,HIGH,Healthy,HIGH,True,Healthy,True,True
1144,155,70.0,HIGH,Healthy,HIGH,True,Healthy,True,True
1099,113,70.0,HIGH,Healthy,HIGH,True,Healthy,True,True
1033,120,70.0,HIGH,Healthy,HIGH,True,Healthy,True,True
1074,138,70.0,HIGH,Healthy,HIGH,True,Healthy,True,True
1193,264,70.0,HIGH,Healthy,HIGH,True,Healthy,True,True
1166,396,70.0,HIGH,Healthy,HIGH,True,Healthy,True,True
1195,271,70.0,HIGH,Healthy,HIGH,True,Healthy,True,True
1108,282,70.0,HIGH,Healthy,HIGH,True,Healthy,True,True
1016,167,70.0,HIGH,Healthy,HIGH,True,Healthy,True,True
1173,164,70.0,HIGH,Healthy,HIGH,True,Healthy,True,True
1158,135,70.0,HIGH,Healthy,HIGH,True,Healthy,True,True
1047,180,70.0,HIGH,Healthy,HIGH,True,Healthy,True,True
1013,289,70.0,HIGH,Healthy,HIGH,True,Healthy,True,True
1135,260,70.0,HIGH,Healthy,HIGH,True,Healthy,True,True
1197,108,70.0,HIGH,Healthy,HIGH,True,Healthy,True,True
1170,173,70.0,HIGH,Healthy,HIGH,True,Healthy,True,True
1064,242,70.0,HIGH,Healthy,HIGH,True,Healthy,True,True
1198,224,70.0,HIGH,Healthy,HIGH,True,Healthy,True,True
1194,228,70.0,HIGH,Healthy,HIGH,True,Healthy,True,True
1134,179,70.0,HIGH,Healthy,HIGH,True,Healthy,True,True
1035,182,70.0,HIGH,Healthy,HIGH,True,Healthy,True,True
1188,281,70.0,HIGH,Healthy,HIGH,True,Healthy,True,True
1115,116,70.0,HIGH,Healthy,HIGH,True,Healthy,True,True
1080,238,70.0,HIGH,Healthy,HIGH,True,Healthy,True,True
1091,248,70.0,HIGH,Healthy,HIGH,True,Healthy,True,True
1121,437,70.0,HIGH,Healthy,HIGH,True,Healthy,True,True
1019,92,70.0,HIGH,Healthy,HIGH,True,Healthy,True,True
1052,356,70.0,HIGH,Healthy,HIGH,True,Healthy,True,True
1104,280,70.0,HIGH,Healthy,HIGH,True,Healthy,True,True
1031,199,70.0,HIGH,Healthy,HIGH,True,Healthy,True,True
1008,287,70.0,HIGH,Healthy,HIGH,True,Healthy,True,True
1118,251,70.0,HIGH,Healthy,HIGH,True,Healthy,True,True
1199,191,70.0,HIGH,Healthy,HIGH,True,Healthy,True,True
1098,190,70.0,HIGH,Healthy,HIGH,True,Healthy,True,True
1007,157,70.0,HIGH,Healthy,HIGH,True,Healthy,True,True
1056,353,70.0,HIGH,Healthy,HIGH,True,Healthy,True,True
1102,257,70.0,HIGH,Healthy,HIGH,True,Healthy,True,True
1181,178,70.0,HIGH,Healthy,HIGH,True,Healthy,True,True
1010,259,70.0,HIGH,Healthy,HIGH,True,Healthy,True,True
1139,256,70.0,HIGH,Healthy,HIGH,True,Healthy,True,True
1026,164,70.0,HIGH,Healthy,HIGH,True,Healthy,True,True
1054,260,70.0,HIGH,Healthy,HIGH,True,Healthy,True,True
1178,354,70.0,HIGH,Healthy,HIGH,True,Healthy,True,True
1018,125,70.0,HIGH,Healthy,HIGH,True,Healthy,True,True
1151,197,70.0,HIGH,Healthy,HIGH,True,Healthy,True,True
1100,104,70.0,HIGH,Healthy,HIGH,True,Healthy,True,True
1093,311,70.0,HIGH,Healthy,HIGH,True,Healthy,True,True
1152,147,70.0,HIGH,Healthy,HIGH,True,Healthy,True,True
1183,84,70.0,HIGH,Healthy,HIGH,True,Healthy,True,True
1002,141,70.0,HIGH,Healthy,HIGH,True,Healthy,True,True
1040,143,70.0,HIGH,Healthy,HIGH,True,Healthy,True,True
1096,163,70.0,HIGH,Healthy,HIGH,True,Healthy,True,True
1046,261,70.0,HIGH,Healthy,HIGH,True,Healthy,True,True
1011,248,70.0,HIGH,Healthy,HIGH,True,Healthy,True,True
1045,170,70.0,HIGH,Healthy,HIGH,True,Healthy,True,True
1153,203,70.0,HIGH,Healthy,HIGH,True,Healthy,True,True
1141,240,70.0,HIGH,Healthy,HIGH,True,Healthy,True,True
1042,271,70.0,HIGH,Healthy,HIGH,True,Healthy,True,True
1114,155,70.0,HIGH,Healthy,HIGH,True,Healthy,True,True
1174,165,70.0,HIGH,Healthy,HIGH,True,Healthy,True,True
1185,241,70.0,HIGH,Healthy,HIGH,True,Healthy,True,True
1075,349,70.0,HIGH,Healthy,HIGH,True,Healthy,True,True
1131,155,70.0,HIGH,Healthy,HIGH,True,Healthy,True,True
1090,142,70.0,HIGH,Healthy,HIGH,True,Healthy,True,True
1015,323,70.0,HIGH,Healthy,HIGH,True,Healthy,True,True
1110,371,70.0,HIGH,Healthy,HIGH,True,Healthy,True,True
1146,165,70.0,HIGH,Healthy,HIGH,True,Healthy,True,True
1072,199,70.0,HIGH,Healthy,HIGH,True,Healthy,True,True
1001,117,70.0,HIGH,Healthy,HIGH,True,Healthy,True,True
1067,154,70.0,HIGH,Healthy,HIGH,True,Healthy,True,True
1092,249,70.0,HIGH,Healthy,HIGH,True,Healthy,True,True
1097,205,70.0,HIGH,Healthy,HIGH,True,Healthy,True,True
1023,241,70.0,HIGH,Healthy,HIGH,True,Healthy,True,True
1162,293,70.0,HIGH,Healthy,HIGH,True,Healthy,True,True
1128,447,70.0,HIGH,Healthy,HIGH,True,Healthy,True,True
1032,356,70.0,HIGH,Healthy,HIGH,True,Healthy,True,True
1101,232,70.0,HIGH,Healthy,HIGH,True,Healthy,True,True
1051,163,70.0,HIGH,Healthy,HIGH,True,Healthy,True,True
1164,114,70.0,HIGH,Healthy,HIGH,True,Healthy,True,True
1103,151,70.0,HIGH,Healthy,HIGH,True,Healthy,True,True
1065,141,70.0,HIGH,Healthy,HIGH,True,Healthy,True,True
1009,124,70.0,HIGH,Healthy,HIGH,True,Healthy,True,True
1005,209,70.0,HIGH,Healthy,HIGH,True,Healthy,True,True
1147,157,70.0,HIGH,Healthy,HIGH,True,Healthy,True,True
1021,376,70.0,HIGH,Healthy,HIGH,True,Healthy,True,True
1082,213,70.0,HIGH,Healthy,HIGH,True,Healthy,True,True
1062,273,70.0,HIGH,Healthy,HIGH,True,Healthy,True,True
1028,213,70.0,HIGH,Healthy,HIGH,True,Healthy,True,True
1132,123,70.0,HIGH,Healthy,HIGH,True,Healthy,True,True
1127,382,70.0,HIGH,Healthy,HIGH,True,Healthy,True,True
1085,278,70.0,HIGH,Healthy,HIGH,True,Healthy,True,True
1068,187,70.0,HIGH,Healthy,HIGH,True,Healthy,True,True
1161,176,70.0,HIGH,Healthy,HIGH,True,Healthy,True,True
1196,259,70.0,HIGH,Healthy,HIGH,True,Healthy,True,True
1191,274,70.0,HIGH,Healthy,HIGH,True,Healthy,True,True
1063,141,70.0,HIGH,Healthy,HIGH,True,Healthy,True,True
1112,186,70.0,HIGH,Healthy,HIGH,True,Healthy,True,True
1050,251,70.0,HIGH,Healthy,HIGH,True,Healthy,True,True
1083,235,70.0,HIGH,Healthy,HIGH,True,Healthy,True,True
1148,267,70.0,HIGH,Healthy,HIGH,True,Healthy,True,True
1145,207,70.0,HIGH,Healthy,HIGH,True,Healthy,True,True
1180,293,70.0,HIGH,Healthy,HIGH,True,Healthy,True,True
1004,223,70.0,HIGH,Healthy,HIGH,True,Healthy,True,True
1143,112,70.0,HIGH,Healthy,HIGH,True,Healthy,True,True
1106,159,70.0,HIGH,Healthy,HIGH,True,Healthy,True,True
1022,155,70.0,HIGH,Healthy,HIGH,True,Healthy,True,True
1089,129,70.0,HIGH,Healthy,HIGH,True,Healthy,True,True
1003,192,70.0,HIGH,Healthy,HIGH,True,Healthy,True,True
1120,313,70.0,HIGH,Healthy,HIGH,True,Healthy,True,True
1020,250,70.0,HIGH,Healthy,HIGH,True,Healthy,True,True
1189,206,70.0,HIGH,Healthy,HIGH,True,Healthy,True,True
1088,254,70.0,HIGH,Healthy,HIGH,True,Healthy,True,True
1171,263,70.0,HIGH,Healthy,HIGH,True,Healthy,True,True
1123,242,70.0,HIGH,Healthy,HIGH,True,Healthy,True,True
1073,112,70.0,HIGH,Healthy,HIGH,True,Healthy,True,True
1177,216,70.0,HIGH,Healthy,HIGH,True,Healthy,True,True
1167,404,70.0,HIGH,Healthy,HIGH,True,Healthy,True,True
1069,431,70.0,HIGH,Healthy,HIGH,True,Healthy,True,True
1116,285,70.0,HIGH,Healthy,HIGH,True,Healthy,True,True
1137,261,70.0,HIGH,Healthy,HIGH,True,Healthy,True,True
1066,219,70.0,HIGH,Healthy,HIGH,True,Healthy,True,True
1182,353,70.0,HIGH,Healthy,HIGH,True,Healthy,True,True
1179,182,70.0,HIGH,Healthy,HIGH,True,Healthy,True,True
1130,220,70.0,HIGH,Healthy,HIGH,True,Healthy,True,True
1156,147,70.0,HIGH,Healthy,HIGH,True,Healthy,True,True
1070,343,70.0,HIGH,Healthy,HIGH,True,Healthy,True,True
1027,192,70.0,HIGH,Healthy,HIGH,True,Healthy,True,True
1190,201,70.0,HIGH,Healthy,HIGH,True,Healthy,True,True
1030,221,70.0,HIGH,Healthy,HIGH,True,Healthy,True,True
1086,208,70.0,HIGH,Healthy,HIGH,True,Healthy,True,True
1059,206,70.0,HIGH,Healthy,HIGH,True,Healthy,True,True
1061,299,70.0,HIGH,Healthy,HIGH,True,Healthy,True,True
1163,114,70.0,HIGH,Healthy,HIGH,True,Healthy,True,True
1078,192,70.0,HIGH,Healthy,HIGH,True,Healthy,True,True
1014,268,70.0,HIGH,Healthy,HIGH,True,Healthy,True,True
1109,157,70.0,HIGH,Healthy,HIGH,True,Healthy,True,True
1077,244,70.0,HIGH,Healthy,HIGH,True,Healthy,True,True
1129,204,70.0,HIGH,Healthy,HIGH,True,Healthy,True,True
1160,143,70.0,HIGH,Healthy,HIGH,True,Healthy,True,True
1165,212,70.0,HIGH,Healthy,HIGH,True,Healthy,True,True
1010,351,70.0,HIGH,Healthy,HIGH,True,Healthy,True,True
1038,123,70.0,HIGH,Healthy,HIGH,True,Healthy,True,True
1151,167,70.0,HIGH,Healthy,HIGH,True,Healthy,True,True
1140,299,70.0,HIGH,Healthy,HIGH,True,Healthy,True,True
1188,405,70.0,HIGH,Healthy,HIGH,True,Healthy,True,True
1046,128,70.0,HIGH,Healthy,HIGH,True,Healthy,True,True
1154,134,70.0,HIGH,Healthy,HIGH,True,Healthy,True,True
1120,387,70.0,HIGH,Healthy,HIGH,True,Healthy,True,True
1012,142,70.0,HIGH,Healthy,HIGH,True,Healthy,True,True
1176,291,70.0,HIGH,Healthy,HIGH,True,Healthy,True,True
1085,202,70.0,HIGH,Healthy,HIGH,True,Healthy,True,True
1024,399,70.0,HIGH,Healthy,HIGH,True,Healthy,True,True
1050,216,70.0,HIGH,Healthy,HIGH,True,Healthy,True,True
1078,176,70.0,HIGH,Healthy,HIGH,True,Healthy,True,True
1179,90,70.0,HIGH,Healthy,HIGH,True,Healthy,True,True
1067,359,70.0,HIGH,Healthy,HIGH,True,Healthy,True,True
1052,275,70.0,HIGH,Healthy,HIGH,True,Healthy,True,True
1133,101,70.0,HIGH,Healthy,HIGH,True,Healthy,True,True
1169,174,70.0,HIGH,Healthy,HIGH,True,Healthy,True,True
1125,154,70.0,HIGH,Healthy,HIGH,True,Healthy,True,True
1045,168,70.0,HIGH,Healthy,HIGH,True,Healthy,True,True
1096,170,70.0,HIGH,Healthy,HIGH,True,Healthy,True,True
1075,273,70.0,HIGH,Healthy,HIGH,True,Healthy,True,True
1027,248,70.0,HIGH,Healthy,HIGH,True,Healthy,True,True
1002,148,70.0,HIGH,Healthy,HIGH,True,Healthy,True,True
1021,303,70.0,HIGH,Healthy,HIGH,True,Healthy,True,True
1134,206,70.0,HIGH,Healthy,HIGH,True,Healthy,True,True
1053,196,70.0,HIGH,Healthy,HIGH,True,Healthy,True,True
1161,82,70.0,HIGH,Healthy,HIGH,True,Healthy,True,True
1122,225,70.0,HIGH,Healthy,HIGH,True,Healthy,True,True
1144,246,70.0,HIGH,Healthy,HIGH,True,Healthy,True,True
1070,172,70.0,HIGH,Healthy,HIGH,True,Healthy,True,True
1117,165,70.0,HIGH,Healthy,HIGH,True,Healthy,True,True
1086,277,70.0,HIGH,Healthy,HIGH,True,Healthy,True,True
1007,202,70.0,HIGH,Healthy,HIGH,True,Healthy,True,True
1089,183,70.0,HIGH,Healthy,HIGH,True,Healthy,True,True
1087,295,70.0,HIGH,Healthy,HIGH,True,Healthy,True,True
1119,365,70.0,HIGH,Healthy,HIGH,True,Healthy,True,True
1101,268,70.0,HIGH,Healthy,HIGH,True,Healthy,True,True
1051,94,70.0,HIGH,Healthy,HIGH,True,Healthy,True,True
1044,255,70.0,HIGH,Healthy,HIGH,True,Healthy,True,True
1042,341,70.0,HIGH,Healthy,HIGH,True,Healthy,True,True
1142,79,70.0,HIGH,Healthy,HIGH,True,Healthy,True,True
1035,110,70.0,HIGH,Healthy,HIGH,True,Healthy,True,True
1006,137,70.0,HIGH,Healthy,HIGH,True,Healthy,True,True
1097,271,70.0,HIGH,Healthy,HIGH,True,Healthy,True,True
1198,155,70.0,HIGH,Healthy,HIGH,True,Healthy,True,True
1099,259,70.0,HIGH,Healthy,HIGH,True,Healthy,True,True
1107,121,70.0,HIGH,Healthy,HIGH,True,Healthy,True,True
1083,153,70.0,HIGH,Healthy,HIGH,True,Healthy,True,True
1066,150,70.0,HIGH,Healthy,HIGH,True,Healthy,True,True
1114,161,70.0,HIGH,Healthy,HIGH,True,Healthy,True,True
1015,136,70.0,HIGH,Healthy,HIGH,True,Healthy,True,True
1061,200,70.0,HIGH,Healthy,HIGH,True,Healthy,True,True
1001,145,70.0,HIGH,Healthy,HIGH,True,Healthy,True,True
1104,303,70.0,HIGH,Healthy,HIGH,True,Healthy,True,True
1082,189,70.0,HIGH,Healthy,HIGH,True,Healthy,True,True
1014,272,70.0,HIGH,Healthy,HIGH,True,Healthy,True,True
1028,146,70.0,HIGH,Healthy,HIGH,True,Healthy,True,True
1100,100,70.0,HIGH,Healthy,HIGH,True,Healthy,True,True
1189,122,70.0,HIGH,Healthy,HIGH,True,Healthy,True,True
1013,353,70.0,HIGH,Healthy,HIGH,True,Healthy,True,True
1185,132,70.0,HIGH,Healthy,HIGH,True,Healthy,True,True
1191,263,70.0,HIGH,Healthy,HIGH,True,Healthy,True,True
1090,265,70.0,HIGH,Healthy,HIGH,True,Healthy,True,True
1116,125,70.0,HIGH,Healthy,HIGH,True,Healthy,True,True
1157,111,70.0,HIGH,Healthy,HIGH,True,Healthy,True,True
1118,311,70.0,HIGH,Healthy,HIGH,True,Healthy,True,True
1043,182,70.0,HIGH,Healthy,HIGH,True,Healthy,True,True
1030,304,70.0,HIGH,Healthy,HIGH,True,Healthy,True,True
1109,201,70.0,HIGH,Healthy,HIGH,True,Healthy,True,True
1170,258,70.0,HIGH,Healthy,HIGH,True,Healthy,True,True
1127,352,70.0,HIGH,Healthy,HIGH,True,Healthy,True,True
1105,235,70.0,HIGH,Healthy,HIGH,True,Healthy,True,True
1193,313,70.0,HIGH,Healthy,HIGH,True,Healthy,True,True
1005,261,70.0,HIGH,Healthy,HIGH,True,Healthy,True,True
1069,218,70.0,HIGH,Healthy,HIGH,True,Healthy,True,True
1074,297,70.0,HIGH,Healthy,HIGH,True,Healthy,True,True
1199,102,70.0,HIGH,Healthy,HIGH,True,Healthy,True,True
1195,251,70.0,HIGH,Healthy,HIGH,True,Healthy,True,True
1173,103,70.0,HIGH,Healthy,HIGH,True,Healthy,True,True
1019,102,70.0,HIGH,Healthy,HIGH,True,Healthy,True,True
1108,192,70.0,HIGH,Healthy,HIGH,True,Healthy,True,True
1153,133,70.0,HIGH,Healthy,HIGH,True,Healthy,True,True
1164,157,70.0,HIGH,Healthy,HIGH,True,Healthy,True,True
1055,115,70.0,HIGH,Healthy,HIGH,True,Healthy,True,True
1159,146,70.0,HIGH,Healthy,HIGH,True,Healthy,True,True
1032,178,70.0,HIGH,Healthy,HIGH,True,Healthy,True,True
1036,126,70.0,HIGH,Healthy,HIGH,True,Healthy,True,True
1025,103,70.0,HIGH,Healthy,HIGH,True,Healthy,True,True
1181,141,70.0,HIGH,Healthy,HIGH,True,Healthy,True,True
1048,253,70.0,HIGH,Healthy,HIGH,True,Healthy,True,True
1017,144,70.0,HIGH,Healthy,HIGH,True,Healthy,True,True
1003,261,70.0,HIGH,Healthy,HIGH,True,Healthy,True,True
1091,213,70.0,HIGH,Healthy,HIGH,True,Healthy,True,True
1180,280,70.0,HIGH,Healthy,HIGH,True,Healthy,True,True
1041,267,70.0,HIGH,Healthy,HIGH,True,Healthy,True,True
1184,182,70.0,HIGH,Healthy,HIGH,True,Healthy,True,True
1178,199,70.0,HIGH,Healthy,HIGH,True,Healthy,True,True
1040,205,70.0,HIGH,Healthy,HIGH,True,Healthy,True,True
1073,92,70.0,HIGH,Healthy,HIGH,True,Healthy,True,True
1072,85,70.0,HIGH,Healthy,HIGH,True,Healthy,True,True
1095,224,70.0,HIGH,Healthy,HIGH,True,Healthy,True,True
1166,427,70.0,HIGH,Healthy,HIGH,True,Healthy,True,True
1126,365,70.0,HIGH,Healthy,HIGH,True,Healthy,True,True
1172,93,70.0,HIGH,Healthy,HIGH,True,Healthy,True,True
1163,123,70.0,HIGH,Healthy,HIGH,True,Healthy,True,True
1039,161,70.0,HIGH,Healthy,HIGH,True,Healthy,True,True
1187,263,70.0,HIGH,Healthy,HIGH,True,Healthy,True,True
1196,263,70.0,HIGH,Healthy,HIGH,True,Healthy,True,True
1155,97,70.0,HIGH,Healthy,HIGH,True,Healthy,True,True
1121,195,70.0,HIGH,Healthy,HIGH,True,Healthy,True,True
1111,220,70.0,HIGH,Healthy,HIGH,True,Healthy,True,True
1071,444,70.0,HIGH,Healthy,HIGH,True,Healthy,True,True
1194,160,70.0,HIGH,Healthy,HIGH,True,Healthy,True,True
1058,263,70.0,HIGH,Healthy,HIGH,True,Healthy,True,True
1004,318,70.0,HIGH,Healthy,HIGH,True,Healthy,True,True
1031,149,70.0,HIGH,Healthy,HIGH,True,Healthy,True,True
1056,141,70.0,HIGH,Healthy,HIGH,True,Healthy,True,True
1094,326,70.0,HIGH,Healthy,HIGH,True,Healthy,True,True
1026,208,70.0,HIGH,Healthy,HIGH,True,Healthy,True,True
1020,277,70.0,HIGH,Healthy,HIGH,True,Healthy,True,True
1137,158,70.0,HIGH,Healthy,HIGH,True,Healthy,True,True
1076,308,70.0,HIGH,Healthy,HIGH,True,Healthy,True,True
1009,131,70.0,HIGH,Healthy,HIGH,True,Healthy,True,True
1124,183,70.0,HIGH,Healthy,HIGH,True,Healthy,True,True
1200,336,70.0,HIGH,Healthy,HIGH,True,Healthy,True,True
1049,155,70.0,HIGH,Healthy,HIGH,True,Healthy,True,True
1059,193,70.0,HIGH,Healthy,HIGH,True,Healthy,True,True
1064,154,70.0,HIGH,Healthy,HIGH,True,Healthy,True,True
1145,193,70.0,HIGH,Healthy,HIGH,True,Healthy,True,True
1022,148,70.0,HIGH,Healthy,HIGH,True,Healthy,True,True
1018,275,70.0,HIGH,Healthy,HIGH,True,Healthy,True,True
1079,150,70.0,HIGH,Healthy,HIGH,True,Healthy,True,True
1060,124,70.0,HIGH,Healthy,HIGH,True,Healthy,True,True
1113,158,70.0,HIGH,Healthy,HIGH,True,Healthy,True,True
1106,263,70.0,HIGH,Healthy,HIGH,True,Healthy,True,True
1098,144,70.0,HIGH,Healthy,HIGH,True,Healthy,True,True
1102,351,70.0,HIGH,Healthy,HIGH,True,Healthy,True,True
1008,291,70.0,HIGH,Healthy,HIGH,True,Healthy,True,True
1011,112,70.0,HIGH,Healthy,HIGH,True,Healthy,True,True
1033,125,70.0,HIGH,Healthy,HIGH,True,Healthy,True,True
1160,303,70.0,HIGH,Healthy,HIGH,True,Healthy,True,True
1047,104,70.0,HIGH,Healthy,HIGH,True,Healthy,True,True
1057,153,70.0,HIGH,Healthy,HIGH,True,Healthy,True,True
1139,116,70.0,HIGH,Healthy,HIGH,True,Healthy,True,True
1077,141,70.0,HIGH,Healthy,HIGH,True,Healthy,True,True
1190,256,70.0,HIGH,Healthy,HIGH,True,Healthy,True,True
1081,245,70.0,HIGH,Healthy,HIGH,True,Healthy,True,True
1129,187,70.0,HIGH,Healthy,HIGH,True,Healthy,True,True
1065,205,70.0,HIGH,Healthy,HIGH,True,Healthy,True,True
1034,193,70.0,HIGH,Healthy,HIGH,True,Healthy,True,True
1177,311,70.0,HIGH,Healthy,HIGH,True,Healthy,True,True
1093,266,70.0,HIGH,Healthy,HIGH,True,Healthy,True,True
1110,332,70.0,HIGH,Healthy,HIGH,True,Healthy,True,True
1183,143,70.0,HIGH,Healthy,HIGH,True,Healthy,True,True
1131,244,70.0,HIGH,Healthy,HIGH,True,Healthy,True,True
1168,325,70.0,HIGH,Healthy,HIGH,True,Healthy,True,True
1197,207,70.0,HIGH,Healthy,HIGH,True,Healthy,True,True
1132,252,70.0,HIGH,Healthy,HIGH,True,Healthy,True,True
1037,104,70.0,HIGH,Healthy,HIGH,True,Healthy,True,True
1147,173,70.0,HIGH,Healthy,HIGH,True,Healthy,True,True
1016,202,70.0,HIGH,Healthy,HIGH,True,Healthy,True,True
1141,292,70.0,HIGH,Healthy,HIGH,True,Healthy,True,True
1167,206,70.0,HIGH,Healthy,HIGH,True,Healthy,True,True
1110,85,70.0,HIGH,Healthy,HIGH,True,Healthy,True,True
1154,73,70.0,HIGH,Healthy,HIGH,True,Healthy,True,True
1030,61,70.0,HIGH,Healthy,HIGH,True,Healthy,True,True
1071,109,70.0,HIGH,Healthy,HIGH,True,Healthy,True,True
1160,165,70.0,HIGH,Healthy,HIGH,True,Healthy,True,True
1016,111,70.0,HIGH,Healthy,HIGH,True,Healthy,True,True
1175,103,70.0,HIGH,Healthy,HIGH,True,Healthy,True,True
1167,221,70.0,HIGH,Healthy,HIGH,True,Healthy,True,True
1102,92,70.0,HIGH,Healthy,HIGH,True,Healthy,True,True
1184,155,70.0,HIGH,Healthy,HIGH,True,Healthy,True,True
1090,58,70.0,HIGH,Healthy,HIGH,True,Healthy,True,True
1064,135,70.0,HIGH,Healthy,HIGH,True,Healthy,True,True
1107,99,70.0,HIGH,Healthy,HIGH,True,Healthy,True,True
1008,89,70.0,HIGH,Healthy,HIGH,True,Healthy,True,True
1097,136,70.0,HIGH,Healthy,HIGH,True,Healthy,True,True
1166,111,70.0,HIGH,Healthy,HIGH,True,Healthy,True,True
1015,81,70.0,HIGH,Healthy,HIGH,True,Healthy,True,True
1127,118,70.0,HIGH,Healthy,HIGH,True,Healthy,True,True
1136,110,70.0,HIGH,Healthy,HIGH,True,Healthy,True,True
1126,161,70.0,HIGH,Healthy,HIGH,True,Healthy,True,True
1125,76,70.0,HIGH,Healthy,HIGH,True,Healthy,True,True
1095,125,70.0,HIGH,Healthy,HIGH,True,Healthy,True,True
1002,164,70.0,HIGH,Healthy,HIGH,True,Healthy,True,True
1007,109,70.0,HIGH,Healthy,HIGH,True,Healthy,True,True
1179,79,70.0,HIGH,Healthy,HIGH,True,Healthy,True,True
1157,57,70.0,HIGH,Healthy,HIGH,True,Healthy,True,True
1049,87,70.0,HIGH,Healthy,HIGH,True,Healthy,True,True
1180,142,70.0,HIGH,Healthy,HIGH,True,Healthy,True,True
1113,139,70.0,HIGH,Healthy,HIGH,True,Healthy,True,True
1046,132,70.0,HIGH,Healthy,HIGH,True,Healthy,True,True
1075,95,70.0,HIGH,Healthy,HIGH,True,Healthy,True,True
1032,174,70.0,HIGH,Healthy,HIGH,True,Healthy,True,True
1054,177,70.0,HIGH,Healthy,HIGH,True,Healthy,True,True
1181,149,70.0,HIGH,Healthy,HIGH,True,Healthy,True,True
1037,98,70.0,HIGH,Healthy,HIGH,True,Healthy,True,True
1068,59,70.0,HIGH,Healthy,HIGH,True,Healthy,True,True
1109,80,70.0,HIGH,Healthy,HIGH,True,Healthy,True,True
1013,167,70.0,HIGH,Healthy,HIGH,True,Healthy,True,True
1170,65,70.0,HIGH,Healthy,HIGH,True,Healthy,True,True
1057,118,70.0,HIGH,Healthy,HIGH,True,Healthy,True,True
1009,56,70.0,HIGH,Healthy,HIGH,True,Healthy,True,True
1199,47,70.0,HIGH,Low,HIGH,True,Low,True,True
1031,171,70.0,HIGH,Healthy,HIGH,True,Healthy,True,True
1122,125,70.0,HIGH,Healthy,HIGH,True,Healthy,True,True
1141,99,70.0,HIGH,Healthy,HIGH,True,Healthy,True,True
1134,56,70.0,HIGH,Healthy,HIGH,True,Healthy,True,True
1017,108,70.0,HIGH,Healthy,HIGH,True,Healthy,True,True
1012,162,70.0,HIGH,Healthy,HIGH,True,Healthy,True,True
1066,102,70.0,HIGH,Healthy,HIGH,True,Healthy,True,True
1120,217,70.0,HIGH,Healthy,HIGH,True,Healthy,True,True
1118,132,70.0,HIGH,Healthy,HIGH,True,Healthy,True,True
1177,174,70.0,HIGH,Healthy,HIGH,True,Healthy,True,True
1155,85,70.0,HIGH,Healthy,HIGH,True,Healthy,True,True
1011,50,70.0,HIGH,Low,HIGH,True,Low,True,True
1039,182,70.0,HIGH,Healthy,HIGH,True,Healthy,True,True
1132,103,70.0,HIGH,Healthy,HIGH,True,Healthy,True,True
1165,61,70.0,HIGH,Healthy,HIGH,True,Healthy,True,True
1010,194,70.0,HIGH,Healthy,HIGH,True,Healthy,True,True
1014,144,70.0,HIGH,Healthy,HIGH,True,Healthy,True,True
1161,90,70.0,HIGH,Healthy,HIGH,True,Healthy,True,True
1082,82,70.0,HIGH,Healthy,HIGH,True,Healthy,True,True
1050,172,70.0,HIGH,Healthy,HIGH,True,Healthy,True,True
1088,86,70.0,HIGH,Healthy,HIGH,True,Healthy,True,True
1186,104,70.0,HIGH,Healthy,HIGH,True,Healthy,True,True
1093,151,70.0,HIGH,Healthy,HIGH,True,Healthy,True,True
1156,54,70.0,HIGH,Healthy,HIGH,True,Healthy,True,True
1108,128,70.0,HIGH,Healthy,HIGH,True,Healthy,True,True
1084,48,70.0,HIGH,Low,HIGH,True,Low,True,True
1100,39,70.0,HIGH,Low,HIGH,True,Low,True,True
1159,96,70.0,HIGH,Healthy,HIGH,True,Healthy,True,True
1038,59,70.0,HIGH,Healthy,HIGH,True,Healthy,True,True
1043,95,70.0,HIGH,Healthy,HIGH,True,Healthy,True,True
1051,50,70.0,HIGH,Low,HIGH,True,Low,True,True
1022,79,70.0,HIGH,Healthy,HIGH,True,Healthy,True,True
1085,63,70.0,HIGH,Healthy,HIGH,True,Healthy,True,True
1003,110,70.0,HIGH,Healthy,HIGH,True,Healthy,True,True
1164,45,70.0,HIGH,Low,HIGH,True,Low,True,True
1138,96,70.0,HIGH,Healthy,HIGH,True,Healthy,True,True
1036,68,70.0,HIGH,Healthy,HIGH,True,Healthy,True,True
1094,220,70.0,HIGH,Healthy,HIGH,True,Healthy,True,True
1074,104,70.0,HIGH,Healthy,HIGH,True,Healthy,True,True
1053,117,70.0,HIGH,Healthy,HIGH,True,Healthy,True,True
1062,58,70.0,HIGH,Healthy,HIGH,True,Healthy,True,True
1083,123,70.0,HIGH,Healthy,HIGH,True,Healthy,True,True
1091,124,70.0,HIGH,Healthy,HIGH,True,Healthy,True,True
1152,63,70.0,HIGH,Healthy,HIGH,True,Healthy,True,True
1158,141,70.0,HIGH,Healthy,HIGH,True,Healthy,True,True
1065,71,70.0,HIGH,Healthy,HIGH,True,Healthy,True,True
1162,143,70.0,HIGH,Healthy,HIGH,True,Healthy,True,True
1185,118,70.0,HIGH,Healthy,HIGH,True,Healthy,True,True
1142,83,70.0,HIGH,Healthy,HIGH,True,Healthy,True,True
1081,166,70.0,HIGH,Healthy,HIGH,True,Healthy,True,True
1121,175,70.0,HIGH,Healthy,HIGH,True,Healthy,True,True
1098,71,70.0,HIGH,Healthy,HIGH,True,Healthy,True,True
1200,169,70.0,HIGH,Healthy,HIGH,True,Healthy,True,True
1114,40,70.0,HIGH,Low,HIGH,True,Low,True,True
1029,158,70.0,HIGH,Healthy,HIGH,True,Healthy,True,True
1193,84,70.0,HIGH,Healthy,HIGH,True,Healthy,True,True
1144,76,70.0,HIGH,Healthy,HIGH,True,Healthy,True,True
1187,103,70.0,HIGH,Healthy,HIGH,True,Healthy,True,True
1019,85,70.0,HIGH,Healthy,HIGH,True,Healthy,True,True
1191,73,70.0,HIGH,Healthy,HIGH,True,Healthy,True,True
1188,204,70.0,HIGH,Healthy,HIGH,True,Healthy,True,True
1104,78,70.0,HIGH,Healthy,HIGH,True,Healthy,True,True
1174,93,70.0,HIGH,Healthy,HIGH,True,Healthy,True,True
1128,219,70.0,HIGH,Healthy,HIGH,True,Healthy,True,True
1048,96,70.0,HIGH,Healthy,HIGH,True,Healthy,True,True
1130,68,70.0,HIGH,Healthy,HIGH,True,Healthy,True,True
1112,45,70.0,HIGH,Low,HIGH,True,Low,True,True
1055,65,70.0,HIGH,Healthy,HIGH,True,Healthy,True,True
1021,78,70.0,HIGH,Healthy,HIGH,True,Healthy,True,True
1026,74,70.0,HIGH,Healthy,HIGH,True,Healthy,True,True
1018,99,70.0,HIGH,Healthy,HIGH,True,Healthy,True,True
1119,189,70.0,HIGH,Healthy,HIGH,True,Healthy,True,True
1001,82,70.0,HIGH,Healthy,HIGH,True,Healthy,True,True
1143,67,70.0,HIGH,Healthy,HIGH,True,Healthy,True,True
1080,141,70.0,HIGH,Healthy,HIGH,True,Healthy,True,True
1092,125,70.0,HIGH,Healthy,HIGH,True,Healthy,True,True
1106,165,70.0,HIGH,Healthy,HIGH,True,Healthy,True,True
1196,117,70.0,HIGH,Healthy,HIGH,True,Healthy,True,True
1133,46,70.0,HIGH,Low,HIGH,True,Low,True,True
1145,73,70.0,HIGH,Healthy,HIGH,True,Healthy,True,True
1115,108,70.0,HIGH,Healthy,HIGH,True,Healthy,True,True
1140,89,70.0,HIGH,Healthy,HIGH,True,Healthy,True,True
1079,89,70.0,HIGH,Healthy,HIGH,True,Healthy,True,True
1131,167,70.0,HIGH,Healthy,HIGH,True,Healthy,True,True
1148,81,70.0,HIGH,Healthy,HIGH,True,Healthy,True,True
1023,75,70.0,HIGH,Healthy,HIGH,True,Healthy,True,True
1116,94,70.0,HIGH,Healthy,HIGH,True,Healthy,True,True
1129,79,70.0,HIGH,Healthy,HIGH,True,Healthy,True,True
1069,97,70.0,HIGH,Healthy,HIGH,True,Healthy,True,True
1194,131,70.0,HIGH,Healthy,HIGH,True,Healthy,True,True
1171,115,70.0,HIGH,Healthy,HIGH,True,Healthy,True,True
1173,101,70.0,HIGH,Healthy,HIGH,True,Healthy,True,True
1070,151,70.0,HIGH,Healthy,HIGH,True,Healthy,True,True
1182,176,70.0,HIGH,Healthy,HIGH,True,Healthy,True,True
1147,81,70.0,HIGH,Healthy,HIGH,True,Healthy,True,True
1124,113,70.0,HIGH,Healthy,HIGH,True,Healthy,True,True
1099,56,70.0,HIGH,Healthy,HIGH,True,Healthy,True,True
1072,46,70.0,HIGH,Low,HIGH,True,Low,True,True
1111,149,70.0,HIGH,Healthy,HIGH,True,Healthy,True,True
1146,148,70.0,HIGH,Healthy,HIGH,True,Healthy,True,True
1087,143,70.0,HIGH,Healthy,HIGH,True,Healthy,True,True
1040,45,70.0,HIGH,Low,HIGH,True,Low,True,True
1052,170,70.0,HIGH,Healthy,HIGH,True,Healthy,True,True
1195,100,70.0,HIGH,Healthy,HIGH,True,Healthy,True,True
1117,94,70.0,HIGH,Healthy,HIGH,True,Healthy,True,True
1034,130,70.0,HIGH,Healthy,HIGH,True,Healthy,True,True
1058,95,70.0,HIGH,Healthy,HIGH,True,Healthy,True,True
1047,45,70.0,HIGH,Low,HIGH,True,Low,True,True
1149,78,70.0,HIGH,Healthy,HIGH,True,Healthy,True,True
1061,112,70.0,HIGH,Healthy,HIGH,True,Healthy,True,True
1063,78,70.0,HIGH,Healthy,HIGH,True,Healthy,True,True
1077,78,70.0,HIGH,Healthy,HIGH,True,Healthy,True,True
1137,67,70.0,HIGH,Healthy,HIGH,True,Healthy,True,True
1028,91,70.0,HIGH,Healthy,HIGH,True,Healthy,True,True
1086,109,70.0,HIGH,Healthy,HIGH,True,Healthy,True,True
1103,112,70.0,HIGH,Healthy,HIGH,True,Healthy,True,True
1105,132,70.0,HIGH,Healthy,HIGH,True,Healthy,True,True
1024,203,70.0,HIGH,Healthy,HIGH,True,Healthy,True,True
1056,143,70.0,HIGH,Healthy,HIGH,True,Healthy,True,True
1060,127,70.0,HIGH,Healthy,HIGH,True,Healthy,True,True
1176,79,70.0,HIGH,Healthy,HIGH,True,Healthy,True,True
1076,154,70.0,HIGH,Healthy,HIGH,True,Healthy,True,True
1025,98,70.0,HIGH,Healthy,HIGH,True,Healthy,True,True
1123,132,70.0,HIGH,Healthy,HIGH,True,Healthy,True,True
1198,149,70.0,HIGH,Healthy,HIGH,True,Healthy,True,True
1135,49,70.0,HIGH,Low,HIGH,True,Low,True,True
1020,71,70.0,HIGH,Healthy,HIGH,True,Healthy,True,True
1035,102,70.0,HIGH,Healthy,HIGH,True,Healthy,True,True
1089,84,70.0,HIGH,Healthy,HIGH,True,Healthy,True,True
1183,45,70.0,HIGH,Low,HIGH,True,Low,True,True
1067,185,70.0,HIGH,Healthy,HIGH,True,Healthy,True,True
1042,151,70.0,HIGH,Healthy,HIGH,True,Healthy,True,True
1169,180,70.0,HIGH,Healthy,HIGH,True,Healthy,True,True
1190,143,70.0,HIGH,Healthy,HIGH,True,Healthy,True,True
1073,65,70.0,HIGH,Healthy,HIGH,True,Healthy,True,True
1172,46,70.0,HIGH,Low,HIGH,True,Low,True,True
1005,132,70.0,HIGH,Healthy,HIGH,True,Healthy,True,True
1189,70,70.0,HIGH,Healthy,HIGH,True,Healthy,True,True
1150,83,70.0,HIGH,Healthy,HIGH,True,Healthy,True,True
1044,124,70.0,HIGH,Healthy,HIGH,True,Healthy,True,True
1041,112,70.0,HIGH,Healthy,HIGH,True,Healthy,True,True
1004,95,70.0,HIGH,Healthy,HIGH,True,Healthy,True,True
1178,104,70.0,HIGH,Healthy,HIGH,True,Healthy,True,True
1151,35,70.0,HIGH,Low,HIGH,True,Low,True,True
1153,51,70.0,HIGH,Healthy,HIGH,True,Healthy,True,True
1033,112,70.0,HIGH,Healthy,HIGH,True,Healthy,True,True
1197,89,70.0,HIGH,Healthy,HIGH,True,Healthy,True,True
1045,63,70.0,HIGH,Healthy,HIGH,True,Healthy,True,True
1101,119,70.0,HIGH,Healthy,HIGH,True,Healthy,True,True
1059,85,70.0,HIGH,Healthy,HIGH,True,Healthy,True,True
1192,120,70.0,HIGH,Healthy,HIGH,True,Healthy,True,True
1181,126,70.0,HIGH,Healthy,HIGH,True,Healthy,True,True
1193,270,70.0,HIGH,Healthy,HIGH,True,Healthy,True,True
1001,71,70.0,HIGH,Healthy,HIGH,True,Healthy,True,True
1096,124,70.0,HIGH,Healthy,HIGH,True,Healthy,True,True
1162,177,70.0,HIGH,Healthy,HIGH,True,Healthy,True,True
1042,140,70.0,HIGH,Healthy,HIGH,True,Healthy,True,True
1138,178,70.0,HIGH,Healthy,HIGH,True,Healthy,True,True
1023,186,70.0,HIGH,Healthy,HIGH,True,Healthy,True,True
1142,141,70.0,HIGH,Healthy,HIGH,True,Healthy,True,True
1035,99,70.0,HIGH,Healthy,HIGH,True,Healthy,True,True
1040,157,70.0,HIGH,Healthy,HIGH,True,Healthy,True,True
1021,229,70.0,HIGH,Healthy,HIGH,True,Healthy,True,True
1199,76,70.0,HIGH,Healthy,HIGH,True,Healthy,True,True
1123,169,70.0,HIGH,Healthy,HIGH,True,Healthy,True,True
1139,101,70.0,HIGH,Healthy,HIGH,True,Healthy,True,True
1048,191,70.0,HIGH,Healthy,HIGH,True,Healthy,True,True
1063,210,70.0,HIGH,Healthy,HIGH,True,Healthy,True,True
1111,160,70.0,HIGH,Healthy,HIGH,True,Healthy,True,True
1087,258,70.0,HIGH,Healthy,HIGH,True,Healthy,True,True
1084,85,70.0,HIGH,Healthy,HIGH,True,Healthy,True,True
1117,137,70.0,HIGH,Healthy,HIGH,True,Healthy,True,True
1190,229,70.0,HIGH,Healthy,HIGH,True,Healthy,True,True
1069,242,70.0,HIGH,Healthy,HIGH,True,Healthy,True,True
1034,165,70.0,HIGH,Healthy,HIGH,True,Healthy,True,True
1158,185,70.0,HIGH,Healthy,HIGH,True,Healthy,True,True
1003,150,70.0,HIGH,Healthy,HIGH,True,Healthy,True,True
1164,110,70.0,HIGH,Healthy,HIGH,True,Healthy,True,True
1013,315,70.0,HIGH,Healthy,HIGH,True,Healthy,True,True
1113,129,70.0,HIGH,Healthy,HIGH,True,Healthy,True,True
1115,127,70.0,HIGH,Healthy,HIGH,True,Healthy,True,True
1135,69,70.0,HIGH,Healthy,HIGH,True,Healthy,True,True
1070,293,70.0,HIGH,Healthy,HIGH,True,Healthy,True,True
1080,116,70.0,HIGH,Healthy,HIGH,True,Healthy,True,True
1183,76,70.0,HIGH,Healthy,HIGH,True,Healthy,True,True
1184,101,70.0,HIGH,Healthy,HIGH,True,Healthy,True,True
1046,183,70.0,HIGH,Healthy,HIGH,True,Healthy,True,True
1194,175,70.0,HIGH,Healthy,HIGH,True,Healthy,True,True
1052,193,70.0,HIGH,Healthy,HIGH,True,Healthy,True,True
1085,220,70.0,HIGH,Healthy,HIGH,True,Healthy,True,True
1143,142,70.0,HIGH,Healthy,HIGH,True,Healthy,True,True
1120,185,70.0,HIGH,Healthy,HIGH,True,Healthy,True,True
1157,118,70.0,HIGH,Healthy,HIGH,True,Healthy,True,True
1012,138,70.0,HIGH,Healthy,HIGH,True,Healthy,True,True
1050,170,70.0,HIGH,Healthy,HIGH,True,Healthy,True,True
1110,163,70.0,HIGH,Healthy,HIGH,True,Healthy,True,True
1130,99,70.0,HIGH,Healthy,HIGH,True,Healthy,True,True
1025,78,70.0,HIGH,Healthy,HIGH,True,Healthy,True,True
1072,72,70.0,HIGH,Healthy,HIGH,True,Healthy,True,True
1077,79,70.0,HIGH,Healthy,HIGH,True,Healthy,True,True
1009,114,70.0,HIGH,Healthy,HIGH,True,Healthy,True,True
1178,215,70.0,HIGH,Healthy,HIGH,True,Healthy,True,True
1188,266,70.0,HIGH,Healthy,HIGH,True,Healthy,True,True
1169,245,70.0,HIGH,Healthy,HIGH,True,Healthy,True,True
1089,74,70.0,HIGH,Healthy,HIGH,True,Healthy,True,True
1037,84,70.0,HIGH,Healthy,HIGH,True,Healthy,True,True
1127,178,70.0,HIGH,Healthy,HIGH,True,Healthy,True,True
1179,124,70.0,HIGH,Healthy,HIGH,True,Healthy,True,True
1126,233,70.0,HIGH,Healthy,HIGH,True,Healthy,True,True
1140,192,70.0,HIGH,Healthy,HIGH,True,Healthy,True,True
1195,183,70.0,HIGH,Healthy,HIGH,True,Healthy,True,True
1149,62,70.0,HIGH,Healthy,HIGH,True,Healthy,True,True
1038,87,70.0,HIGH,Healthy,HIGH,True,Healthy,True,True
1079,278,70.0,HIGH,Healthy,HIGH,True,Healthy,True,True
1058,203,70.0,HIGH,Healthy,HIGH,True,Healthy,True,True
1091,168,70.0,HIGH,Healthy,HIGH,True,Healthy,True,True
1128,317,70.0,HIGH,Healthy,HIGH,True,Healthy,True,True
1064,230,70.0,HIGH,Healthy,HIGH,True,Healthy,True,True
1151,91,70.0,HIGH,Healthy,HIGH,True,Healthy,True,True
1163,96,70.0,HIGH,Healthy,HIGH,True,Healthy,True,True
1124,230,70.0,HIGH,Healthy,HIGH,True,Healthy,True,True
1059,122,70.0,HIGH,Healthy,HIGH,True,Healthy,True,True
1068,73,70.0,HIGH,Healthy,HIGH,True,Healthy,True,True
1198,83,70.0,HIGH,Healthy,HIGH,True,Healthy,True,True
1153,132,70.0,HIGH,Healthy,HIGH,True,Healthy,True,True
1051,77,70.0,HIGH,Healthy,HIGH,True,Healthy,True,True
1121,335,70.0,HIGH,Healthy,HIGH,True,Healthy,True,True
1147,235,70.0,HIGH,Healthy,HIGH,True,Healthy,True,True
1016,318,70.0,HIGH,Healthy,HIGH,True,Healthy,True,True
1095,132,70.0,HIGH,Healthy,HIGH,True,Healthy,True,True
1159,77,70.0,HIGH,Healthy,HIGH,True,Healthy,True,True
1094,136,70.0,HIGH,Healthy,HIGH,True,Healthy,True,True
1078,138,70.0,HIGH,Healthy,HIGH,True,Healthy,True,True
1066,97,70.0,HIGH,Healthy,HIGH,True,Healthy,True,True
1132,123,70.0,HIGH,Healthy,HIGH,True,Healthy,True,True
1005,67,70.0,HIGH,Healthy,HIGH,True,Healthy,True,True
1019,122,70.0,HIGH,Healthy,HIGH,True,Healthy,True,True
1186,97,70.0,HIGH,Healthy,HIGH,True,Healthy,True,True
1102,112,70.0,HIGH,Healthy,HIGH,True,Healthy,True,True
1155,93,70.0,HIGH,Healthy,HIGH,True,Healthy,True,True
1054,210,70.0,HIGH,Healthy,HIGH,True,Healthy,True,True
1060,138,70.0,HIGH,Healthy,HIGH,True,Healthy,True,True
1053,188,70.0,HIGH,Healthy,HIGH,True,Healthy,True,True
1030,125,70.0,HIGH,Healthy,HIGH,True,Healthy,True,True
1057,108,70.0,HIGH,Healthy,HIGH,True,Healthy,True,True
1081,166,70.0,HIGH,Healthy,HIGH,True,Healthy,True,True
1165,140,70.0,HIGH,Healthy,HIGH,True,Healthy,True,True
1170,159,70.0,HIGH,Healthy,HIGH,True,Healthy,True,True
1125,102,70.0,HIGH,Healthy,HIGH,True,Healthy,True,True
1166,204,70.0,HIGH,Healthy,HIGH,True,Healthy,True,True
1071,274,70.0,HIGH,Healthy,HIGH,True,Healthy,True,True
1112,188,70.0,HIGH,Healthy,HIGH,True,Healthy,True,True
1136,107,70.0,HIGH,Healthy,HIGH,True,Healthy,True,True
1047,107,70.0,HIGH,Healthy,HIGH,True,Healthy,True,True
1161,145,70.0,HIGH,Healthy,HIGH,True,Healthy,True,True
1028,162,70.0,HIGH,Healthy,HIGH,True,Healthy,True,True
1119,145,70.0,HIGH,Healthy,HIGH,True,Healthy,True,True
1189,122,70.0,HIGH,Healthy,HIGH,True,Healthy,True,True
1075,171,70.0,HIGH,Healthy,HIGH,True,Healthy,True,True
1036,104,70.0,HIGH,Healthy,HIGH,True,Healthy,True,True
1049,112,70.0,HIGH,Healthy,HIGH,True,Healthy,True,True
1187,197,70.0,HIGH,Healthy,HIGH,True,Healthy,True,True
1200,276,70.0,HIGH,Healthy,HIGH,True,Healthy,True,True
1020,199,70.0,HIGH,Healthy,HIGH,True,Healthy,True,True
1067,240,70.0,HIGH,Healthy,HIGH,True,Healthy,True,True
1002,91,70.0,HIGH,Healthy,HIGH,True,Healthy,True,True
1006,113,70.0,HIGH,Healthy,HIGH,True,Healthy,True,True
1145,135,70.0,HIGH,Healthy,HIGH,True,Healthy,True,True
1041,255,70.0,HIGH,Healthy,HIGH,True,Healthy,True,True
1056,256,70.0,HIGH,Healthy,HIGH,True,Healthy,True,True
1045,62,70.0,HIGH,Healthy,HIGH,True,Healthy,True,True
1182,256,70.0,HIGH,Healthy,HIGH,True,Healthy,True,True
1086,159,70.0,HIGH,Healthy,HIGH,True,Healthy,True,True
1055,144,70.0,HIGH,Healthy,HIGH,True,Healthy,True,True
1177,188,70.0,HIGH,Healthy,HIGH,True,Healthy,True,True
1044,163,70.0,HIGH,Healthy,HIGH,True,Healthy,True,True
1105,142,70.0,HIGH,Healthy,HIGH,True,Healthy,True,True
1092,156,70.0,HIGH,Healthy,HIGH,True,Healthy,True,True
1109,88,70.0,HIGH,Healthy,HIGH,True,Healthy,True,True
1108,120,70.0,HIGH,Healthy,HIGH,True,Healthy,True,True
1131,196,70.0,HIGH,Healthy,HIGH,True,Healthy,True,True
1196,151,70.0,HIGH,Healthy,HIGH,True,Healthy,True,True
1093,153,70.0,HIGH,Healthy,HIGH,True,Healthy,True,True
1018,92,70.0,HIGH,Healthy,HIGH,True,Healthy,True,True
1122,87,70.0,HIGH,Healthy,HIGH,True,Healthy,True,True
1088,119,70.0,HIGH,Healthy,HIGH,True,Healthy,True,True
1061,78,70.0,HIGH,Healthy,HIGH,True,Healthy,True,True
1074,224,70.0,HIGH,Healthy,HIGH,True,Healthy,True,True
1062,192,70.0,HIGH,Healthy,HIGH,True,Healthy,True,True
1191,213,70.0,HIGH,Healthy,HIGH,True,Healthy,True,True
1101,191,70.0,HIGH,Healthy,HIGH,True,Healthy,True,True
1148,157,70.0,HIGH,Healthy,HIGH,True,Healthy,True,True
1082,190,70.0,HIGH,Healthy,HIGH,True,Healthy,True,True
1031,242,70.0,HIGH,Healthy,HIGH,True,Healthy,True,True
1168,177,70.0,HIGH,Healthy,HIGH,True,Healthy,True,True
1026,169,70.0,HIGH,Healthy,HIGH,True,Healthy,True,True
1022,80,70.0,HIGH,Healthy,HIGH,True,Healthy,True,True
1154,124,70.0,HIGH,Healthy,HIGH,True,Healthy,True,True
1027,175,70.0,HIGH,Healthy,HIGH,True,Healthy,True,True
1160,208,70.0,HIGH,Healthy,HIGH,True,Healthy,True,True
1129,53,70.0,HIGH,Healthy,HIGH,True,Healthy,True,True
1076,169,70.0,HIGH,Healthy,HIGH,True,Healthy,True,True
1024,272,70.0,HIGH,Healthy,HIGH,True,Healthy,True,True
1004,268,70.0,HIGH,Healthy,HIGH,True,Healthy,True,True
1173,95,70.0,HIGH,Healthy,HIGH,True,Healthy,True,True
1192,93,70.0,HIGH,Healthy,HIGH,True,Healthy,True,True
1065,87,70.0,HIGH,Healthy,HIGH,True,Healthy,True,True
1100,87,70.0,HIGH,Healthy,HIGH,True,Healthy,True,True
1146,131,70.0,HIGH,Healthy,HIGH,True,Healthy,True,True
1014,240,70.0,HIGH,Healthy,HIGH,True,Healthy,True,True
1106,173,70.0,HIGH,Healthy,HIGH,True,Healthy,True,True
1118,96,70.0,HIGH,Healthy,HIGH,True,Healthy,True,True
1137,223,70.0,HIGH,Healthy,HIGH,True,Healthy,True,True
1032,107,70.0,HIGH,Healthy,HIGH,True,Healthy,True,True
1114,125,70.0,HIGH,Healthy,HIGH,True,Healthy,True,True
1098,106,70.0,HIGH,Healthy,HIGH,True,Healthy,True,True
1008,138,70.0,HIGH,Healthy,HIGH,True,Healthy,True,True
1097,196,70.0,HIGH,Healthy,HIGH,True,Healthy,True,True
1171,187,70.0,HIGH,Healthy,HIGH,True,Healthy,True,True
1104,214,70.0,HIGH,Healthy,HIGH,True,Healthy,True,True
1011,224,70.0,HIGH,Healthy,HIGH,True,Healthy,True,True
1197,104,70.0,HIGH,Healthy,HIGH,True,Healthy,True,True
1167,201,70.0,HIGH,Healthy,HIGH,True,Healthy,True,True
1103,228,70.0,HIGH,Healthy,HIGH,True,Healthy,True,True
1043,71,70.0,HIGH,Healthy,HIGH,True,Healthy,True,True
1156,99,70.0,HIGH,Healthy,HIGH,True,Healthy,True,True
1176,179,70.0,HIGH,Healthy,HIGH,True,Healthy,True,True
1090,94,70.0,HIGH,Healthy,HIGH,True,Healthy,True,True
1107,111,70.0,HIGH,Healthy,HIGH,True,Healthy,True,True
1039,219,70.0,HIGH,Healthy,HIGH,True,Healthy,True,True
1033,151,70.0,HIGH,Healthy,HIGH,True,Healthy,True,True
1007,117,70.0,HIGH,Healthy,HIGH,True,Healthy,True,True
1150,92,70.0,HIGH,Healthy,HIGH,True,Healthy,True,True
1099,199,70.0,HIGH,Healthy,HIGH,True,Healthy,True,True
1015,204,70.0,HIGH,Healthy,HIGH,True,Healthy,True,True
1152,200,70.0,HIGH,Healthy,HIGH,True,Healthy,True,True
1010,305,70.0,HIGH,Healthy,HIGH,True,Healthy,True,True
1133,73,70.0,HIGH,Healthy,HIGH,True,Healthy,True,True
1185,130,70.0,HIGH,Healthy,HIGH,True,Healthy,True,True
1116,161,70.0,HIGH,Healthy,HIGH,True,Healthy,True,True
1017,105,70.0,HIGH,Healthy,HIGH,True,Healthy,True,True
1175,103,70.0,HIGH,Healthy,HIGH,True,Healthy,True,True
1006,96,70.0,HIGH,Healthy,HIGH,True,Healthy,True,True
1156,72,70.0,HIGH,Healthy,HIGH,True,Healthy,True,True
1010,173,70.0,HIGH,Healthy,HIGH,True,Healthy,True,True
1175,53,70.0,HIGH,Healthy,HIGH,True,Healthy,True,True
1029,195,70.0,HIGH,Healthy,HIGH,True,Healthy,True,True
1027,61,70.0,HIGH,Healthy,HIGH,True,Healthy,True,True
1015,83,70.0,HIGH,Healthy,HIGH,True,Healthy,True,True
1191,145,70.0,HIGH,Healthy,HIGH,True,Healthy,True,True
1198,107,70.0,HIGH,Healthy,HIGH,True,Healthy,True,True
1049,69,70.0,HIGH,Healthy,HIGH,True,Healthy,True,True
1005,108,70.0,HIGH,Healthy,HIGH,True,Healthy,True,True
1109,51,70.0,HIGH,Healthy,HIGH,True,Healthy,True,True
1080,64,70.0,HIGH,Healthy,HIGH,True,Healthy,True,True
1021,142,70.0,HIGH,Healthy,HIGH,True,Healthy,True,True
1076,79,70.0,HIGH,Healthy,HIGH,True,Healthy,True,True
1090,147,70.0,HIGH,Healthy,HIGH,True,Healthy,True,True
1071,144,70.0,HIGH,Healthy,HIGH,True,Healthy,True,True
1196,144,70.0,HIGH,Healthy,HIGH,True,Healthy,True,True
1161,83,70.0,HIGH,Healthy,HIGH,True,Healthy,True,True
1054,157,70.0,HIGH,Healthy,HIGH,True,Healthy,True,True
1195,141,70.0,HIGH,Healthy,HIGH,True,Healthy,True,True
1075,69,70.0,HIGH,Healthy,HIGH,True,Healthy,True,True
1026,60,70.0,HIGH,Healthy,HIGH,True,Healthy,True,True
1129,57,70.0,HIGH,Healthy,HIGH,True,Healthy,True,True
1154,93,70.0,HIGH,Healthy,HIGH,True,Healthy,True,True
1147,100,70.0,HIGH,Healthy,HIGH,True,Healthy,True,True
1057,145,70.0,HIGH,Healthy,HIGH,True,Healthy,True,True
1111,175,70.0,HIGH,Healthy,HIGH,True,Healthy,True,True
1178,164,70.0,HIGH,Healthy,HIGH,True,Healthy,True,True
1148,96,70.0,HIGH,Healthy,HIGH,True,Healthy,True,True
1094,185,70.0,HIGH,Healthy,HIGH,True,Healthy,True,True
1188,77,70.0,HIGH,Healthy,HIGH,True,Healthy,True,True
1165,139,70.0,HIGH,Healthy,HIGH,True,Healthy,True,True
1173,79,70.0,HIGH,Healthy,HIGH,True,Healthy,True,True
1067,187,70.0,HIGH,Healthy,HIGH,True,Healthy,True,True
1097,109,70.0,HIGH,Healthy,HIGH,True,Healthy,True,True
1155,82,70.0,HIGH,Healthy,HIGH,True,Healthy,True,True
1066,45,70.0,HIGH,Low,HIGH,True,Low,True,True
1087,139,70.0,HIGH,Healthy,HIGH,True,Healthy,True,True
1014,138,70.0,HIGH,Healthy,HIGH,True,Healthy,True,True
1113,104,70.0,HIGH,Healthy,HIGH,True,Healthy,True,True
1082,107,70.0,HIGH,Healthy,HIGH,True,Healthy,True,True
1177,124,70.0,HIGH,Healthy,HIGH,True,Healthy,True,True
1022,134,70.0,HIGH,Healthy,HIGH,True,Healthy,True,True
1170,133,70.0,HIGH,Healthy,HIGH,True,Healthy,True,True
1108,147,70.0,HIGH,Healthy,HIGH,True,Healthy,True,True
1048,172,70.0,HIGH,Healthy,HIGH,True,Healthy,True,True
1056,82,70.0,HIGH,Healthy,HIGH,True,Healthy,True,True
1030,133,70.0,HIGH,Healthy,HIGH,True,Healthy,True,True
1012,173,70.0,HIGH,Healthy,HIGH,True,Healthy,True,True
1034,101,70.0,HIGH,Healthy,HIGH,True,Healthy,True,True
1140,73,70.0,HIGH,Healthy,HIGH,True,Healthy,True,True
1099,105,70.0,HIGH,Healthy,HIGH,True,Healthy,True,True
1182,152,70.0,HIGH,Healthy,HIGH,True,Healthy,True,True
1081,156,70.0,HIGH,Healthy,HIGH,True,Healthy,True,True
1104,89,70.0,HIGH,Healthy,HIGH,True,Healthy,True,True
1192,148,70.0,HIGH,Healthy,HIGH,True,Healthy,True,True
1132,154,70.0,HIGH,Healthy,HIGH,True,Healthy,True,True
1122,143,70.0,HIGH,Healthy,HIGH,True,Healthy,True,True
1098,54,70.0,HIGH,Healthy,HIGH,True,Healthy,True,True
1093,95,70.0,HIGH,Healthy,HIGH,True,Healthy,True,True
1193,187,70.0,HIGH,Healthy,HIGH,True,Healthy,True,True
1053,148,70.0,HIGH,Healthy,HIGH,True,Healthy,True,True
1120,184,70.0,HIGH,Healthy,HIGH,True,Healthy,True,True
1064,161,70.0,HIGH,Healthy,HIGH,True,Healthy,True,True
1189,91,70.0,HIGH,Healthy,HIGH,True,Healthy,True,True
1083,131,70.0,HIGH,Healthy,HIGH,True,Healthy,True,True
1065,75,70.0,HIGH,Healthy,HIGH,True,Healthy,True,True
1149,74,70.0,HIGH,Healthy,HIGH,True,Healthy,True,True
1077,58,70.0,HIGH,Healthy,HIGH,True,Healthy,True,True
1106,106,70.0,HIGH,Healthy,HIGH,True,Healthy,True,True
1184,162,70.0,HIGH,Healthy,HIGH,True,Healthy,True,True
1142,86,70.0,HIGH,Healthy,HIGH,True,Healthy,True,True
1158,146,70.0,HIGH,Healthy,HIGH,True,Healthy,True,True
1016,142,70.0,HIGH,Healthy,HIGH,True,Healthy,True,True
1115,49,70.0,HIGH,Low,HIGH,True,Low,True,True
1096,44,70.0,HIGH,Low,HIGH,True,Low,True,True
1137,85,70.0,HIGH,Healthy,HIGH,True,Healthy,True,True
1046,123,70.0,HIGH,Healthy,HIGH,True,Healthy,True,True
1110,158,70.0,HIGH,Healthy,HIGH,True,Healthy,True,True
1004,142,70.0,HIGH,Healthy,HIGH,True,Healthy,True,True
1072,91,70.0,HIGH,Healthy,HIGH,True,Healthy,True,True
1181,119,70.0,HIGH,Healthy,HIGH,True,Healthy,True,True
1025,49,70.0,HIGH,Low,HIGH,True,Low,True,True
1043,80,70.0,HIGH,Healthy,HIGH,True,Healthy,True,True
1117,60,70.0,HIGH,Healthy,HIGH,True,Healthy,True,True
1136,108,70.0,HIGH,Healthy,HIGH,True,Healthy,True,True
1199,63,70.0,HIGH,Healthy,HIGH,True,Healthy,True,True
1031,75,70.0,HIGH,Healthy,HIGH,True,Healthy,True,True
1146,135,70.0,HIGH,Healthy,HIGH,True,Healthy,True,True
1152,97,70.0,HIGH,Healthy,HIGH,True,Healthy,True,True
1069,202,70.0,HIGH,Healthy,HIGH,True,Healthy,True,True
1013,174,70.0,HIGH,Healthy,HIGH,True,Healthy,True,True
1112,74,70.0,HIGH,Healthy,HIGH,True,Healthy,True,True
1138,101,70.0,HIGH,Healthy,HIGH,True,Healthy,True,True
1159,41,70.0,HIGH,Low,HIGH,True,Low,True,True
1121,142,70.0,HIGH,Healthy,HIGH,True,Healthy,True,True
1007,91,70.0,HIGH,Healthy,HIGH,True,Healthy,True,True
1003,96,70.0,HIGH,Healthy,HIGH,True,Healthy,True,True
1150,75,70.0,HIGH,Healthy,HIGH,True,Healthy,True,True
1068,39,70.0,HIGH,Low,HIGH,True,Low,True,True
1058,107,70.0,HIGH,Healthy,HIGH,True,Healthy,True,True
1133,83,70.0,HIGH,Healthy,HIGH,True,Healthy,True,True
1153,43,70.0,HIGH,Low,HIGH,True,Low,True,True
1174,104,70.0,HIGH,Healthy,HIGH,True,Healthy,True,True
1044,119,70.0,HIGH,Healthy,HIGH,True,Healthy,True,True
1139,74,70.0,HIGH,Healthy,HIGH,True,Healthy,True,True
1032,80,70.0,HIGH,Healthy,HIGH,True,Healthy,True,True
1060,67,70.0,HIGH,Healthy,HIGH,True,Healthy,True,True
1039,68,70.0,HIGH,Healthy,HIGH,True,Healthy,True,True
1085,84,70.0,HIGH,Healthy,HIGH,True,Healthy,True,True
1180,147,70.0,HIGH,Healthy,HIGH,True,Healthy,True,True
1114,60,70.0,HIGH,Healthy,HIGH,True,Healthy,True,True
1135,125,70.0,HIGH,Healthy,HIGH,True,Healthy,True,True
1040,51,70.0,HIGH,Healthy,HIGH,True,Healthy,True,True
1019,79,70.0,HIGH,Healthy,HIGH,True,Healthy,True,True
1143,66,70.0,HIGH,Healthy,HIGH,True,Healthy,True,True
1125,70,70.0,HIGH,Healthy,HIGH,True,Healthy,True,True
1167,211,70.0,HIGH,Healthy,HIGH,True,Healthy,True,True
1194,65,70.0,HIGH,Healthy,HIGH,True,Healthy,True,True
1008,54,70.0,HIGH,Healthy,HIGH,True,Healthy,True,True
1197,42,70.0,HIGH,Low,HIGH,True,Low,True,True
1037,53,70.0,HIGH,Healthy,HIGH,True,Healthy,True,True
1078,90,70.0,HIGH,Healthy,HIGH,True,Healthy,True,True
1102,158,70.0,HIGH,Healthy,HIGH,True,Healthy,True,True
1024,200,70.0,HIGH,Healthy,HIGH,True,Healthy,True,True
1141,83,70.0,HIGH,Healthy,HIGH,True,Healthy,True,True
1162,66,70.0,HIGH,Healthy,HIGH,True,Healthy,True,True
1134,57,70.0,HIGH,Healthy,HIGH,True,Healthy,True,True
1100,75,70.0,HIGH,Healthy,HIGH,True,Healthy,True,True
1107,100,70.0,HIGH,Healthy,HIGH,True,Healthy,True,True
1009,58,70.0,HIGH,Healthy,HIGH,True,Healthy,True,True
1002,63,70.0,HIGH,Healthy,HIGH,True,Healthy,True,True
1101,165,70.0,HIGH,Healthy,HIGH,True,Healthy,True,True
1018,52,70.0,HIGH,Healthy,HIGH,True,Healthy,True,True
1124,122,70.0,HIGH,Healthy,HIGH,True,Healthy,True,True
1084,111,70.0,HIGH,Healthy,HIGH,True,Healthy,True,True
1157,50,70.0,HIGH,Low,HIGH,True,Low,True,True
1070,195,70.0,HIGH,Healthy,HIGH,True,Healthy,True,True
1088,104,70.0,HIGH,Healthy,HIGH,True,Healthy,True,True
1050,110,70.0,HIGH,Healthy,HIGH,True,Healthy,True,True
1127,122,70.0,HIGH,Healthy,HIGH,True,Healthy,True,True
1035,97,70.0,HIGH,Healthy,HIGH,True,Healthy,True,True
1128,159,70.0,HIGH,Healthy,HIGH,True,Healthy,True,True
1061,120,70.0,HIGH,Healthy,HIGH,True,Healthy,True,True
1045,48,70.0,HIGH,Low,HIGH,True,Low,True,True
1166,177,70.0,HIGH,Healthy,HIGH,True,Healthy,True,True
1200,164,70.0,HIGH,Healthy,HIGH,True,Healthy,True,True
1086,181,70.0,HIGH,Healthy,HIGH,True,Healthy,True,True
1074,90,70.0,HIGH,Healthy,HIGH,True,Healthy,True,True
1051,100,70.0,HIGH,Healthy,HIGH,True,Healthy,True,True
1118,121,70.0,HIGH,Healthy,HIGH,True,Healthy,True,True
1185,111,70.0,HIGH,Healthy,HIGH,True,Healthy,True,True
1164,41,70.0,HIGH,Low,HIGH,True,Low,True,True
1116,123,70.0,HIGH,Healthy,HIGH,True,Healthy,True,True
1023,55,70.0,HIGH,Healthy,HIGH,True,Healthy,True,True
1055,137,70.0,HIGH,Healthy,HIGH,True,Healthy,True,True
1047,85,70.0,HIGH,Healthy,HIGH,True,Healthy,True,True
1092,72,70.0,HIGH,Healthy,HIGH,True,Healthy,True,True
1028,113,70.0,HIGH,Healthy,HIGH,True,Healthy,True,True
1172,52,70.0,HIGH,Healthy,HIGH,True,Healthy,True,True
1171,60,70.0,HIGH,Healthy,HIGH,True,Healthy,True,True
1011,69,70.0,HIGH,Healthy,HIGH,True,Healthy,True,True
1033,53,70.0,HIGH,Healthy,HIGH,True,Healthy,True,True
1091,137,70.0,HIGH,Healthy,HIGH,True,Healthy,True,True
1036,92,70.0,HIGH,Healthy,HIGH,True,Healthy,True,True
1089,48,70.0,HIGH,Low,HIGH,True,Low,True,True
1144,128,70.0,HIGH,Healthy,HIGH,True,Healthy,True,True
1145,125,70.0,HIGH,Healthy,HIGH,True,Healthy,True,True
1079,193,70.0,HIGH,Healthy,HIGH,True,Healthy,True,True
1038,85,70.0,HIGH,Healthy,HIGH,True,Healthy,True,True
1183,91,70.0,HIGH,Healthy,HIGH,True,Healthy,True,True
1095,70,70.0,HIGH,Healthy,HIGH,True,Healthy,True,True
1017,58,70.0,HIGH,Healthy,HIGH,True,Healthy,True,True
1160,152,70.0,HIGH,Healthy,HIGH,True,Healthy,True,True
1073,79,70.0,HIGH,Healthy,HIGH,True,Healthy,True,True
1168,127,70.0,HIGH,Healthy,HIGH,True,Healthy,True,True
1103,69,70.0,HIGH,Healthy,HIGH,True,Healthy,True,True
1001,88,70.0,HIGH,Healthy,HIGH,True,Healthy,True,True
1163,102,70.0,HIGH,Healthy,HIGH,True,Healthy,True,True
1176,63,70.0,HIGH,Healthy,HIGH,True,Healthy,True,True
1179,102,70.0,HIGH,Healthy,HIGH,True,Healthy,True,True
1130,138,70.0,HIGH,Healthy,HIGH,True,Healthy,True,True
1119,218,70.0,HIGH,Healthy,HIGH,True,Healthy,True,True
1020,170,70.0,HIGH,Healthy,HIGH,True,Healthy,True,True
1186,112,70.0,HIGH,Healthy,HIGH,True,Healthy,True,True
1041,118,70.0,HIGH,Healthy,HIGH,True,Healthy,True,True
1126,159,70.0,HIGH,Healthy,HIGH,True,Healthy,True,True
1063,73,70.0,HIGH,Healthy,HIGH,True,Healthy,True,True
1190,123,70.0,HIGH,Healthy,HIGH,True,Healthy,True,True
1052,141,70.0,HIGH,Healthy,HIGH,True,Healthy,True,True
1105,155,70.0,HIGH,Healthy,HIGH,True,Healthy,True,True
1123,145,70.0,HIGH,Healthy,HIGH,True,Healthy,True,True
1059,80,70.0,HIGH,Healthy,HIGH,True,Healthy,True,True
1062,140,70.0,HIGH,Healthy,HIGH,True,Healthy,True,True
1187,148,70.0,HIGH,Healthy,HIGH,True,Healthy,True,True
1042,109,70.0,HIGH,Healthy,HIGH,True,Healthy,True,True
1038,140,70.0,HIGH,Healthy,HIGH,True,Healthy,True,True
1105,176,70.0,HIGH,Healthy,HIGH,True,Healthy,True,True
1083,112,70.0,HIGH,Healthy,HIGH,True,Healthy,True,True
1107,85,70.0,HIGH,Healthy,HIGH,True,Healthy,True,True
1189,72,70.0,HIGH,Healthy,HIGH,True,Healthy,True,True
1023,127,70.0,HIGH,Healthy,HIGH,True,Healthy,True,True
1015,233,70.0,HIGH,Healthy,HIGH,True,Healthy,True,True
1170,130,70.0,HIGH,Healthy,HIGH,True,Healthy,True,True
1039,175,70.0,HIGH,Healthy,HIGH,True,Healthy,True,True
1092,155,70.0,HIGH,Healthy,HIGH,True,Healthy,True,True
1090,240,70.0,HIGH,Healthy,HIGH,True,Healthy,True,True
1087,91,70.0,HIGH,Healthy,HIGH,True,Healthy,True,True
1181,150,70.0,HIGH,Healthy,HIGH,True,Healthy,True,True
1059,123,70.0,HIGH,Healthy,HIGH,True,Healthy,True,True
1065,96,70.0,HIGH,Healthy,HIGH,True,Healthy,True,True
1004,265,70.0,HIGH,Healthy,HIGH,True,Healthy,True,True
1042,217,70.0,HIGH,Healthy,HIGH,True,Healthy,True,True
1094,221,70.0,HIGH,Healthy,HIGH,True,Healthy,True,True
1129,153,70.0,HIGH,Healthy,HIGH,True,Healthy,True,True
1146,119,70.0,HIGH,Healthy,HIGH,True,Healthy,True,True
1043,139,70.0,HIGH,Healthy,HIGH,True,Healthy,True,True
1032,230,70.0,HIGH,Healthy,HIGH,True,Healthy,True,True
1101,168,70.0,HIGH,Healthy,HIGH,True,Healthy,True,True
1036,114,70.0,HIGH,Healthy,HIGH,True,Healthy,True,True
1130,158,70.0,HIGH,Healthy,HIGH,True,Healthy,True,True
1100,146,70.0,HIGH,Healthy,HIGH,True,Healthy,True,True
1142,143,70.0,HIGH,Healthy,HIGH,True,Healthy,True,True
1051,65,70.0,HIGH,Healthy,HIGH,True,Healthy,True,True
1134,91,70.0,HIGH,Healthy,HIGH,True,Healthy,True,True
1163,93,70.0,HIGH,Healthy,HIGH,True,Healthy,True,True
1060,136,70.0,HIGH,Healthy,HIGH,True,Healthy,True,True
1178,233,70.0,HIGH,Healthy,HIGH,True,Healthy,True,True
1021,179,70.0,HIGH,Healthy,HIGH,True,Healthy,True,True
1076,154,70.0,HIGH,Healthy,HIGH,True,Healthy,True,True
1053,206,70.0,HIGH,Healthy,HIGH,True,Healthy,True,True
1062,100,70.0,HIGH,Healthy,HIGH,True,Healthy,True,True
1029,222,70.0,HIGH,Healthy,HIGH,True,Healthy,True,True
1077,157,70.0,HIGH,Healthy,HIGH,True,Healthy,True,True
1033,147,70.0,HIGH,Healthy,HIGH,True,Healthy,True,True
1005,160,70.0,HIGH,Healthy,HIGH,True,Healthy,True,True
1166,153,70.0,HIGH,Healthy,HIGH,True,Healthy,True,True
1044,162,70.0,HIGH,Healthy,HIGH,True,Healthy,True,True
1037,77,70.0,HIGH,Healthy,HIGH,True,Healthy,True,True
1112,190,70.0,HIGH,Healthy,HIGH,True,Healthy,True,True
1096,99,70.0,HIGH,Healthy,HIGH,True,Healthy,True,True
1093,261,70.0,HIGH,Healthy,HIGH,True,Healthy,True,True
1192,194,70.0,HIGH,Healthy,HIGH,True,Healthy,True,True
1173,63,70.0,HIGH,Healthy,HIGH,True,Healthy,True,True
1024,246,70.0,HIGH,Healthy,HIGH,True,Healthy,True,True
1139,193,70.0,HIGH,Healthy,HIGH,True,Healthy,True,True
1184,269,70.0,HIGH,Healthy,HIGH,True,Healthy,True,True
1072,108,70.0,HIGH,Healthy,HIGH,True,Healthy,True,True
1027,199,70.0,HIGH,Healthy,HIGH,True,Healthy,True,True
1035,96,70.0,HIGH,Healthy,HIGH,True,Healthy,True,True
1140,148,70.0,HIGH,Healthy,HIGH,True,Healthy,True,True
1097,128,70.0,HIGH,Healthy,HIGH,True,Healthy,True,True
1158,252,70.0,HIGH,Healthy,HIGH,True,Healthy,True,True
1019,145,70.0,HIGH,Healthy,HIGH,True,Healthy,True,True
1085,154,70.0,HIGH,Healthy,HIGH,True,Healthy,True,True
1182,137,70.0,HIGH,Healthy,HIGH,True,Healthy,True,True
1145,89,70.0,HIGH,Healthy,HIGH,True,Healthy,True,True
1071,181,70.0,HIGH,Healthy,HIGH,True,Healthy,True,True
1200,175,70.0,HIGH,Healthy,HIGH,True,Healthy,True,True
1193,222,70.0,HIGH,Healthy,HIGH,True,Healthy,True,True
1165,200,70.0,HIGH,Healthy,HIGH,True,Healthy,True,True
1180,198,70.0,HIGH,Healthy,HIGH,True,Healthy,True,True
1177,222,70.0,HIGH,Healthy,HIGH,True,Healthy,True,True
1161,103,70.0,HIGH,Healthy,HIGH,True,Healthy,True,True
1012,168,70.0,HIGH,Healthy,HIGH,True,Healthy,True,True
1148,140,70.0,HIGH,Healthy,HIGH,True,Healthy,True,True
1191,177,70.0,HIGH,Healthy,HIGH,True,Healthy,True,True
1073,130,70.0,HIGH,Healthy,HIGH,True,Healthy,True,True
1185,187,70.0,HIGH,Healthy,HIGH,True,Healthy,True,True
1078,109,70.0,HIGH,Healthy,HIGH,True,Healthy,True,True
1058,80,70.0,HIGH,Healthy,HIGH,True,Healthy,True,True
1149,56,70.0,HIGH,Healthy,HIGH,True,Healthy,True,True
1049,145,70.0,HIGH,Healthy,HIGH,True,Healthy,True,True
1055,89,70.0,HIGH,Healthy,HIGH,True,Healthy,True,True
1127,194,70.0,HIGH,Healthy,HIGH,True,Healthy,True,True
1064,191,70.0,HIGH,Healthy,HIGH,True,Healthy,True,True
1103,147,70.0,HIGH,Healthy,HIGH,True,Healthy,True,True
1056,91,70.0,HIGH,Healthy,HIGH,True,Healthy,True,True
1075,255,70.0,HIGH,Healthy,HIGH,True,Healthy,True,True
1011,135,70.0,HIGH,Healthy,HIGH,True,Healthy,True,True
1160,197,70.0,HIGH,Healthy,HIGH,True,Healthy,True,True
1104,186,70.0,HIGH,Healthy,HIGH,True,Healthy,True,True
1169,288,70.0,HIGH,Healthy,HIGH,True,Healthy,True,True
1002,135,70.0,HIGH,Healthy,HIGH,True,Healthy,True,True
1098,88,70.0,HIGH,Healthy,HIGH,True,Healthy,True,True
1066,109,70.0,HIGH,Healthy,HIGH,True,Healthy,True,True
1162,137,70.0,HIGH,Healthy,HIGH,True,Healthy,True,True
1028,95,70.0,HIGH,Healthy,HIGH,True,Healthy,True,True
1068,143,70.0,HIGH,Healthy,HIGH,True,Healthy,True,True
1141,240,70.0,HIGH,Healthy,HIGH,True,Healthy,True,True
1046,170,70.0,HIGH,Healthy,HIGH,True,Healthy,True,True
1082,127,70.0,HIGH,Healthy,HIGH,True,Healthy,True,True
1123,283,70.0,HIGH,Healthy,HIGH,True,Healthy,True,True
1143,145,70.0,HIGH,Healthy,HIGH,True,Healthy,True,True
1153,118,70.0,HIGH,Healthy,HIGH,True,Healthy,True,True
1120,190,70.0,HIGH,Healthy,HIGH,True,Healthy,True,True
1030,224,70.0,HIGH,Healthy,HIGH,True,Healthy,True,True
1147,132,70.0,HIGH,Healthy,HIGH,True,Healthy,True,True
1050,212,70.0,HIGH,Healthy,HIGH,True,Healthy,True,True
1061,178,70.0,HIGH,Healthy,HIGH,True,Healthy,True,True
1001,69,70.0,HIGH,Healthy,HIGH,True,Healthy,True,True
1179,107,70.0,HIGH,Healthy,HIGH,True,Healthy,True,True
1008,133,70.0,HIGH,Healthy,HIGH,True,Healthy,True,True
1109,82,70.0,HIGH,Healthy,HIGH,True,Healthy,True,True
1069,121,70.0,HIGH,Healthy,HIGH,True,Healthy,True,True
1016,219,70.0,HIGH,Healthy,HIGH,True,Healthy,True,True
1080,198,70.0,HIGH,Healthy,HIGH,True,Healthy,True,True
1167,127,70.0,HIGH,Healthy,HIGH,True,Healthy,True,True
1187,157,70.0,HIGH,Healthy,HIGH,True,Healthy,True,True
1190,87,70.0,HIGH,Healthy,HIGH,True,Healthy,True,True
1091,114,70.0,HIGH,Healthy,HIGH,True,Healthy,True,True
1186,82,70.0,HIGH,Healthy,HIGH,True,Healthy,True,True
1111,229,70.0,HIGH,Healthy,HIGH,True,Healthy,True,True
1110,142,70.0,HIGH,Healthy,HIGH,True,Healthy,True,True
1131,191,70.0,HIGH,Healthy,HIGH,True,Healthy,True,True
1122,166,70.0,HIGH,Healthy,HIGH,True,Healthy,True,True
1088,157,70.0,HIGH,Healthy,HIGH,True,Healthy,True,True
1006,147,70.0,HIGH,Healthy,HIGH,True,Healthy,True,True
1188,318,70.0,HIGH,Healthy,HIGH,True,Healthy,True,True
1151,73,70.0,HIGH,Healthy,HIGH,True,Healthy,True,True
1063,244,70.0,HIGH,Healthy,HIGH,True,Healthy,True,True
1054,259,70.0,HIGH,Healthy,HIGH,True,Healthy,True,True
1014,228,70.0,HIGH,Healthy,HIGH,True,Healthy,True,True
1114,57,70.0,HIGH,Healthy,HIGH,True,Healthy,True,True
1152,180,70.0,HIGH,Healthy,HIGH,True,Healthy,True,True
1124,95,70.0,HIGH,Healthy,HIGH,True,Healthy,True,True
1081,99,70.0,HIGH,Healthy,HIGH,True,Healthy,True,True
1013,209,70.0,HIGH,Healthy,HIGH,True,Healthy,True,True
1116,190,70.0,HIGH,Healthy,HIGH,True,Healthy,True,True
1175,133,70.0,HIGH,Healthy,HIGH,True,Healthy,True,True
1020,130,70.0,HIGH,Healthy,HIGH,True,Healthy,True,True
1025,155,70.0,HIGH,Healthy,HIGH,True,Healthy,True,True
1095,211,70.0,HIGH,Healthy,HIGH,True,Healthy,True,True
1157,201,70.0,HIGH,Healthy,HIGH,True,Healthy,True,True
1017,192,70.0,HIGH,Healthy,HIGH,True,Healthy,True,True
1150,148,70.0,HIGH,Healthy,HIGH,True,Healthy,True,True
1198,246,70.0,HIGH,Healthy,HIGH,True,Healthy,True,True
1156,84,70.0,HIGH,Healthy,HIGH,True,Healthy,True,True
1084,148,70.0,HIGH,Healthy,HIGH,True,Healthy,True,True
1159,103,70.0,HIGH,Healthy,HIGH,True,Healthy,True,True
1118,195,70.0,HIGH,Healthy,HIGH,True,Healthy,True,True
1197,134,70.0,HIGH,Healthy,HIGH,True,Healthy,True,True
1026,94,70.0,HIGH,Healthy,HIGH,True,Healthy,True,True
1117,102,70.0,HIGH,Healthy,HIGH,True,Healthy,True,True
1195,205,70.0,HIGH,Healthy,HIGH,True,Healthy,True,True
1126,254,70.0,HIGH,Healthy,HIGH,True,Healthy,True,True
1196,298,70.0,HIGH,Healthy,HIGH,True,Healthy,True,True
1031,216,70.0,HIGH,Healthy,HIGH,True,Healthy,True,True
1135,126,70.0,HIGH,Healthy,HIGH,True,Healthy,True,True
1047,141,70.0,HIGH,Healthy,HIGH,True,Healthy,True,True
1067,211,70.0,HIGH,Healthy,HIGH,True,Healthy,True,True
1106,100,70.0,HIGH,Healthy,HIGH,True,Healthy,True,True
1199,115,70.0,HIGH,Healthy,HIGH,True,Healthy,True,True
1057,181,70.0,HIGH,Healthy,HIGH,True,Healthy,True,True
1155,136,70.0,HIGH,Healthy,HIGH,True,Healthy,True,True
1099,207,70.0,HIGH,Healthy,HIGH,True,Healthy,True,True
1089,85,70.0,HIGH,Healthy,HIGH,True,Healthy,True,True
1079,276,70.0,HIGH,Healthy,HIGH,True,Healthy,True,True
1128,141,70.0,HIGH,Healthy,HIGH,True,Healthy,True,True
1070,198,70.0,HIGH,Healthy,HIGH,True,Healthy,True,True
1174,97,70.0,HIGH,Healthy,HIGH,True,Healthy,True,True
1172,108,70.0,HIGH,Healthy,HIGH,True,Healthy,True,True
1136,179,70.0,HIGH,Healthy,HIGH,True,Healthy,True,True
1048,129,70.0,HIGH,Healthy,HIGH,True,Healthy,True,True
1121,227,70.0,HIGH,Healthy,HIGH,True,Healthy,True,True
1176,104,70.0,HIGH,Healthy,HIGH,True,Healthy,True,True
1144,96,70.0,HIGH,Healthy,HIGH,True,Healthy,True,True
1115,122,70.0,HIGH,Healthy,HIGH,True,Healthy,True,True
1113,213,70.0,HIGH,Healthy,HIGH,True,Healthy,True,True
1045,63,70.0,HIGH,Healthy,HIGH,True,Healthy,True,True
1164,136,70.0,HIGH,Healthy,HIGH,True,Healthy,True,True
1051,94,70.0,HIGH,Healthy,HIGH,True,Healthy,True,True
1164,155,70.0,HIGH,Healthy,HIGH,True,Healthy,True,True
1187,198,70.0,HIGH,Healthy,HIGH,True,Healthy,True,True
1115,200,70.0,HIGH,Healthy,HIGH,True,Healthy,True,True
1170,210,70.0,HIGH,Healthy,HIGH,True,Healthy,True,True
1191,115,70.0,HIGH,Healthy,HIGH,True,Healthy,True,True
1124,241,70.0,HIGH,Healthy,HIGH,True,Healthy,True,True
1055,213,70.0,HIGH,Healthy,HIGH,True,Healthy,True,True
1066,119,70.0,HIGH,Healthy,HIGH,True,Healthy,True,True
1081,114,70.0,HIGH,Healthy,HIGH,True,Healthy,True,True
1102,103,70.0,HIGH,Healthy,HIGH,True,Healthy,True,True
1116,128,70.0,HIGH,Healthy,HIGH,True,Healthy,True,True
1195,215,70.0,HIGH,Healthy,HIGH,True,Healthy,True,True
1030,138,70.0,HIGH,Healthy,HIGH,True,Healthy,True,True
1119,325,70.0,HIGH,Healthy,HIGH,True,Healthy,True,True
1103,149,70.0,HIGH,Healthy,HIGH,True,Healthy,True,True
1072,121,70.0,HIGH,Healthy,HIGH,True,Healthy,True,True
1109,66,70.0,HIGH,Healthy,HIGH,True,Healthy,True,True
1050,263,70.0,HIGH,Healthy,HIGH,True,Healthy,True,True
1145,176,70.0,HIGH,Healthy,HIGH,True,Healthy,True,True
1157,90,70.0,HIGH,Healthy,HIGH,True,Healthy,True,True
1156,118,70.0,HIGH,Healthy,HIGH,True,Healthy,True,True
1047,202,70.0,HIGH,Healthy,HIGH,True,Healthy,True,True
1001,133,70.0,HIGH,Healthy,HIGH,True,Healthy,True,True
1175,156,70.0,HIGH,Healthy,HIGH,True,Healthy,True,True
1037,62,70.0,HIGH,Healthy,HIGH,True,Healthy,True,True
1087,193,70.0,HIGH,Healthy,HIGH,True,Healthy,True,True
1123,215,70.0,HIGH,Healthy,HIGH,True,Healthy,True,True
1013,223,70.0,HIGH,Healthy,HIGH,True,Healthy,True,True
1101,146,70.0,HIGH,Healthy,HIGH,True,Healthy,True,True
1122,94,70.0,HIGH,Healthy,HIGH,True,Healthy,True,True
1179,154,70.0,HIGH,Healthy,HIGH,True,Healthy,True,True
1163,112,70.0,HIGH,Healthy,HIGH,True,Healthy,True,True
1198,205,70.0,HIGH,Healthy,HIGH,True,Healthy,True,True
1133,154,70.0,HIGH,Healthy,HIGH,True,Healthy,True,True
1114,99,70.0,HIGH,Healthy,HIGH,True,Healthy,True,True
1027,188,70.0,HIGH,Healthy,HIGH,True,Healthy,True,True
1064,208,70.0,HIGH,Healthy,HIGH,True,Healthy,True,True
1131,163,70.0,HIGH,Healthy,HIGH,True,Healthy,True,True
1097,193,70.0,HIGH,Healthy,HIGH,True,Healthy,True,True
1132,137,70.0,HIGH,Healthy,HIGH,True,Healthy,True,True
1052,107,70.0,HIGH,Healthy,HIGH,True,Healthy,True,True
1078,122,70.0,HIGH,Healthy,HIGH,True,Healthy,True,True
1183,139,70.0,HIGH,Healthy,HIGH,True,Healthy,True,True
1197,67,70.0,HIGH,Healthy,HIGH,True,Healthy,True,True
1099,129,70.0,HIGH,Healthy,HIGH,True,Healthy,True,True
1185,83,70.0,HIGH,Healthy,HIGH,True,Healthy,True,True
1142,88,70.0,HIGH,Healthy,HIGH,True,Healthy,True,True
1085,196,70.0,HIGH,Healthy,HIGH,True,Healthy,True,True
1065,111,70.0,HIGH,Healthy,HIGH,True,Healthy,True,True
1105,228,70.0,HIGH,Healthy,HIGH,True,Healthy,True,True
1154,163,70.0,HIGH,Healthy,HIGH,True,Healthy,True,True
1045,121,70.0,HIGH,Healthy,HIGH,True,Healthy,True,True
1182,233,70.0,HIGH,Healthy,HIGH,True,Healthy,True,True
1071,140,70.0,HIGH,Healthy,HIGH,True,Healthy,True,True
1046,90,70.0,HIGH,Healthy,HIGH,True,Healthy,True,True
1130,146,70.0,HIGH,Healthy,HIGH,True,Healthy,True,True
1073,128,70.0,HIGH,Healthy,HIGH,True,Healthy,True,True
1168,229,70.0,HIGH,Healthy,HIGH,True,Healthy,True,True
1160,236,70.0,HIGH,Healthy,HIGH,True,Healthy,True,True
1091,185,70.0,HIGH,Healthy,HIGH,True,Healthy,True,True
1180,120,70.0,HIGH,Healthy,HIGH,True,Healthy,True,True
1096,63,70.0,HIGH,Healthy,HIGH,True,Healthy,True,True
1139,126,70.0,HIGH,Healthy,HIGH,True,Healthy,True,True
1127,315,70.0,HIGH,Healthy,HIGH,True,Healthy,True,True
1002,240,70.0,HIGH,Healthy,HIGH,True,Healthy,True,True
1112,111,70.0,HIGH,Healthy,HIGH,True,Healthy,True,True
1076,248,70.0,HIGH,Healthy,HIGH,True,Healthy,True,True
1192,111,70.0,HIGH,Healthy,HIGH,True,Healthy,True,True
1165,177,70.0,HIGH,Healthy,HIGH,True,Healthy,True,True
1008,146,70.0,HIGH,Healthy,HIGH,True,Healthy,True,True
1015,103,70.0,HIGH,Healthy,HIGH,True,Healthy,True,True
1014,126,70.0,HIGH,Healthy,HIGH,True,Healthy,True,True
1104,245,70.0,HIGH,Healthy,HIGH,True,Healthy,True,True
1107,80,70.0,HIGH,Healthy,HIGH,True,Healthy,True,True
1174,136,70.0,HIGH,Healthy,HIGH,True,Healthy,True,True
1067,124,70.0,HIGH,Healthy,HIGH,True,Healthy,True,True
1190,188,70.0,HIGH,Healthy,HIGH,True,Healthy,True,True
1060,170,70.0,HIGH,Healthy,HIGH,True,Healthy,True,True
1172,138,70.0,HIGH,Healthy,HIGH,True,Healthy,True,True
1053,220,70.0,HIGH,Healthy,HIGH,True,Healthy,True,True
1173,109,70.0,HIGH,Healthy,HIGH,True,Healthy,True,True
1184,90,70.0,HIGH,Healthy,HIGH,True,Healthy,True,True
1147,119,70.0,HIGH,Healthy,HIGH,True,Healthy,True,True
1193,255,70.0,HIGH,Healthy,HIGH,True,Healthy,True,True
1032,119,70.0,HIGH,Healthy,HIGH,True,Healthy,True,True
1186,93,70.0,HIGH,Healthy,HIGH,True,Healthy,True,True
1150,99,70.0,HIGH,Healthy,HIGH,True,Healthy,True,True
1031,186,70.0,HIGH,Healthy,HIGH,True,Healthy,True,True
1188,318,70.0,HIGH,Healthy,HIGH,True,Healthy,True,True
1061,178,70.0,HIGH,Healthy,HIGH,True,Healthy,True,True
1158,230,70.0,HIGH,Healthy,HIGH,True,Healthy,True,True
1057,288,70.0,HIGH,Healthy,HIGH,True,Healthy,True,True
1152,168,70.0,HIGH,Healthy,HIGH,True,Healthy,True,True
1138,134,70.0,HIGH,Healthy,HIGH,True,Healthy,True,True
1080,180,70.0,HIGH,Healthy,HIGH,True,Healthy,True,True
1068,84,70.0,HIGH,Healthy,HIGH,True,Healthy,True,True
1017,188,70.0,HIGH,Healthy,HIGH,True,Healthy,True,True
1171,180,70.0,HIGH,Healthy,HIGH,True,Healthy,True,True
1100,125,70.0,HIGH,Healthy,HIGH,True,Healthy,True,True
1082,196,70.0,HIGH,Healthy,HIGH,True,Healthy,True,True
1129,114,70.0,HIGH,Healthy,HIGH,True,Healthy,True,True
1019,131,70.0,HIGH,Healthy,HIGH,True,Healthy,True,True
1029,164,70.0,HIGH,Healthy,HIGH,True,Healthy,True,True
1006,137,70.0,HIGH,Healthy,HIGH,True,Healthy,True,True
1143,113,70.0,HIGH,Healthy,HIGH,True,Healthy,True,True
1135,140,70.0,HIGH,Healthy,HIGH,True,Healthy,True,True
1049,85,70.0,HIGH,Healthy,HIGH,True,Healthy,True,True
1022,85,70.0,HIGH,Healthy,HIGH,True,Healthy,True,True
1016,134,70.0,HIGH,Healthy,HIGH,True,Healthy,True,True
1146,195,70.0,HIGH,Healthy,HIGH,True,Healthy,True,True
1149,146,70.0,HIGH,Healthy,HIGH,True,Healthy,True,True
1126,180,70.0,HIGH,Healthy,HIGH,True,Healthy,True,True
1058,211,70.0,HIGH,Healthy,HIGH,True,Healthy,True,True
1007,79,70.0,HIGH,Healthy,HIGH,True,Healthy,True,True
1003,137,70.0,HIGH,Healthy,HIGH,True,Healthy,True,True
1088,129,70.0,HIGH,Healthy,HIGH,True,Healthy,True,True
1196,144,70.0,HIGH,Healthy,HIGH,True,Healthy,True,True
1155,55,70.0,HIGH,Healthy,HIGH,True,Healthy,True,True
1166,276,70.0,HIGH,Healthy,HIGH,True,Healthy,True,True
1044,100,70.0,HIGH,Healthy,HIGH,True,Healthy,True,True
1106,214,70.0,HIGH,Healthy,HIGH,True,Healthy,True,True
1111,233,70.0,HIGH,Healthy,HIGH,True,Healthy,True,True
1098,107,70.0,HIGH,Healthy,HIGH,True,Healthy,True,True
1048,136,70.0,HIGH,Healthy,HIGH,True,Healthy,True,True
1134,105,70.0,HIGH,Healthy,HIGH,True,Healthy,True,True
1153,138,70.0,HIGH,Healthy,HIGH,True,Healthy,True,True
1059,60,70.0,HIGH,Healthy,HIGH,True,Healthy,True,True
1035,139,70.0,HIGH,Healthy,HIGH,True,Healthy,True,True
1108,201,70.0,HIGH,Healthy,HIGH,True,Healthy,True,True
1062,222,70.0,HIGH,Healthy,HIGH,True,Healthy,True,True
1181,180,70.0,HIGH,Healthy,HIGH,True,Healthy,True,True
1176,134,70.0,HIGH,Healthy,HIGH,True,Healthy,True,True
1036,57,70.0,HIGH,Healthy,HIGH,True,Healthy,True,True
1194,176,70.0,HIGH,Healthy,HIGH,True,Healthy,True,True
1040,145,70.0,HIGH,Healthy,HIGH,True,Healthy,True,True
1070,131,70.0,HIGH,Healthy,HIGH,True,Healthy,True,True
1125,104,70.0,HIGH,Healthy,HIGH,True,Healthy,True,True
1074,144,70.0,HIGH,Healthy,HIGH,True,Healthy,True,True
1020,215,70.0,HIGH,Healthy,HIGH,True,Healthy,True,True
1041,179,70.0,HIGH,Healthy,HIGH,True,Healthy,True,True
1077,127,70.0,HIGH,Healthy,HIGH,True,Healthy,True,True
1018,140,70.0,HIGH,Healthy,HIGH,True,Healthy,True,True
1075,198,70.0,HIGH,Healthy,HIGH,True,Healthy,True,True
1113,135,70.0,HIGH,Healthy,HIGH,True,Healthy,True,True
1178,290,70.0,HIGH,Healthy,HIGH,True,Healthy,True,True
1140,195,70.0,HIGH,Healthy,HIGH,True,Healthy,True,True
1063,122,70.0,HIGH,Healthy,HIGH,True,Healthy,True,True
1034,77,70.0,HIGH,Healthy,HIGH,True,Healthy,True,True
1042,267,70.0,HIGH,Healthy,HIGH,True,Healthy,True,True
1093,107,70.0,HIGH,Healthy,HIGH,True,Healthy,True,True
1120,257,70.0,HIGH,Healthy,HIGH,True,Healthy,True,True
1200,117,70.0,HIGH,Healthy,HIGH,True,Healthy,True,True
1148,134,70.0,HIGH,Healthy,HIGH,True,Healthy,True,True
1021,196,70.0,HIGH,Healthy,HIGH,True,Healthy,True,True
1159,85,70.0,HIGH,Healthy,HIGH,True,Healthy,True,True
1169,159,70.0,HIGH,Healthy,HIGH,True,Healthy,True,True
1004,218,70.0,HIGH,Healthy,HIGH,True,Healthy,True,True
1137,263,70.0,HIGH,Healthy,HIGH,True,Healthy,True,True
1054,243,70.0,HIGH,Healthy,HIGH,True,Healthy,True,True
1136,100,70.0,HIGH,Healthy,HIGH,True,Healthy,True,True
1161,104,70.0,HIGH,Healthy,HIGH,True,Healthy,True,True
1167,184,70.0,HIGH,Healthy,HIGH,True,Healthy,True,True
1043,93,70.0,HIGH,Healthy,HIGH,True,Healthy,True,True
1117,216,70.0,HIGH,Healthy,HIGH,True,Healthy,True,True
1084,172,70.0,HIGH,Healthy,HIGH,True,Healthy,True,True
1086,297,70.0,HIGH,Healthy,HIGH,True,Healthy,True,True
1090,179,70.0,HIGH,Healthy,HIGH,True,Healthy,True,True
1038,72,70.0,HIGH,Healthy,HIGH,True,Healthy,True,True
1118,153,70.0,HIGH,Healthy,HIGH,True,Healthy,True,True
1010,230,70.0,HIGH,Healthy,HIGH,True,Healthy,True,True
1094,275,70.0,HIGH,Healthy,HIGH,True,Healthy,True,True
1028,160,70.0,HIGH,Healthy,HIGH,True,Healthy,True,True
1039,138,70.0,HIGH,Healthy,HIGH,True,Healthy,True,True
1012,107,70.0,HIGH,Healthy,HIGH,True,Healthy,True,True
1073,190,70.0,HIGH,Healthy,HIGH,True,Healthy,True,True
1180,436,70.0,HIGH,Healthy,HIGH,True,Healthy,True,True
1034,218,70.0,HIGH,Healthy,HIGH,True,Healthy,True,True
1090,172,70.0,HIGH,Healthy,HIGH,True,Healthy,True,True
1166,277,70.0,HIGH,Healthy,HIGH,True,Healthy,True,True
1129,141,70.0,HIGH,Healthy,HIGH,True,Healthy,True,True
1078,147,70.0,HIGH,Healthy,HIGH,True,Healthy,True,True
1003,122,70.0,HIGH,Healthy,HIGH,True,Healthy,True,True
1006,285,70.0,HIGH,Healthy,HIGH,True,Healthy,True,True
1033,187,70.0,HIGH,Healthy,HIGH,True,Healthy,True,True
1094,442,70.0,HIGH,Healthy,HIGH,True,Healthy,True,True
1004,317,70.0,HIGH,Healthy,HIGH,True,Healthy,True,True
1191,194,70.0,HIGH,Healthy,HIGH,True,Healthy,True,True
1077,234,70.0,HIGH,Healthy,HIGH,True,Healthy,True,True
1108,263,70.0,HIGH,Healthy,HIGH,True,Healthy,True,True
1157,261,70.0,HIGH,Healthy,HIGH,True,Healthy,True,True
1144,95,70.0,HIGH,Healthy,HIGH,True,Healthy,True,True
1074,124,70.0,HIGH,Healthy,HIGH,True,Healthy,True,True
1113,173,70.0,HIGH,Healthy,HIGH,True,Healthy,True,True
1197,172,70.0,HIGH,Healthy,HIGH,True,Healthy,True,True
1096,147,70.0,HIGH,Healthy,HIGH,True,Healthy,True,True
1186,123,70.0,HIGH,Healthy,HIGH,True,Healthy,True,True
1037,147,70.0,HIGH,Healthy,HIGH,True,Healthy,True,True
1115,184,70.0,HIGH,Healthy,HIGH,True,Healthy,True,True
1103,188,70.0,HIGH,Healthy,HIGH,True,Healthy,True,True
1022,147,70.0,HIGH,Healthy,HIGH,True,Healthy,True,True
1019,72,70.0,HIGH,Healthy,HIGH,True,Healthy,True,True
1032,315,70.0,HIGH,Healthy,HIGH,True,Healthy,True,True
1001,159,70.0,HIGH,Healthy,HIGH,True,Healthy,True,True
1095,180,70.0,HIGH,Healthy,HIGH,True,Healthy,True,True
1053,357,70.0,HIGH,Healthy,HIGH,True,Healthy,True,True
1122,302,70.0,HIGH,Healthy,HIGH,True,Healthy,True,True
1066,153,70.0,HIGH,Healthy,HIGH,True,Healthy,True,True
1016,163,70.0,HIGH,Healthy,HIGH,True,Healthy,True,True
1099,248,70.0,HIGH,Healthy,HIGH,True,Healthy,True,True
1068,196,70.0,HIGH,Healthy,HIGH,True,Healthy,True,True
1079,333,70.0,HIGH,Healthy,HIGH,True,Healthy,True,True
1188,362,70.0,HIGH,Healthy,HIGH,True,Healthy,True,True
1192,327,70.0,HIGH,Healthy,HIGH,True,Healthy,True,True
1072,152,70.0,HIGH,Healthy,HIGH,True,Healthy,True,True
1013,315,70.0,HIGH,Healthy,HIGH,True,Healthy,True,True
1089,185,70.0,HIGH,Healthy,HIGH,True,Healthy,True,True
1098,201,70.0,HIGH,Healthy,HIGH,True,Healthy,True,True
1125,152,70.0,HIGH,Healthy,HIGH,True,Healthy,True,True
1127,346,70.0,HIGH,Healthy,HIGH,True,Healthy,True,True
1028,228,70.0,HIGH,Healthy,HIGH,True,Healthy,True,True
1065,120,70.0,HIGH,Healthy,HIGH,True,Healthy,True,True
1029,260,70.0,HIGH,Healthy,HIGH,True,Healthy,True,True
1124,263,70.0,HIGH,Healthy,HIGH,True,Healthy,True,True
1118,305,70.0,HIGH,Healthy,HIGH,True,Healthy,True,True
1132,273,70.0,HIGH,Healthy,HIGH,True,Healthy,True,True
1198,256,70.0,HIGH,Healthy,HIGH,True,Healthy,True,True
1069,178,70.0,HIGH,Healthy,HIGH,True,Healthy,True,True
1031,352,70.0,HIGH,Healthy,HIGH,True,Healthy,True,True
1088,236,70.0,HIGH,Healthy,HIGH,True,Healthy,True,True
1092,228,70.0,HIGH,Healthy,HIGH,True,Healthy,True,True
1142,87,70.0,HIGH,Healthy,HIGH,True,Healthy,True,True
1025,121,70.0,HIGH,Healthy,HIGH,True,Healthy,True,True
1087,308,70.0,HIGH,Healthy,HIGH,True,Healthy,True,True
1051,173,70.0,HIGH,Healthy,HIGH,True,Healthy,True,True
1165,199,70.0,HIGH,Healthy,HIGH,True,Healthy,True,True
1109,169,70.0,HIGH,Healthy,HIGH,True,Healthy,True,True
1082,171,70.0,HIGH,Healthy,HIGH,True,Healthy,True,True
1044,264,70.0,HIGH,Healthy,HIGH,True,Healthy,True,True
1030,310,70.0,HIGH,Healthy,HIGH,True,Healthy,True,True
1170,295,70.0,HIGH,Healthy,HIGH,True,Healthy,True,True
1106,295,70.0,HIGH,Healthy,HIGH,True,Healthy,True,True
1135,248,70.0,HIGH,Healthy,HIGH,True,Healthy,True,True
1181,178,70.0,HIGH,Healthy,HIGH,True,Healthy,True,True
1059,173,70.0,HIGH,Healthy,HIGH,True,Healthy,True,True
1134,116,70.0,HIGH,Healthy,HIGH,True,Healthy,True,True
1052,190,70.0,HIGH,Healthy,HIGH,True,Healthy,True,True
1168,147,70.0,HIGH,Healthy,HIGH,True,Healthy,True,True
1121,420,70.0,HIGH,Healthy,HIGH,True,Healthy,True,True
1114,152,70.0,HIGH,Healthy,HIGH,True,Healthy,True,True
1177,241,70.0,HIGH,Healthy,HIGH,True,Healthy,True,True
1155,170,70.0,HIGH,Healthy,HIGH,True,Healthy,True,True
1076,313,70.0,HIGH,Healthy,HIGH,True,Healthy,True,True
1023,255,70.0,HIGH,Healthy,HIGH,True,Healthy,True,True
1183,98,70.0,HIGH,Healthy,HIGH,True,Healthy,True,True
1158,308,70.0,HIGH,Healthy,HIGH,True,Healthy,True,True
1145,90,70.0,HIGH,Healthy,HIGH,True,Healthy,True,True
1054,201,70.0,HIGH,Healthy,HIGH,True,Healthy,True,True
1199,141,70.0,HIGH,Healthy,HIGH,True,Healthy,True,True
1146,124,70.0,HIGH,Healthy,HIGH,True,Healthy,True,True
1009,82,70.0,HIGH,Healthy,HIGH,True,Healthy,True,True
1091,246,70.0,HIGH,Healthy,HIGH,True,Healthy,True,True
1131,151,70.0,HIGH,Healthy,HIGH,True,Healthy,True,True
1126,296,70.0,HIGH,Healthy,HIGH,True,Healthy,True,True
1005,260,70.0,HIGH,Healthy,HIGH,True,Healthy,True,True
1117,229,70.0,HIGH,Healthy,HIGH,True,Healthy,True,True
1174,197,70.0,HIGH,Healthy,HIGH,True,Healthy,True,True
1178,248,70.0,HIGH,Healthy,HIGH,True,Healthy,True,True
1048,304,70.0,HIGH,Healthy,HIGH,True,Healthy,True,True
1101,140,70.0,HIGH,Healthy,HIGH,True,Healthy,True,True
1167,157,70.0,HIGH,Healthy,HIGH,True,Healthy,True,True
1147,242,70.0,HIGH,Healthy,HIGH,True,Healthy,True,True
1137,300,70.0,HIGH,Healthy,HIGH,True,Healthy,True,True
1139,303,70.0,HIGH,Healthy,HIGH,True,Healthy,True,True
1136,224,70.0,HIGH,Healthy,HIGH,True,Healthy,True,True
1102,201,70.0,HIGH,Healthy,HIGH,True,Healthy,True,True
1189,99,70.0,HIGH,Healthy,HIGH,True,Healthy,True,True
1064,240,70.0,HIGH,Healthy,HIGH,True,Healthy,True,True
1156,107,70.0,HIGH,Healthy,HIGH,True,Healthy,True,True
1111,322,70.0,HIGH,Healthy,HIGH,True,Healthy,True,True
1010,447,70.0,HIGH,Healthy,HIGH,True,Healthy,True,True
1018,161,70.0,HIGH,Healthy,HIGH,True,Healthy,True,True
1063,316,70.0,HIGH,Healthy,HIGH,True,Healthy,True,True
1159,120,70.0,HIGH,Healthy,HIGH,True,Healthy,True,True
1061,236,70.0,HIGH,Healthy,HIGH,True,Healthy,True,True
1075,340,70.0,HIGH,Healthy,HIGH,True,Healthy,True,True
1150,121,70.0,HIGH,Healthy,HIGH,True,Healthy,True,True
1187,209,70.0,HIGH,Healthy,HIGH,True,Healthy,True,True
1194,321,70.0,HIGH,Healthy,HIGH,True,Healthy,True,True
1071,280,70.0,HIGH,Healthy,HIGH,True,Healthy,True,True
1026,238,70.0,HIGH,Healthy,HIGH,True,Healthy,True,True
1027,177,70.0,HIGH,Healthy,HIGH,True,Healthy,True,True
1056,289,70.0,HIGH,Healthy,HIGH,True,Healthy,True,True
1017,227,70.0,HIGH,Healthy,HIGH,True,Healthy,True,True
1196,264,70.0,HIGH,Healthy,HIGH,True,Healthy,True,True
1002,237,70.0,HIGH,Healthy,HIGH,True,Healthy,True,True
1143,120,70.0,HIGH,Healthy,HIGH,True,Healthy,True,True
1015,128,70.0,HIGH,Healthy,HIGH,True,Healthy,True,True
1153,114,70.0,HIGH,Healthy,HIGH,True,Healthy,True,True
1116,154,70.0,HIGH,Healthy,HIGH,True,Healthy,True,True
1083,120,70.0,HIGH,Healthy,HIGH,True,Healthy,True,True
1105,218,70.0,HIGH,Healthy,HIGH,True,Healthy,True,True
1012,224,70.0,HIGH,Healthy,HIGH,True,Healthy,True,True
1176,338,70.0,HIGH,Healthy,HIGH,True,Healthy,True,True
1133,91,70.0,HIGH,Healthy,HIGH,True,Healthy,True,True
1062,272,70.0,HIGH,Healthy,HIGH,True,Healthy,True,True
1038,191,70.0,HIGH,Healthy,HIGH,True,Healthy,True,True
1152,236,70.0,HIGH,Healthy,HIGH,True,Healthy,True,True
1175,115,70.0,HIGH,Healthy,HIGH,True,Healthy,True,True
1086,423,70.0,HIGH,Healthy,HIGH,True,Healthy,True,True
1148,162,70.0,HIGH,Healthy,HIGH,True,Healthy,True,True
1055,280,70.0,HIGH,Healthy,HIGH,True,Healthy,True,True
1173,104,70.0,HIGH,Healthy,HIGH,True,Healthy,True,True
1043,104,70.0,HIGH,Healthy,HIGH,True,Healthy,True,True
1058,274,70.0,HIGH,Healthy,HIGH,True,Healthy,True,True
1184,349,70.0,HIGH,Healthy,HIGH,True,Healthy,True,True
1024,241,70.0,HIGH,Healthy,HIGH,True,Healthy,True,True
1047,260,70.0,HIGH,Healthy,HIGH,True,Healthy,True,True
1123,256,70.0,HIGH,Healthy,HIGH,True,Healthy,True,True
1040,119,70.0,HIGH,Healthy,HIGH,True,Healthy,True,True
1049,100,70.0,HIGH,Healthy,HIGH,True,Healthy,True,True
1190,171,70.0,HIGH,Healthy,HIGH,True,Healthy,True,True
1119,154,70.0,HIGH,Healthy,HIGH,True,Healthy,True,True
1141,130,70.0,HIGH,Healthy,HIGH,True,Healthy,True,True
1046,178,70.0,HIGH,Healthy,HIGH,True,Healthy,True,True
1163,255,70.0,HIGH,Healthy,HIGH,True,Healthy,True,True
1093,253,70.0,HIGH,Healthy,HIGH,True,Healthy,True,True
1200,226,70.0,HIGH,Healthy,HIGH,True,Healthy,True,True
1140,153,70.0,HIGH,Healthy,HIGH,True,Healthy,True,True
1070,194,70.0,HIGH,Healthy,HIGH,True,Healthy,True,True
1130,227,70.0,HIGH,Healthy,HIGH,True,Healthy,True,True
1160,277,70.0,HIGH,Healthy,HIGH,True,Healthy,True,True
1120,283,70.0,HIGH,Healthy,HIGH,True,Healthy,True,True
1162,181,70.0,HIGH,Healthy,HIGH,True,Healthy,True,True
1151,80,70.0,HIGH,Healthy,HIGH,True,Healthy,True,True
1107,137,70.0,HIGH,Healthy,HIGH,True,Healthy,True,True
1042,254,70.0,HIGH,Healthy,HIGH,True,Healthy,True,True
1100,175,70.0,HIGH,Healthy,HIGH,True,Healthy,True,True
1057,360,70.0,HIGH,Healthy,HIGH,True,Healthy,True,True
1112,257,70.0,HIGH,Healthy,HIGH,True,Healthy,True,True
1085,203,70.0,HIGH,Healthy,HIGH,True,Healthy,True,True
1084,142,70.0,HIGH,Healthy,HIGH,True,Healthy,True,True
1172,205,70.0,HIGH,Healthy,HIGH,True,Healthy,True,True
1195,271,70.0,HIGH,Healthy,HIGH,True,Healthy,True,True
1154,90,70.0,HIGH,Healthy,HIGH,True,Healthy,True,True
1041,140,70.0,HIGH,Healthy,HIGH,True,Healthy,True,True
1164,202,70.0,HIGH,Healthy,HIGH,True,Healthy,True,True
1045,134,70.0,HIGH,Healthy,HIGH,True,Healthy,True,True
1036,125,70.0,HIGH,Healthy,HIGH,True,Healthy,True,True
1128,359,70.0,HIGH,Healthy,HIGH,True,Healthy,True,True
1021,162,70.0,HIGH,Healthy,HIGH,True,Healthy,True,True
1081,201,70.0,HIGH,Healthy,HIGH,True,Healthy,True,True
1050,339,70.0,HIGH,Healthy,HIGH,True,Healthy,True,True
1198,309,70.0,HIGH,Healthy,HIGH,True,Healthy,True,True
1135,242,70.0,HIGH,Healthy,HIGH,True,Healthy,True,True
1071,194,70.0,HIGH,Healthy,HIGH,True,Healthy,True,True
1164,202,70.0,HIGH,Healthy,HIGH,True,Healthy,True,True
1076,154,70.0,HIGH,Healthy,HIGH,True,Healthy,True,True
1046,206,70.0,HIGH,Healthy,HIGH,True,Healthy,True,True
1156,110,70.0,HIGH,Healthy,HIGH,True,Healthy,True,True
1123,315,70.0,HIGH,Healthy,HIGH,True,Healthy,True,True
1062,187,70.0,HIGH,Healthy,HIGH,True,Healthy,True,True
1128,209,70.0,HIGH,Healthy,HIGH,True,Healthy,True,True
1107,183,70.0,HIGH,Healthy,HIGH,True,Healthy,True,True
1173,202,70.0,HIGH,Healthy,HIGH,True,Healthy,True,True
1200,227,70.0,HIGH,Healthy,HIGH,True,Healthy,True,True
1031,350,70.0,HIGH,Healthy,HIGH,True,Healthy,True,True
1152,235,70.0,HIGH,Healthy,HIGH,True,Healthy,True,True
1074,177,70.0,HIGH,Healthy,HIGH,True,Healthy,True,True
1165,122,70.0,HIGH,Healthy,HIGH,True,Healthy,True,True
1090,219,70.0,HIGH,Healthy,HIGH,True,Healthy,True,True
1019,201,70.0,HIGH,Healthy,HIGH,True,Healthy,True,True
1122,303,70.0,HIGH,Healthy,HIGH,True,Healthy,True,True
1172,183,70.0,HIGH,Healthy,HIGH,True,Healthy,True,True
1092,105,70.0,HIGH,Healthy,HIGH,True,Healthy,True,True
1188,241,70.0,HIGH,Healthy,HIGH,True,Healthy,True,True
1037,134,70.0,HIGH,Healthy,HIGH,True,Healthy,True,True
1136,149,70.0,HIGH,Healthy,HIGH,True,Healthy,True,True
1106,242,70.0,HIGH,Healthy,HIGH,True,Healthy,True,True
1032,256,70.0,HIGH,Healthy,HIGH,True,Healthy,True,True
1097,345,70.0,HIGH,Healthy,HIGH,True,Healthy,True,True
1133,101,70.0,HIGH,Healthy,HIGH,True,Healthy,True,True
1094,175,70.0,HIGH,Healthy,HIGH,True,Healthy,True,True
1181,247,70.0,HIGH,Healthy,HIGH,True,Healthy,True,True
1195,314,70.0,HIGH,Healthy,HIGH,True,Healthy,True,True
1075,350,70.0,HIGH,Healthy,HIGH,True,Healthy,True,True
1166,292,70.0,HIGH,Healthy,HIGH,True,Healthy,True,True
1163,255,70.0,HIGH,Healthy,HIGH,True,Healthy,True,True
1088,259,70.0,HIGH,Healthy,HIGH,True,Healthy,True,True
1196,260,70.0,HIGH,Healthy,HIGH,True,Healthy,True,True
1145,265,70.0,HIGH,Healthy,HIGH,True,Healthy,True,True
1170,320,70.0,HIGH,Healthy,HIGH,True,Healthy,True,True
1025,98,70.0,HIGH,Healthy,HIGH,True,Healthy,True,True
1102,343,70.0,HIGH,Healthy,HIGH,True,Healthy,True,True
1117,157,70.0,HIGH,Healthy,HIGH,True,Healthy,True,True
1066,222,70.0,HIGH,Healthy,HIGH,True,Healthy,True,True
1054,329,70.0,HIGH,Healthy,HIGH,True,Healthy,True,True
1142,140,70.0,HIGH,Healthy,HIGH,True,Healthy,True,True
1176,208,70.0,HIGH,Healthy,HIGH,True,Healthy,True,True
1041,252,70.0,HIGH,Healthy,HIGH,True,Healthy,True,True
1018,122,70.0,HIGH,Healthy,HIGH,True,Healthy,True,True
1029,403,70.0,HIGH,Healthy,HIGH,True,Healthy,True,True
1077,166,70.0,HIGH,Healthy,HIGH,True,Healthy,True,True
1109,141,70.0,HIGH,Healthy,HIGH,True,Healthy,True,True
1110,193,70.0,HIGH,Healthy,HIGH,True,Healthy,True,True
1043,127,70.0,HIGH,Healthy,HIGH,True,Healthy,True,True
1127,372,70.0,HIGH,Healthy,HIGH,True,Healthy,True,True
1140,290,70.0,HIGH,Healthy,HIGH,True,Healthy,True,True
1189,162,70.0,HIGH,Healthy,HIGH,True,Healthy,True,True
1105,373,70.0,HIGH,Healthy,HIGH,True,Healthy,True,True
1154,220,70.0,HIGH,Healthy,HIGH,True,Healthy,True,True
1167,298,70.0,HIGH,Healthy,HIGH,True,Healthy,True,True
1065,120,70.0,HIGH,Healthy,HIGH,True,Healthy,True,True
1187,164,70.0,HIGH,Healthy,HIGH,True,Healthy,True,True
1168,270,70.0,HIGH,Healthy,HIGH,True,Healthy,True,True
1081,200,70.0,HIGH,Healthy,HIGH,True,Healthy,True,True
1096,75,70.0,HIGH,Healthy,HIGH,True,Healthy,True,True
1039,337,70.0,HIGH,Healthy,HIGH,True,Healthy,True,True
1191,296,70.0,HIGH,Healthy,HIGH,True,Healthy,True,True
1083,220,70.0,HIGH,Healthy,HIGH,True,Healthy,True,True
1182,363,70.0,HIGH,Healthy,HIGH,True,Healthy,True,True
1184,346,70.0,HIGH,Healthy,HIGH,True,Healthy,True,True
1192,259,70.0,HIGH,Healthy,HIGH,True,Healthy,True,True
1151,166,70.0,HIGH,Healthy,HIGH,True,Healthy,True,True
1086,152,70.0,HIGH,Healthy,HIGH,True,Healthy,True,True
1130,261,70.0,HIGH,Healthy,HIGH,True,Healthy,True,True
1036,181,70.0,HIGH,Healthy,HIGH,True,Healthy,True,True
1115,182,70.0,HIGH,Healthy,HIGH,True,Healthy,True,True
1007,183,70.0,HIGH,Healthy,HIGH,True,Healthy,True,True
1044,213,70.0,HIGH,Healthy,HIGH,True,Healthy,True,True
1155,124,70.0,HIGH,Healthy,HIGH,True,Healthy,True,True
1095,256,70.0,HIGH,Healthy,HIGH,True,Healthy,True,True
1049,177,70.0,HIGH,Healthy,HIGH,True,Healthy,True,True
1160,200,70.0,HIGH,Healthy,HIGH,True,Healthy,True,True
1193,333,70.0,HIGH,Healthy,HIGH,True,Healthy,True,True
1161,179,70.0,HIGH,Healthy,HIGH,True,Healthy,True,True
1141,156,70.0,HIGH,Healthy,HIGH,True,Healthy,True,True
1085,190,70.0,HIGH,Healthy,HIGH,True,Healthy,True,True
1190,163,70.0,HIGH,Healthy,HIGH,True,Healthy,True,True
1053,327,70.0,HIGH,Healthy,HIGH,True,Healthy,True,True
1131,153,70.0,HIGH,Healthy,HIGH,True,Healthy,True,True
1014,195,70.0,HIGH,Healthy,HIGH,True,Healthy,True,True
1001,144,70.0,HIGH,Healthy,HIGH,True,Healthy,True,True
1073,79,70.0,HIGH,Healthy,HIGH,True,Healthy,True,True
1034,263,70.0,HIGH,Healthy,HIGH,True,Healthy,True,True
1175,91,70.0,HIGH,Healthy,HIGH,True,Healthy,True,True
1185,237,70.0,HIGH,Healthy,HIGH,True,Healthy,True,True
1030,132,70.0,HIGH,Healthy,HIGH,True,Healthy,True,True
1068,147,70.0,HIGH,Healthy,HIGH,True,Healthy,True,True
1045,191,70.0,HIGH,Healthy,HIGH,True,Healthy,True,True
1138,247,70.0,HIGH,Healthy,HIGH,True,Healthy,True,True
1093,182,70.0,HIGH,Healthy,HIGH,True,Healthy,True,True
1178,328,70.0,HIGH,Healthy,HIGH,True,Healthy,True,True
1143,306,70.0,HIGH,Healthy,HIGH,True,Healthy,True,True
1064,121,70.0,HIGH,Healthy,HIGH,True,Healthy,True,True
1104,230,70.0,HIGH,Healthy,HIGH,True,Healthy,True,True
1017,195,70.0,HIGH,Healthy,HIGH,True,Healthy,True,True
1058,150,70.0,HIGH,Healthy,HIGH,True,Healthy,True,True
1186,114,70.0,HIGH,Healthy,HIGH,True,Healthy,True,True
1059,193,70.0,HIGH,Healthy,HIGH,True,Healthy,True,True
1082,137,70.0,HIGH,Healthy,HIGH,True,Healthy,True,True
1060,203,70.0,HIGH,Healthy,HIGH,True,Healthy,True,True
1021,222,70.0,HIGH,Healthy,HIGH,True,Healthy,True,True
1033,175,70.0,HIGH,Healthy,HIGH,True,Healthy,True,True
1080,347,70.0,HIGH,Healthy,HIGH,True,Healthy,True,True
1027,350,70.0,HIGH,Healthy,HIGH,True,Healthy,True,True
1153,107,70.0,HIGH,Healthy,HIGH,True,Healthy,True,True
1183,173,70.0,HIGH,Healthy,HIGH,True,Healthy,True,True
1026,128,70.0,HIGH,Healthy,HIGH,True,Healthy,True,True
1010,169,70.0,HIGH,Healthy,HIGH,True,Healthy,True,True
1048,156,70.0,HIGH,Healthy,HIGH,True,Healthy,True,True
1158,213,70.0,HIGH,Healthy,HIGH,True,Healthy,True,True
1061,252,70.0,HIGH,Healthy,HIGH,True,Healthy,True,True
1063,251,70.0,HIGH,Healthy,HIGH,True,Healthy,True,True
1137,177,70.0,HIGH,Healthy,HIGH,True,Healthy,True,True
1023,217,70.0,HIGH,Healthy,HIGH,True,Healthy,True,True
1134,100,70.0,HIGH,Healthy,HIGH,True,Healthy,True,True
1040,131,70.0,HIGH,Healthy,HIGH,True,Healthy,True,True
1005,267,70.0,HIGH,Healthy,HIGH,True,Healthy,True,True
1159,120,70.0,HIGH,Healthy,HIGH,True,Healthy,True,True
1002,177,70.0,HIGH,Healthy,HIGH,True,Healthy,True,True
1009,157,70.0,HIGH,Healthy,HIGH,True,Healthy,True,True
1199,95,70.0,HIGH,Healthy,HIGH,True,Healthy,True,True
1016,422,70.0,HIGH,Healthy,HIGH,True,Healthy,True,True
1162,221,70.0,HIGH,Healthy,HIGH,True,Healthy,True,True
1124,118,70.0,HIGH,Healthy,HIGH,True,Healthy,True,True
1120,263,70.0,HIGH,Healthy,HIGH,True,Healthy,True,True
1091,224,70.0,HIGH,Healthy,HIGH,True,Healthy,True,True
1113,135,70.0,HIGH,Healthy,HIGH,True,Healthy,True,True
1179,131,70.0,HIGH,Healthy,HIGH,True,Healthy,True,True
1132,249,70.0,HIGH,Healthy,HIGH,True,Healthy,True,True
1047,131,70.0,HIGH,Healthy,HIGH,True,Healthy,True,True
1157,265,70.0,HIGH,Healthy,HIGH,True,Healthy,True,True
1011,156,70.0,HIGH,Healthy,HIGH,True,Healthy,True,True
1119,287,70.0,HIGH,Healthy,HIGH,True,Healthy,True,True
1171,166,70.0,HIGH,Healthy,HIGH,True,Healthy,True,True
1101,204,70.0,HIGH,Healthy,HIGH,True,Healthy,True,True
1028,200,70.0,HIGH,Healthy,HIGH,True,Healthy,True,True
1035,114,70.0,HIGH,Healthy,HIGH,True,Healthy,True,True
1169,275,70.0,HIGH,Healthy,HIGH,True,Healthy,True,True
1147,226,70.0,HIGH,Healthy,HIGH,True,Healthy,True,True
1174,190,70.0,HIGH,Healthy,HIGH,True,Healthy,True,True
1013,228,70.0,HIGH,Healthy,HIGH,True,Healthy,True,True
1116,275,70.0,HIGH,Healthy,HIGH,True,Healthy,True,True
1197,206,70.0,HIGH,Healthy,HIGH,True,Healthy,True,True
1006,135,70.0,HIGH,Healthy,HIGH,True,Healthy,True,True
1057,310,70.0,HIGH,Healthy,HIGH,True,Healthy,True,True
1003,205,70.0,HIGH,Healthy,HIGH,True,Healthy,True,True
1111,340,70.0,HIGH,Healthy,HIGH,True,Healthy,True,True
1070,286,70.0,HIGH,Healthy,HIGH,True,Healthy,True,True
1072,70,70.0,HIGH,Healthy,HIGH,True,Healthy,True,True
1177,310,70.0,HIGH,Healthy,HIGH,True,Healthy,True,True
1144,180,70.0,HIGH,Healthy,HIGH,True,Healthy,True,True
1004,152,70.0,HIGH,Healthy,HIGH,True,Healthy,True,True
1067,350,70.0,HIGH,Healthy,HIGH,True,Healthy,True,True
1012,147,70.0,HIGH,Healthy,HIGH,True,Healthy,True,True
1099,281,70.0,HIGH,Healthy,HIGH,True,Healthy,True,True
1118,233,70.0,HIGH,Healthy,HIGH,True,Healthy,True,True
1024,428,70.0,HIGH,Healthy,HIGH,True,Healthy,True,True
1042,311,70.0,HIGH,Healthy,HIGH,True,Healthy,True,True
1056,332,70.0,HIGH,Healthy,HIGH,True,Healthy,True,True
1078,195,70.0,HIGH,Healthy,HIGH,True,Healthy,True,True
1051,115,70.0,HIGH,Healthy,HIGH,True,Healthy,True,True
1052,155,70.0,HIGH,Healthy,HIGH,True,Healthy,True,True
1194,119,70.0,HIGH,Healthy,HIGH,True,Healthy,True,True
1022,164,70.0,HIGH,Healthy,HIGH,True,Healthy,True,True
1112,184,70.0,HIGH,Healthy,HIGH,True,Healthy,True,True
1129,76,70.0,HIGH,Healthy,HIGH,True,Healthy,True,True
1103,218,70.0,HIGH,Healthy,HIGH,True,Healthy,True,True
1148,115,70.0,HIGH,Healthy,HIGH,True,Healthy,True,True
1126,208,70.0,HIGH,Healthy,HIGH,True,Healthy,True,True
1114,144,70.0,HIGH,Healthy,HIGH,True,Healthy,True,True
1038,171,70.0,HIGH,Healthy,HIGH,True,Healthy,True,True
1180,413,70.0,HIGH,Healthy,HIGH,True,Healthy,True,True
1108,279,70.0,HIGH,Healthy,HIGH,True,Healthy,True,True
1100,166,70.0,HIGH,Healthy,HIGH,True,Healthy,True,True
1089,85,70.0,HIGH,Healthy,HIGH,True,Healthy,True,True
1169,221,70.0,HIGH,Healthy,HIGH,True,Healthy,True,True
1077,92,70.0,HIGH,Healthy,HIGH,True,Healthy,True,True
1042,205,70.0,HIGH,Healthy,HIGH,True,Healthy,True,True
1018,111,70.0,HIGH,Healthy,HIGH,True,Healthy,True,True
1081,166,70.0,HIGH,Healthy,HIGH,True,Healthy,True,True
1003,147,70.0,HIGH,Healthy,HIGH,True,Healthy,True,True
1139,172,70.0,HIGH,Healthy,HIGH,True,Healthy,True,True
1153,81,70.0,HIGH,Healthy,HIGH,True,Healthy,True,True
1108,113,70.0,HIGH,Healthy,HIGH,True,Healthy,True,True
1140,183,70.0,HIGH,Healthy,HIGH,True,Healthy,True,True
1190,238,70.0,HIGH,Healthy,HIGH,True,Healthy,True,True
1120,246,70.0,HIGH,Healthy,HIGH,True,Healthy,True,True
1198,136,70.0,HIGH,Healthy,HIGH,True,Healthy,True,True
1197,138,70.0,HIGH,Healthy,HIGH,True,Healthy,True,True
1191,221,70.0,HIGH,Healthy,HIGH,True,Healthy,True,True
1137,240,70.0,HIGH,Healthy,HIGH,True,Healthy,True,True
1020,117,70.0,HIGH,Healthy,HIGH,True,Healthy,True,True
1074,175,70.0,HIGH,Healthy,HIGH,True,Healthy,True,True
1101,185,70.0,HIGH,Healthy,HIGH,True,Healthy,True,True
1096,93,70.0,HIGH,Healthy,HIGH,True,Healthy,True,True
1029,200,70.0,HIGH,Healthy,HIGH,True,Healthy,True,True
1112,199,70.0,HIGH,Healthy,HIGH,True,Healthy,True,True
1044,255,70.0,HIGH,Healthy,HIGH,True,Healthy,True,True
1126,225,70.0,HIGH,Healthy,HIGH,True,Healthy,True,True
1133,71,70.0,HIGH,Healthy,HIGH,True,Healthy,True,True
1175,69,70.0,HIGH,Healthy,HIGH,True,Healthy,True,True
1061,135,70.0,HIGH,Healthy,HIGH,True,Healthy,True,True
1131,255,70.0,HIGH,Healthy,HIGH,True,Healthy,True,True
1021,157,70.0,HIGH,Healthy,HIGH,True,Healthy,True,True
1132,206,70.0,HIGH,Healthy,HIGH,True,Healthy,True,True
1187,176,70.0,HIGH,Healthy,HIGH,True,Healthy,True,True
1013,259,70.0,HIGH,Healthy,HIGH,True,Healthy,True,True
1156,184,70.0,HIGH,Healthy,HIGH,True,Healthy,True,True
1033,155,70.0,HIGH,Healthy,HIGH,True,Healthy,True,True
1010,315,70.0,HIGH,Healthy,HIGH,True,Healthy,True,True
1174,66,70.0,HIGH,Healthy,HIGH,True,Healthy,True,True
1106,169,70.0,HIGH,Healthy,HIGH,True,Healthy,True,True
1065,83,70.0,HIGH,Healthy,HIGH,True,Healthy,True,True
1084,195,70.0,HIGH,Healthy,HIGH,True,Healthy,True,True
1113,242,70.0,HIGH,Healthy,HIGH,True,Healthy,True,True
1177,241,70.0,HIGH,Healthy,HIGH,True,Healthy,True,True
1180,196,70.0,HIGH,Healthy,HIGH,True,Healthy,True,True
1107,109,70.0,HIGH,Healthy,HIGH,True,Healthy,True,True
1068,59,70.0,HIGH,Healthy,HIGH,True,Healthy,True,True
1063,204,70.0,HIGH,Healthy,HIGH,True,Healthy,True,True
1040,120,70.0,HIGH,Healthy,HIGH,True,Healthy,True,True
1173,74,70.0,HIGH,Healthy,HIGH,True,Healthy,True,True
1155,105,70.0,HIGH,Healthy,HIGH,True,Healthy,True,True
1027,204,70.0,HIGH,Healthy,HIGH,True,Healthy,True,True
1134,110,70.0,HIGH,Healthy,HIGH,True,Healthy,True,True
1166,248,70.0,HIGH,Healthy,HIGH,True,Healthy,True,True
1043,140,70.0,HIGH,Healthy,HIGH,True,Healthy,True,True
1071,169,70.0,HIGH,Healthy,HIGH,True,Healthy,True,True
1066,180,70.0,HIGH,Healthy,HIGH,True,Healthy,True,True
1049,88,70.0,HIGH,Healthy,HIGH,True,Healthy,True,True
1162,156,70.0,HIGH,Healthy,HIGH,True,Healthy,True,True
1148,126,70.0,HIGH,Healthy,HIGH,True,Healthy,True,True
1116,126,70.0,HIGH,Healthy,HIGH,True,Healthy,True,True
1164,145,70.0,HIGH,Healthy,HIGH,True,Healthy,True,True
1181,156,70.0,HIGH,Healthy,HIGH,True,Healthy,True,True
1085,126,70.0,HIGH,Healthy,HIGH,True,Healthy,True,True
1163,114,70.0,HIGH,Healthy,HIGH,True,Healthy,True,True
1011,120,70.0,HIGH,Healthy,HIGH,True,Healthy,True,True
1091,106,70.0,HIGH,Healthy,HIGH,True,Healthy,True,True
1115,112,70.0,HIGH,Healthy,HIGH,True,Healthy,True,True
1046,184,70.0,HIGH,Healthy,HIGH,True,Healthy,True,True
1176,253,70.0,HIGH,Healthy,HIGH,True,Healthy,True,True
1159,105,70.0,HIGH,Healthy,HIGH,True,Healthy,True,True
1138,74,70.0,HIGH,Healthy,HIGH,True,Healthy,True,True
1026,191,70.0,HIGH,Healthy,HIGH,True,Healthy,True,True
1073,88,70.0,HIGH,Healthy,HIGH,True,Healthy,True,True
1145,122,70.0,HIGH,Healthy,HIGH,True,Healthy,True,True
1141,141,70.0,HIGH,Healthy,HIGH,True,Healthy,True,True
1100,89,70.0,HIGH,Healthy,HIGH,True,Healthy,True,True
1161,66,70.0,HIGH,Healthy,HIGH,True,Healthy,True,True
1005,171,70.0,HIGH,Healthy,HIGH,True,Healthy,True,True
1019,64,70.0,HIGH,Healthy,HIGH,True,Healthy,True,True
1092,127,70.0,HIGH,Healthy,HIGH,True,Healthy,True,True
1118,219,70.0,HIGH,Healthy,HIGH,True,Healthy,True,True
1122,198,70.0,HIGH,Healthy,HIGH,True,Healthy,True,True
1194,217,70.0,HIGH,Healthy,HIGH,True,Healthy,True,True
1051,86,70.0,HIGH,Healthy,HIGH,True,Healthy,True,True
1038,90,70.0,HIGH,Healthy,HIGH,True,Healthy,True,True
1032,256,70.0,HIGH,Healthy,HIGH,True,Healthy,True,True
1050,199,70.0,HIGH,Healthy,HIGH,True,Healthy,True,True
1045,56,70.0,HIGH,Healthy,HIGH,True,Healthy,True,True
1088,162,70.0,HIGH,Healthy,HIGH,True,Healthy,True,True
1093,222,70.0,HIGH,Healthy,HIGH,True,Healthy,True,True
1123,286,70.0,HIGH,Healthy,HIGH,True,Healthy,True,True
1009,83,70.0,HIGH,Healthy,HIGH,True,Healthy,True,True
1057,198,70.0,HIGH,Healthy,HIGH,True,Healthy,True,True
1028,151,70.0,HIGH,Healthy,HIGH,True,Healthy,True,True
1154,109,70.0,HIGH,Healthy,HIGH,True,Healthy,True,True
1083,128,70.0,HIGH,Healthy,HIGH,True,Healthy,True,True
1150,89,70.0,HIGH,Healthy,HIGH,True,Healthy,True,True
1104,315,70.0,HIGH,Healthy,HIGH,True,Healthy,True,True
1022,169,70.0,HIGH,Healthy,HIGH,True,Healthy,True,True
1146,169,70.0,HIGH,Healthy,HIGH,True,Healthy,True,True
1149,148,70.0,HIGH,Healthy,HIGH,True,Healthy,True,True
1195,189,70.0,HIGH,Healthy,HIGH,True,Healthy,True,True
1080,155,70.0,HIGH,Healthy,HIGH,True,Healthy,True,True
1056,97,70.0,HIGH,Healthy,HIGH,True,Healthy,True,True
1157,167,70.0,HIGH,Healthy,HIGH,True,Healthy,True,True
1135,192,70.0,HIGH,Healthy,HIGH,True,Healthy,True,True
1076,187,70.0,HIGH,Healthy,HIGH,True,Healthy,True,True
1008,122,70.0,HIGH,Healthy,HIGH,True,Healthy,True,True
1158,268,70.0,HIGH,Healthy,HIGH,True,Healthy,True,True
1114,63,70.0,HIGH,Healthy,HIGH,True,Healthy,True,True
1102,149,70.0,HIGH,Healthy,HIGH,True,Healthy,True,True
1127,295,70.0,HIGH,Healthy,HIGH,True,Healthy,True,True
1041,141,70.0,HIGH,Healthy,HIGH,True,Healthy,True,True
1160,248,70.0,HIGH,Healthy,HIGH,True,Healthy,True,True
1004,124,70.0,HIGH,Healthy,HIGH,True,Healthy,True,True
1069,280,70.0,HIGH,Healthy,HIGH,True,Healthy,True,True
1167,139,70.0,HIGH,Healthy,HIGH,True,Healthy,True,True
1025,175,70.0,HIGH,Healthy,HIGH,True,Healthy,True,True
1087,153,70.0,HIGH,Healthy,HIGH,True,Healthy,True,True
1130,234,70.0,HIGH,Healthy,HIGH,True,Healthy,True,True
1054,236,70.0,HIGH,Healthy,HIGH,True,Healthy,True,True
1172,62,70.0,HIGH,Healthy,HIGH,True,Healthy,True,True
1199,99,70.0,HIGH,Healthy,HIGH,True,Healthy,True,True
1165,162,70.0,HIGH,Healthy,HIGH,True,Healthy,True,True
1184,265,70.0,HIGH,Healthy,HIGH,True,Healthy,True,True
1001,147,70.0,HIGH,Healthy,HIGH,True,Healthy,True,True
1143,147,70.0,HIGH,Healthy,HIGH,True,Healthy,True,True
1182,137,70.0,HIGH,Healthy,HIGH,True,Healthy,True,True
1147,234,70.0,HIGH,Healthy,HIGH,True,Healthy,True,True
1185,147,70.0,HIGH,Healthy,HIGH,True,Healthy,True,True
1075,239,70.0,HIGH,Healthy,HIGH,True,Healthy,True,True
1178,137,70.0,HIGH,Healthy,HIGH,True,Healthy,True,True
1070,269,70.0,HIGH,Healthy,HIGH,True,Healthy,True,True
1014,209,70.0,HIGH,Healthy,HIGH,True,Healthy,True,True
1171,182,70.0,HIGH,Healthy,HIGH,True,Healthy,True,True
1183,67,70.0,HIGH,Healthy,HIGH,True,Healthy,True,True
1062,76,70.0,HIGH,Healthy,HIGH,True,Healthy,True,True
1103,228,70.0,HIGH,Healthy,HIGH,True,Healthy,True,True
1196,313,70.0,HIGH,Healthy,HIGH,True,Healthy,True,True
1168,208,70.0,HIGH,Healthy,HIGH,True,Healthy,True,True
1144,191,70.0,HIGH,Healthy,HIGH,True,Healthy,True,True
1031,209,70.0,HIGH,Healthy,HIGH,True,Healthy,True,True
1124,183,70.0,HIGH,Healthy,HIGH,True,Healthy,True,True
1058,78,70.0,HIGH,Healthy,HIGH,True,Healthy,True,True
1035,150,70.0,HIGH,Healthy,HIGH,True,Healthy,True,True
1082,100,70.0,HIGH,Healthy,HIGH,True,Healthy,True,True
1109,96,70.0,HIGH,Healthy,HIGH,True,Healthy,True,True
1111,122,70.0,HIGH,Healthy,HIGH,True,Healthy,True,True
1186,172,70.0,HIGH,Healthy,HIGH,True,Healthy,True,True
1039,139,70.0,HIGH,Healthy,HIGH,True,Healthy,True,True
1095,123,70.0,HIGH,Healthy,HIGH,True,Healthy,True,True
1105,280,70.0,HIGH,Healthy,HIGH,True,Healthy,True,True
1048,104,70.0,HIGH,Healthy,HIGH,True,Healthy,True,True
1052,268,70.0,HIGH,Healthy,HIGH,True,Healthy,True,True
1060,176,70.0,HIGH,Healthy,HIGH,True,Healthy,True,True
1136,136,70.0,HIGH,Healthy,HIGH,True,Healthy,True,True
1188,150,70.0,HIGH,Healthy,HIGH,True,Healthy,True,True
1129,137,70.0,HIGH,Healthy,HIGH,True,Healthy,True,True
1016,224,70.0,HIGH,Healthy,HIGH,True,Healthy,True,True
1030,100,70.0,HIGH,Healthy,HIGH,True,Healthy,True,True
1086,290,70.0,HIGH,Healthy,HIGH,True,Healthy,True,True
1110,270,70.0,HIGH,Healthy,HIGH,True,Healthy,True,True
1097,261,70.0,HIGH,Healthy,HIGH,True,Healthy,True,True
1192,152,70.0,HIGH,Healthy,HIGH,True,Healthy,True,True
1007,108,70.0,HIGH,Healthy,HIGH,True,Healthy,True,True
1170,92,70.0,HIGH,Healthy,HIGH,True,Healthy,True,True
1079,277,70.0,HIGH,Healthy,HIGH,True,Healthy,True,True
1099,197,70.0,HIGH,Healthy,HIGH,True,Healthy,True,True
1053,243,70.0,HIGH,Healthy,HIGH,True,Healthy,True,True
1121,230,70.0,HIGH,Healthy,HIGH,True,Healthy,True,True
1059,71,70.0,HIGH,Healthy,HIGH,True,Healthy,True,True
1167,302,70.0,HIGH,Healthy,HIGH,True,Healthy,True,True
1063,191,70.0,HIGH,Healthy,HIGH,True,Healthy,True,True
1058,197,70.0,HIGH,Healthy,HIGH,True,Healthy,True,True
1170,233,70.0,HIGH,Healthy,HIGH,True,Healthy,True,True
1053,128,70.0,HIGH,Healthy,HIGH,True,Healthy,True,True
1092,133,70.0,HIGH,Healthy,HIGH,True,Healthy,True,True
1135,175,70.0,HIGH,Healthy,HIGH,True,Healthy,True,True
1148,227,70.0,HIGH,Healthy,HIGH,True,Healthy,True,True
1034,256,70.0,HIGH,Healthy,HIGH,True,Healthy,True,True
1027,141,70.0,HIGH,Healthy,HIGH,True,Healthy,True,True
1119,252,70.0,HIGH,Healthy,HIGH,True,Healthy,True,True
1179,145,70.0,HIGH,Healthy,HIGH,True,Healthy,True,True
1144,238,70.0,HIGH,Healthy,HIGH,True,Healthy,True,True
1002,307,70.0,HIGH,Healthy,HIGH,True,Healthy,True,True
1031,313,70.0,HIGH,Healthy,HIGH,True,Healthy,True,True
1056,195,70.0,HIGH,Healthy,HIGH,True,Healthy,True,True
1001,193,70.0,HIGH,Healthy,HIGH,True,Healthy,True,True
1007,187,70.0,HIGH,Healthy,HIGH,True,Healthy,True,True
1095,128,70.0,HIGH,Healthy,HIGH,True,Healthy,True,True
1060,155,70.0,HIGH,Healthy,HIGH,True,Healthy,True,True
1174,81,70.0,HIGH,Healthy,HIGH,True,Healthy,True,True
1168,186,70.0,HIGH,Healthy,HIGH,True,Healthy,True,True
1151,196,70.0,HIGH,Healthy,HIGH,True,Healthy,True,True
1068,186,70.0,HIGH,Healthy,HIGH,True,Healthy,True,True
1155,206,70.0,HIGH,Healthy,HIGH,True,Healthy,True,True
1049,171,70.0,HIGH,Healthy,HIGH,True,Healthy,True,True
1138,137,70.0,HIGH,Healthy,HIGH,True,Healthy,True,True
1195,291,70.0,HIGH,Healthy,HIGH,True,Healthy,True,True
1191,150,70.0,HIGH,Healthy,HIGH,True,Healthy,True,True
1178,187,70.0,HIGH,Healthy,HIGH,True,Healthy,True,True
1181,134,70.0,HIGH,Healthy,HIGH,True,Healthy,True,True
1070,237,70.0,HIGH,Healthy,HIGH,True,Healthy,True,True
1033,123,70.0,HIGH,Healthy,HIGH,True,Healthy,True,True
1166,413,70.0,HIGH,Healthy,HIGH,True,Healthy,True,True
1091,176,70.0,HIGH,Healthy,HIGH,True,Healthy,True,True
1093,305,70.0,HIGH,Healthy,HIGH,True,Healthy,True,True
1111,134,70.0,HIGH,Healthy,HIGH,True,Healthy,True,True
1094,401,70.0,HIGH,Healthy,HIGH,True,Healthy,True,True
1075,217,70.0,HIGH,Healthy,HIGH,True,Healthy,True,True
1028,189,70.0,HIGH,Healthy,HIGH,True,Healthy,True,True
1081,251,70.0,HIGH,Healthy,HIGH,True,Healthy,True,True
1066,107,70.0,HIGH,Healthy,HIGH,True,Healthy,True,True
1012,268,70.0,HIGH,Healthy,HIGH,True,Healthy,True,True
1073,103,70.0,HIGH,Healthy,HIGH,True,Healthy,True,True
1187,191,70.0,HIGH,Healthy,HIGH,True,Healthy,True,True
1126,157,70.0,HIGH,Healthy,HIGH,True,Healthy,True,True
1113,244,70.0,HIGH,Healthy,HIGH,True,Healthy,True,True
1161,197,70.0,HIGH,Healthy,HIGH,True,Healthy,True,True
1185,271,70.0,HIGH,Healthy,HIGH,True,Healthy,True,True
1030,255,70.0,HIGH,Healthy,HIGH,True,Healthy,True,True
1061,211,70.0,HIGH,Healthy,HIGH,True,Healthy,True,True
1103,122,70.0,HIGH,Healthy,HIGH,True,Healthy,True,True
1108,268,70.0,HIGH,Healthy,HIGH,True,Healthy,True,True
1022,248,70.0,HIGH,Healthy,HIGH,True,Healthy,True,True
1080,181,70.0,HIGH,Healthy,HIGH,True,Healthy,True,True
1159,82,70.0,HIGH,Healthy,HIGH,True,Healthy,True,True
1011,167,70.0,HIGH,Healthy,HIGH,True,Healthy,True,True
1023,104,70.0,HIGH,Healthy,HIGH,True,Healthy,True,True
1184,293,70.0,HIGH,Healthy,HIGH,True,Healthy,True,True
1090,191,70.0,HIGH,Healthy,HIGH,True,Healthy,True,True
1172,182,70.0,HIGH,Healthy,HIGH,True,Healthy,True,True
1101,186,70.0,HIGH,Healthy,HIGH,True,Healthy,True,True
1042,308,70.0,HIGH,Healthy,HIGH,True,Healthy,True,True
1154,256,70.0,HIGH,Healthy,HIGH,True,Healthy,True,True
1071,431,70.0,HIGH,Healthy,HIGH,True,Healthy,True,True
1006,157,70.0,HIGH,Healthy,HIGH,True,Healthy,True,True
1122,140,70.0,HIGH,Healthy,HIGH,True,Healthy,True,True
1182,384,70.0,HIGH,Healthy,HIGH,True,Healthy,True,True
1089,71,70.0,HIGH,Healthy,HIGH,True,Healthy,True,True
1043,180,70.0,HIGH,Healthy,HIGH,True,Healthy,True,True
1087,246,70.0,HIGH,Healthy,HIGH,True,Healthy,True,True
1145,143,70.0,HIGH,Healthy,HIGH,True,Healthy,True,True
1035,141,70.0,HIGH,Healthy,HIGH,True,Healthy,True,True
1199,81,70.0,HIGH,Healthy,HIGH,True,Healthy,True,True
1157,210,70.0,HIGH,Healthy,HIGH,True,Healthy,True,True
1139,248,70.0,HIGH,Healthy,HIGH,True,Healthy,True,True
1188,220,70.0,HIGH,Healthy,HIGH,True,Healthy,True,True
1130,261,70.0,HIGH,Healthy,HIGH,True,Healthy,True,True
1036,139,70.0,HIGH,Healthy,HIGH,True,Healthy,True,True
1039,234,70.0,HIGH,Healthy,HIGH,True,Healthy,True,True
1088,172,70.0,HIGH,Healthy,HIGH,True,Healthy,True,True
1125,169,70.0,HIGH,Healthy,HIGH,True,Healthy,True,True
1142,184,70.0,HIGH,Healthy,HIGH,True,Healthy,True,True
1164,147,70.0,HIGH,Healthy,HIGH,True,Healthy,True,True
1100,100,70.0,HIGH,Healthy,HIGH,True,Healthy,True,True
1004,345,70.0,HIGH,Healthy,HIGH,True,Healthy,True,True
1099,149,70.0,HIGH,Healthy,HIGH,True,Healthy,True,True
1197,75,70.0,HIGH,Healthy,HIGH,True,Healthy,True,True
1121,169,70.0,HIGH,Healthy,HIGH,True,Healthy,True,True
1024,183,70.0,HIGH,Healthy,HIGH,True,Healthy,True,True
1055,223,70.0,HIGH,Healthy,HIGH,True,Healthy,True,True
1140,211,70.0,HIGH,Healthy,HIGH,True,Healthy,True,True
1183,74,70.0,HIGH,Healthy,HIGH,True,Healthy,True,True
1169,334,70.0,HIGH,Healthy,HIGH,True,Healthy,True,True
1107,188,70.0,HIGH,Healthy,HIGH,True,Healthy,True,True
1194,323,70.0,HIGH,Healthy,HIGH,True,Healthy,True,True
1083,255,70.0,HIGH,Healthy,HIGH,True,Healthy,True,True
1038,189,70.0,HIGH,Healthy,HIGH,True,Healthy,True,True
1117,184,70.0,HIGH,Healthy,HIGH,True,Healthy,True,True
1018,199,70.0,HIGH,Healthy,HIGH,True,Healthy,True,True
1013,322,70.0,HIGH,Healthy,HIGH,True,Healthy,True,True
1104,210,70.0,HIGH,Healthy,HIGH,True,Healthy,True,True
1077,187,70.0,HIGH,Healthy,HIGH,True,Healthy,True,True
1020,177,70.0,HIGH,Healthy,HIGH,True,Healthy,True,True
1041,350,70.0,HIGH,Healthy,HIGH,True,Healthy,True,True
1177,159,70.0,HIGH,Healthy,HIGH,True,Healthy,True,True
1008,112,70.0,HIGH,Healthy,HIGH,True,Healthy,True,True
1079,199,70.0,HIGH,Healthy,HIGH,True,Healthy,True,True
1086,370,70.0,HIGH,Healthy,HIGH,True,Healthy,True,True
1059,84,70.0,HIGH,Healthy,HIGH,True,Healthy,True,True
1005,129,70.0,HIGH,Healthy,HIGH,True,Healthy,True,True
1021,200,70.0,HIGH,Healthy,HIGH,True,Healthy,True,True
1019,159,70.0,HIGH,Healthy,HIGH,True,Healthy,True,True
1186,216,70.0,HIGH,Healthy,HIGH,True,Healthy,True,True
1025,128,70.0,HIGH,Healthy,HIGH,True,Healthy,True,True
1132,320,70.0,HIGH,Healthy,HIGH,True,Healthy,True,True
1141,260,70.0,HIGH,Healthy,HIGH,True,Healthy,True,True
1014,221,70.0,HIGH,Healthy,HIGH,True,Healthy,True,True
1146,204,70.0,HIGH,Healthy,HIGH,True,Healthy,True,True
1129,179,70.0,HIGH,Healthy,HIGH,True,Healthy,True,True
1156,276,70.0,HIGH,Healthy,HIGH,True,Healthy,True,True
1114,72,70.0,HIGH,Healthy,HIGH,True,Healthy,True,True
1147,326,70.0,HIGH,Healthy,HIGH,True,Healthy,True,True
1165,137,70.0,HIGH,Healthy,HIGH,True,Healthy,True,True
1078,126,70.0,HIGH,Healthy,HIGH,True,Healthy,True,True
1124,271,70.0,HIGH,Healthy,HIGH,True,Healthy,True,True
1037,137,70.0,HIGH,Healthy,HIGH,True,Healthy,True,True
1065,138,70.0,HIGH,Healthy,HIGH,True,Healthy,True,True
1074,181,70.0,HIGH,Healthy,HIGH,True,Healthy,True,True
1097,139,70.0,HIGH,Healthy,HIGH,True,Healthy,True,True
1072,177,70.0,HIGH,Healthy,HIGH,True,Healthy,True,True
1149,142,70.0,HIGH,Healthy,HIGH,True,Healthy,True,True
1054,175,70.0,HIGH,Healthy,HIGH,True,Healthy,True,True
1048,324,70.0,HIGH,Healthy,HIGH,True,Healthy,True,True
1173,177,70.0,HIGH,Healthy,HIGH,True,Healthy,True,True
1026,231,70.0,HIGH,Healthy,HIGH,True,Healthy,True,True
1051,98,70.0,HIGH,Healthy,HIGH,True,Healthy,True,True
1047,183,70.0,HIGH,Healthy,HIGH,True,Healthy,True,True
1162,324,70.0,HIGH,Healthy,HIGH,True,Healthy,True,True
1192,113,70.0,HIGH,Healthy,HIGH,True,Healthy,True,True
1076,225,70.0,HIGH,Healthy,HIGH,True,Healthy,True,True
1115,237,70.0,HIGH,Healthy,HIGH,True,Healthy,True,True
1133,157,70.0,HIGH,Healthy,HIGH,True,Healthy,True,True
1057,143,70.0,HIGH,Healthy,HIGH,True,Healthy,True,True
1112,140,70.0,HIGH,Healthy,HIGH,True,Healthy,True,True
1096,205,70.0,HIGH,Healthy,HIGH,True,Healthy,True,True
1137,155,70.0,HIGH,Healthy,HIGH,True,Healthy,True,True
1046,185,70.0,HIGH,Healthy,HIGH,True,Healthy,True,True
1189,79,70.0,HIGH,Healthy,HIGH,True,Healthy,True,True
1136,176,70.0,HIGH,Healthy,HIGH,True,Healthy,True,True
1045,184,70.0,HIGH,Healthy,HIGH,True,Healthy,True,True
1016,322,70.0,HIGH,Healthy,HIGH,True,Healthy,True,True
1109,145,70.0,HIGH,Healthy,HIGH,True,Healthy,True,True
1040,157,70.0,HIGH,Healthy,HIGH,True,Healthy,True,True
1105,172,70.0,HIGH,Healthy,HIGH,True,Healthy,True,True
1015,284,70.0,HIGH,Healthy,HIGH,True,Healthy,True,True
1200,346,70.0,HIGH,Healthy,HIGH,True,Healthy,True,True
1120,334,70.0,HIGH,Healthy,HIGH,True,Healthy,True,True
1153,101,70.0,HIGH,Healthy,HIGH,True,Healthy,True,True
1198,238,70.0,HIGH,Healthy,HIGH,True,Healthy,True,True
1127,151,70.0,HIGH,Healthy,HIGH,True,Healthy,True,True
1106,222,70.0,HIGH,Healthy,HIGH,True,Healthy,True,True
1050,217,70.0,HIGH,Healthy,HIGH,True,Healthy,True,True
1052,154,70.0,HIGH,Healthy,HIGH,True,Healthy,True,True
1116,271,70.0,HIGH,Healthy,HIGH,True,Healthy,True,True
1152,264,70.0,HIGH,Healthy,HIGH,True,Healthy,True,True
1085,192,70.0,HIGH,Healthy,HIGH,True,Healthy,True,True
1143,321,70.0,HIGH,Healthy,HIGH,True,Healthy,True,True
1084,236,70.0,HIGH,Healthy,HIGH,True,Healthy,True,True
1067,251,70.0,HIGH,Healthy,HIGH,True,Healthy,True,True
1123,327,70.0,HIGH,Healthy,HIGH,True,Healthy,True,True
1044,286,70.0,HIGH,Healthy,HIGH,True,Healthy,True,True
1193,239,70.0,HIGH,Healthy,HIGH,True,Healthy,True,True
1003,180,70.0,HIGH,Healthy,HIGH,True,Healthy,True,True
1171,235,70.0,HIGH,Healthy,HIGH,True,Healthy,True,True
1062,262,70.0,HIGH,Healthy,HIGH,True,Healthy,True,True
1180,425,70.0,HIGH,Healthy,HIGH,True,Healthy,True,True
1017,140,70.0,HIGH,Healthy,HIGH,True,Healthy,True,True
1107,81,70.0,HIGH,Healthy,HIGH,True,Healthy,True,True
1159,36,70.0,HIGH,Low,HIGH,True,Low,True,True
1009,45,70.0,HIGH,Low,HIGH,True,Low,True,True
1195,76,70.0,HIGH,Healthy,HIGH,True,Healthy,True,True
1194,65,70.0,HIGH,Healthy,HIGH,True,Healthy,True,True
1134,77,70.0,HIGH,Healthy,HIGH,True,Healthy,True,True
1043,76,70.0,HIGH,Healthy,HIGH,True,Healthy,True,True
1098,37,70.0,HIGH,Low,HIGH,True,Low,True,True
1028,92,70.0,HIGH,Healthy,HIGH,True,Healthy,True,True
1037,73,70.0,HIGH,Healthy,HIGH,True,Healthy,True,True
1106,74,70.0,HIGH,Healthy,HIGH,True,Healthy,True,True
1119,210,70.0,HIGH,Healthy,HIGH,True,Healthy,True,True
1089,84,70.0,HIGH,Healthy,HIGH,True,Healthy,True,True
1006,123,70.0,HIGH,Healthy,HIGH,True,Healthy,True,True
1094,126,70.0,HIGH,Healthy,HIGH,True,Healthy,True,True
1081,151,70.0,HIGH,Healthy,HIGH,True,Healthy,True,True
1162,68,70.0,HIGH,Healthy,HIGH,True,Healthy,True,True
1059,99,70.0,HIGH,Healthy,HIGH,True,Healthy,True,True
1073,81,70.0,HIGH,Healthy,HIGH,True,Healthy,True,True
1197,98,70.0,HIGH,Healthy,HIGH,True,Healthy,True,True
1114,94,70.0,HIGH,Healthy,HIGH,True,Healthy,True,True
1143,92,70.0,HIGH,Healthy,HIGH,True,Healthy,True,True
1001,63,70.0,HIGH,Healthy,HIGH,True,Healthy,True,True
1174,83,70.0,HIGH,Healthy,HIGH,True,Healthy,True,True
1017,92,70.0,HIGH,Healthy,HIGH,True,Healthy,True,True
1179,116,70.0,HIGH,Healthy,HIGH,True,Healthy,True,True
1186,156,70.0,HIGH,Healthy,HIGH,True,Healthy,True,True
1014,70,70.0,HIGH,Healthy,HIGH,True,Healthy,True,True
1196,192,70.0,HIGH,Healthy,HIGH,True,Healthy,True,True
1144,111,70.0,HIGH,Healthy,HIGH,True,Healthy,True,True
1156,123,70.0,HIGH,Healthy,HIGH,True,Healthy,True,True
1099,116,70.0,HIGH,Healthy,HIGH,True,Healthy,True,True
1105,188,70.0,HIGH,Healthy,HIGH,True,Healthy,True,True
1096,37,70.0,HIGH,Low,HIGH,True,Low,True,True
1128,210,70.0,HIGH,Healthy,HIGH,True,Healthy,True,True
1078,71,70.0,HIGH,Healthy,HIGH,True,Healthy,True,True
1187,135,70.0,HIGH,Healthy,HIGH,True,Healthy,True,True
1167,223,70.0,HIGH,Healthy,HIGH,True,Healthy,True,True
1053,91,70.0,HIGH,Healthy,HIGH,True,Healthy,True,True
1082,128,70.0,HIGH,Healthy,HIGH,True,Healthy,True,True
1169,148,70.0,HIGH,Healthy,HIGH,True,Healthy,True,True
1065,95,70.0,HIGH,Healthy,HIGH,True,Healthy,True,True
1039,119,70.0,HIGH,Healthy,HIGH,True,Healthy,True,True
1188,149,70.0,HIGH,Healthy,HIGH,True,Healthy,True,True
1063,75,70.0,HIGH,Healthy,HIGH,True,Healthy,True,True
1117,176,70.0,HIGH,Healthy,HIGH,True,Healthy,True,True
1019,90,70.0,HIGH,Healthy,HIGH,True,Healthy,True,True
1132,164,70.0,HIGH,Healthy,HIGH,True,Healthy,True,True
1181,107,70.0,HIGH,Healthy,HIGH,True,Healthy,True,True
1148,69,70.0,HIGH,Healthy,HIGH,True,Healthy,True,True
1060,56,70.0,HIGH,Healthy,HIGH,True,Healthy,True,True
1177,165,70.0,HIGH,Healthy,HIGH,True,Healthy,True,True
1104,186,70.0,HIGH,Healthy,HIGH,True,Healthy,True,True
1097,139,70.0,HIGH,Healthy,HIGH,True,Healthy,True,True
1085,131,70.0,HIGH,Healthy,HIGH,True,Healthy,True,True
1149,80,70.0,HIGH,Healthy,HIGH,True,Healthy,True,True
1110,114,70.0,HIGH,Healthy,HIGH,True,Healthy,True,True
1020,189,70.0,HIGH,Healthy,HIGH,True,Healthy,True,True
1062,79,70.0,HIGH,Healthy,HIGH,True,Healthy,True,True
1071,81,70.0,HIGH,Healthy,HIGH,True,Healthy,True,True
1129,61,70.0,HIGH,Healthy,HIGH,True,Healthy,True,True
1026,139,70.0,HIGH,Healthy,HIGH,True,Healthy,True,True
1155,83,70.0,HIGH,Healthy,HIGH,True,Healthy,True,True
1158,110,70.0,HIGH,Healthy,HIGH,True,Healthy,True,True
1166,199,70.0,HIGH,Healthy,HIGH,True,Healthy,True,True
1067,133,70.0,HIGH,Healthy,HIGH,True,Healthy,True,True
1163,73,70.0,HIGH,Healthy,HIGH,True,Healthy,True,True
1147,61,70.0,HIGH,Healthy,HIGH,True,Healthy,True,True
1102,171,70.0,HIGH,Healthy,HIGH,True,Healthy,True,True
1180,157,70.0,HIGH,Healthy,HIGH,True,Healthy,True,True
1183,51,70.0,HIGH,Healthy,HIGH,True,Healthy,True,True
1095,135,70.0,HIGH,Healthy,HIGH,True,Healthy,True,True
1109,75,70.0,HIGH,Healthy,HIGH,True,Healthy,True,True
1133,66,70.0,HIGH,Healthy,HIGH,True,Healthy,True,True
1126,120,70.0,HIGH,Healthy,HIGH,True,Healthy,True,True
1161,73,70.0,HIGH,Healthy,HIGH,True,Healthy,True,True
1076,70,70.0,HIGH,Healthy,HIGH,True,Healthy,True,True
1200,110,70.0,HIGH,Healthy,HIGH,True,Healthy,True,True
1024,146,70.0,HIGH,Healthy,HIGH,True,Healthy,True,True
1135,101,70.0,HIGH,Healthy,HIGH,True,Healthy,True,True
1038,58,70.0,HIGH,Healthy,HIGH,True,Healthy,True,True
1153,66,70.0,HIGH,Healthy,HIGH,True,Healthy,True,True
1101,74,70.0,HIGH,Healthy,HIGH,True,Healthy,True,True
1137,165,70.0,HIGH,Healthy,HIGH,True,Healthy,True,True
1160,120,70.0,HIGH,Healthy,HIGH,True,Healthy,True,True
1108,85,70.0,HIGH,Healthy,HIGH,True,Healthy,True,True
1178,122,70.0,HIGH,Healthy,HIGH,True,Healthy,True,True
1118,114,70.0,HIGH,Healthy,HIGH,True,Healthy,True,True
1091,158,70.0,HIGH,Healthy,HIGH,True,Healthy,True,True
1046,85,70.0,HIGH,Healthy,HIGH,True,Healthy,True,True
1050,167,70.0,HIGH,Healthy,HIGH,True,Healthy,True,True
1061,60,70.0,HIGH,Healthy,HIGH,True,Healthy,True,True
1140,133,70.0,HIGH,Healthy,HIGH,True,Healthy,True,True
1175,123,70.0,HIGH,Healthy,HIGH,True,Healthy,True,True
1130,145,70.0,HIGH,Healthy,HIGH,True,Healthy,True,True
1150,87,70.0,HIGH,Healthy,HIGH,True,Healthy,True,True
1193,85,70.0,HIGH,Healthy,HIGH,True,Healthy,True,True
1190,71,70.0,HIGH,Healthy,HIGH,True,Healthy,True,True
1185,65,70.0,HIGH,Healthy,HIGH,True,Healthy,True,True
1002,76,70.0,HIGH,Healthy,HIGH,True,Healthy,True,True
1035,48,70.0,HIGH,Low,HIGH,True,Low,True,True
1008,105,70.0,HIGH,Healthy,HIGH,True,Healthy,True,True
1040,104,70.0,HIGH,Healthy,HIGH,True,Healthy,True,True
1122,154,70.0,HIGH,Healthy,HIGH,True,Healthy,True,True
1083,135,70.0,HIGH,Healthy,HIGH,True,Healthy,True,True
1125,61,70.0,HIGH,Healthy,HIGH,True,Healthy,True,True
1138,88,70.0,HIGH,Healthy,HIGH,True,Healthy,True,True
1154,60,70.0,HIGH,Healthy,HIGH,True,Healthy,True,True
1022,93,70.0,HIGH,Healthy,HIGH,True,Healthy,True,True
1074,149,70.0,HIGH,Healthy,HIGH,True,Healthy,True,True
1034,53,70.0,HIGH,Healthy,HIGH,True,Healthy,True,True
1023,149,70.0,HIGH,Healthy,HIGH,True,Healthy,True,True
1182,191,70.0,HIGH,Healthy,HIGH,True,Healthy,True,True
1012,96,70.0,HIGH,Healthy,HIGH,True,Healthy,True,True
1042,188,70.0,HIGH,Healthy,HIGH,True,Healthy,True,True
1029,210,70.0,HIGH,Healthy,HIGH,True,Healthy,True,True
1100,97,70.0,HIGH,Healthy,HIGH,True,Healthy,True,True
1171,119,70.0,HIGH,Healthy,HIGH,True,Healthy,True,True
1165,88,70.0,HIGH,Healthy,HIGH,True,Healthy,True,True
1191,95,70.0,HIGH,Healthy,HIGH,True,Healthy,True,True
1005,122,70.0,HIGH,Healthy,HIGH,True,Healthy,True,True
1088,49,70.0,HIGH,Low,HIGH,True,Low,True,True
1145,115,70.0,HIGH,Healthy,HIGH,True,Healthy,True,True
1146,137,70.0,HIGH,Healthy,HIGH,True,Healthy,True,True
1120,194,70.0,HIGH,Healthy,HIGH,True,Healthy,True,True
1173,82,70.0,HIGH,Healthy,HIGH,True,Healthy,True,True
1136,109,70.0,HIGH,Healthy,HIGH,True,Healthy,True,True
1131,120,70.0,HIGH,Healthy,HIGH,True,Healthy,True,True
1036,64,70.0,HIGH,Healthy,HIGH,True,Healthy,True,True
1070,196,70.0,HIGH,Healthy,HIGH,True,Healthy,True,True
1111,115,70.0,HIGH,Healthy,HIGH,True,Healthy,True,True
1176,85,70.0,HIGH,Healthy,HIGH,True,Healthy,True,True
1121,92,70.0,HIGH,Healthy,HIGH,True,Healthy,True,True
1198,154,70.0,HIGH,Healthy,HIGH,True,Healthy,True,True
1189,50,70.0,HIGH,Low,HIGH,True,Low,True,True
1025,124,70.0,HIGH,Healthy,HIGH,True,Healthy,True,True
1069,196,70.0,HIGH,Healthy,HIGH,True,Healthy,True,True
1057,168,70.0,HIGH,Healthy,HIGH,True,Healthy,True,True
1092,104,70.0,HIGH,Healthy,HIGH,True,Healthy,True,True
1084,99,70.0,HIGH,Healthy,HIGH,True,Healthy,True,True
1004,117,70.0,HIGH,Healthy,HIGH,True,Healthy,True,True
1157,110,70.0,HIGH,Healthy,HIGH,True,Healthy,True,True
1079,167,70.0,HIGH,Healthy,HIGH,True,Healthy,True,True
1115,71,70.0,HIGH,Healthy,HIGH,True,Healthy,True,True
1051,37,70.0,HIGH,Low,HIGH,True,Low,True,True
1044,168,70.0,HIGH,Healthy,HIGH,True,Healthy,True,True
1090,124,70.0,HIGH,Healthy,HIGH,True,Healthy,True,True
1054,70,70.0,HIGH,Healthy,HIGH,True,Healthy,True,True
1124,110,70.0,HIGH,Healthy,HIGH,True,Healthy,True,True
1127,213,70.0,HIGH,Healthy,HIGH,True,Healthy,True,True
1027,152,70.0,HIGH,Healthy,HIGH,True,Healthy,True,True
1045,80,70.0,HIGH,Healthy,HIGH,True,Healthy,True,True
1030,105,70.0,HIGH,Healthy,HIGH,True,Healthy,True,True
1075,155,70.0,HIGH,Healthy,HIGH,True,Healthy,True,True
1112,82,70.0,HIGH,Healthy,HIGH,True,Healthy,True,True
1123,101,70.0,HIGH,Healthy,HIGH,True,Healthy,True,True
1018,143,70.0,HIGH,Healthy,HIGH,True,Healthy,True,True
1168,99,70.0,HIGH,Healthy,HIGH,True,Healthy,True,True
1093,136,70.0,HIGH,Healthy,HIGH,True,Healthy,True,True
1072,50,70.0,HIGH,Low,HIGH,True,Low,True,True
1052,134,70.0,HIGH,Healthy,HIGH,True,Healthy,True,True
1064,173,70.0,HIGH,Healthy,HIGH,True,Healthy,True,True
1103,79,70.0,HIGH,Healthy,HIGH,True,Healthy,True,True
1047,53,70.0,HIGH,Healthy,HIGH,True,Healthy,True,True
1048,107,70.0,HIGH,Healthy,HIGH,True,Healthy,True,True
1192,156,70.0,HIGH,Healthy,HIGH,True,Healthy,True,True
1116,75,70.0,HIGH,Healthy,HIGH,True,Healthy,True,True
1068,55,70.0,HIGH,Healthy,HIGH,True,Healthy,True,True
1015,76,70.0,HIGH,Healthy,HIGH,True,Healthy,True,True
1199,64,70.0,HIGH,Healthy,HIGH,True,Healthy,True,True
1113,150,70.0,HIGH,Healthy,HIGH,True,Healthy,True,True
1031,90,70.0,HIGH,Healthy,HIGH,True,Healthy,True,True
1139,86,70.0,HIGH,Healthy,HIGH,True,Healthy,True,True
1055,157,70.0,HIGH,Healthy,HIGH,True,Healthy,True,True
1032,137,70.0,HIGH,Healthy,HIGH,True,Healthy,True,True
1013,223,70.0,HIGH,Healthy,HIGH,True,Healthy,True,True
1041,70,70.0,HIGH,Healthy,HIGH,True,Healthy,True,True
1007,59,70.0,HIGH,Healthy,HIGH,True,Healthy,True,True
1066,125,70.0,HIGH,Healthy,HIGH,True,Healthy,True,True
1003,77,70.0,HIGH,Healthy,HIGH,True,Healthy,True,True
1049,43,70.0,HIGH,Low,HIGH,True,Low,True,True
1033,115,70.0,HIGH,Healthy,HIGH,True,Healthy,True,True
1152,118,70.0,HIGH,Healthy,HIGH,True,Healthy,True,True
1184,138,70.0,HIGH,Healthy,HIGH,True,Healthy,True,True
1011,138,70.0,HIGH,Healthy,HIGH,True,Healthy,True,True
1141,156,70.0,HIGH,Healthy,HIGH,True,Healthy,True,True
1010,86,70.0,HIGH,Healthy,HIGH,True,Healthy,True,True
1077,50,70.0,HIGH,Low,HIGH,True,Low,True,True
1080,73,70.0,HIGH,Healthy,HIGH,True,Healthy,True,True
1172,56,70.0,HIGH,Healthy,HIGH,True,Healthy,True,True
1170,109,70.0,HIGH,Healthy,HIGH,True,Healthy,True,True
1086,109,70.0,HIGH,Healthy,HIGH,True,Healthy,True,True
1087,69,70.0,HIGH,Healthy,HIGH,True,Healthy,True,True
1142,90,70.0,HIGH,Healthy,HIGH,True,Healthy,True,True
1164,56,70.0,HIGH,Healthy,HIGH,True,Healthy,True,True
1016,126,70.0,HIGH,Healthy,HIGH,True,Healthy,True,True
1021,195,70.0,HIGH,Healthy,HIGH,True,Healthy,True,True
1151,80,70.0,HIGH,Healthy,HIGH,True,Healthy,True,True
1021,129,70.0,HIGH,Healthy,HIGH,True,Healthy,True,True
1159,132,70.0,HIGH,Healthy,HIGH,True,Healthy,True,True
1024,239,70.0,HIGH,Healthy,HIGH,True,Healthy,True,True
1199,127,70.0,HIGH,Healthy,HIGH,True,Healthy,True,True
1150,129,70.0,HIGH,Healthy,HIGH,True,Healthy,True,True
1063,102,70.0,HIGH,Healthy,HIGH,True,Healthy,True,True
1170,154,70.0,HIGH,Healthy,HIGH,True,Healthy,True,True
1193,151,70.0,HIGH,Healthy,HIGH,True,Healthy,True,True
1014,237,70.0,HIGH,Healthy,HIGH,True,Healthy,True,True
1197,62,70.0,HIGH,Healthy,HIGH,True,Healthy,True,True
1134,95,70.0,HIGH,Healthy,HIGH,True,Healthy,True,True
1177,102,70.0,HIGH,Healthy,HIGH,True,Healthy,True,True
1061,146,70.0,HIGH,Healthy,HIGH,True,Healthy,True,True
1165,136,70.0,HIGH,Healthy,HIGH,True,Healthy,True,True
1191,132,70.0,HIGH,Healthy,HIGH,True,Healthy,True,True
1156,104,70.0,HIGH,Healthy,HIGH,True,Healthy,True,True
1129,144,70.0,HIGH,Healthy,HIGH,True,Healthy,True,True
1082,168,70.0,HIGH,Healthy,HIGH,True,Healthy,True,True
1112,68,70.0,HIGH,Healthy,HIGH,True,Healthy,True,True
1089,64,70.0,HIGH,Healthy,HIGH,True,Healthy,True,True
1195,134,70.0,HIGH,Healthy,HIGH,True,Healthy,True,True
1030,134,70.0,HIGH,Healthy,HIGH,True,Healthy,True,True
1011,118,70.0,HIGH,Healthy,HIGH,True,Healthy,True,True
1058,216,70.0,HIGH,Healthy,HIGH,True,Healthy,True,True
1033,146,70.0,HIGH,Healthy,HIGH,True,Healthy,True,True
1171,95,70.0,HIGH,Healthy,HIGH,True,Healthy,True,True
1067,325,70.0,HIGH,Healthy,HIGH,True,Healthy,True,True
1196,197,70.0,HIGH,Healthy,HIGH,True,Healthy,True,True
1003,129,70.0,HIGH,Healthy,HIGH,True,Healthy,True,True
1184,201,70.0,HIGH,Healthy,HIGH,True,Healthy,True,True
1053,152,70.0,HIGH,Healthy,HIGH,True,Healthy,True,True
1178,277,70.0,HIGH,Healthy,HIGH,True,Healthy,True,True
1017,128,70.0,HIGH,Healthy,HIGH,True,Healthy,True,True
1035,96,70.0,HIGH,Healthy,HIGH,True,Healthy,True,True
1121,122,70.0,HIGH,Healthy,HIGH,True,Healthy,True,True
1151,53,70.0,HIGH,Healthy,HIGH,True,Healthy,True,True
1189,117,70.0,HIGH,Healthy,HIGH,True,Healthy,True,True
1130,170,70.0,HIGH,Healthy,HIGH,True,Healthy,True,True
1104,162,70.0,HIGH,Healthy,HIGH,True,Healthy,True,True
1074,223,70.0,HIGH,Healthy,HIGH,True,Healthy,True,True
1163,146,70.0,HIGH,Healthy,HIGH,True,Healthy,True,True
1093,155,70.0,HIGH,Healthy,HIGH,True,Healthy,True,True
1114,71,70.0,HIGH,Healthy,HIGH,True,Healthy,True,True
1172,136,70.0,HIGH,Healthy,HIGH,True,Healthy,True,True
1146,169,70.0,HIGH,Healthy,HIGH,True,Healthy,True,True
1101,102,70.0,HIGH,Healthy,HIGH,True,Healthy,True,True
1091,218,70.0,HIGH,Healthy,HIGH,True,Healthy,True,True
1064,114,70.0,HIGH,Healthy,HIGH,True,Healthy,True,True
1031,194,70.0,HIGH,Healthy,HIGH,True,Healthy,True,True
1126,234,70.0,HIGH,Healthy,HIGH,True,Healthy,True,True
1164,126,70.0,HIGH,Healthy,HIGH,True,Healthy,True,True
1078,96,70.0,HIGH,Healthy,HIGH,True,Healthy,True,True
1010,332,70.0,HIGH,Healthy,HIGH,True,Healthy,True,True
1072,106,70.0,HIGH,Healthy,HIGH,True,Healthy,True,True
1140,91,70.0,HIGH,Healthy,HIGH,True,Healthy,True,True
1188,318,70.0,HIGH,Healthy,HIGH,True,Healthy,True,True
1125,126,70.0,HIGH,Healthy,HIGH,True,Healthy,True,True
1109,127,70.0,HIGH,Healthy,HIGH,True,Healthy,True,True
1039,202,70.0,HIGH,Healthy,HIGH,True,Healthy,True,True
1115,119,70.0,HIGH,Healthy,HIGH,True,Healthy,True,True
1071,332,70.0,HIGH,Healthy,HIGH,True,Healthy,True,True
1055,188,70.0,HIGH,Healthy,HIGH,True,Healthy,True,True
1136,131,70.0,HIGH,Healthy,HIGH,True,Healthy,True,True
1132,222,70.0,HIGH,Healthy,HIGH,True,Healthy,True,True
1158,252,70.0,HIGH,Healthy,HIGH,True,Healthy,True,True
1194,160,70.0,HIGH,Healthy,HIGH,True,Healthy,True,True
1182,252,70.0,HIGH,Healthy,HIGH,True,Healthy,True,True
1173,137,70.0,HIGH,Healthy,HIGH,True,Healthy,True,True
1167,301,70.0,HIGH,Healthy,HIGH,True,Healthy,True,True
1127,162,70.0,HIGH,Healthy,HIGH,True,Healthy,True,True
1019,131,70.0,HIGH,Healthy,HIGH,True,Healthy,True,True
1051,78,70.0,HIGH,Healthy,HIGH,True,Healthy,True,True
1143,222,70.0,HIGH,Healthy,HIGH,True,Healthy,True,True
1106,148,70.0,HIGH,Healthy,HIGH,True,Healthy,True,True
1083,217,70.0,HIGH,Healthy,HIGH,True,Healthy,True,True
1183,85,70.0,HIGH,Healthy,HIGH,True,Healthy,True,True
1111,223,70.0,HIGH,Healthy,HIGH,True,Healthy,True,True
1070,218,70.0,HIGH,Healthy,HIGH,True,Healthy,True,True
1025,182,70.0,HIGH,Healthy,HIGH,True,Healthy,True,True
1077,116,70.0,HIGH,Healthy,HIGH,True,Healthy,True,True
1192,126,70.0,HIGH,Healthy,HIGH,True,Healthy,True,True
1088,118,70.0,HIGH,Healthy,HIGH,True,Healthy,True,True
1018,83,70.0,HIGH,Healthy,HIGH,True,Healthy,True,True
1059,93,70.0,HIGH,Healthy,HIGH,True,Healthy,True,True
1084,144,70.0,HIGH,Healthy,HIGH,True,Healthy,True,True
1175,142,70.0,HIGH,Healthy,HIGH,True,Healthy,True,True
1174,54,70.0,HIGH,Healthy,HIGH,True,Healthy,True,True
1073,88,70.0,HIGH,Healthy,HIGH,True,Healthy,True,True
1179,171,70.0,HIGH,Healthy,HIGH,True,Healthy,True,True
1041,221,70.0,HIGH,Healthy,HIGH,True,Healthy,True,True
1133,138,70.0,HIGH,Healthy,HIGH,True,Healthy,True,True
1085,139,70.0,HIGH,Healthy,HIGH,True,Healthy,True,True
1097,132,70.0,HIGH,Healthy,HIGH,True,Healthy,True,True
1139,154,70.0,HIGH,Healthy,HIGH,True,Healthy,True,True
1057,266,70.0,HIGH,Healthy,HIGH,True,Healthy,True,True
1142,67,70.0,HIGH,Healthy,HIGH,True,Healthy,True,True
1144,129,70.0,HIGH,Healthy,HIGH,True,Healthy,True,True
1141,133,70.0,HIGH,Healthy,HIGH,True,Healthy,True,True
1040,94,70.0,HIGH,Healthy,HIGH,True,Healthy,True,True
1107,142,70.0,HIGH,Healthy,HIGH,True,Healthy,True,True
1006,167,70.0,HIGH,Healthy,HIGH,True,Healthy,True,True
1087,148,70.0,HIGH,Healthy,HIGH,True,Healthy,True,True
1013,282,70.0,HIGH,Healthy,HIGH,True,Healthy,True,True
1166,147,70.0,HIGH,Healthy,HIGH,True,Healthy,True,True
1075,203,70.0,HIGH,Healthy,HIGH,True,Healthy,True,True
1015,234,70.0,HIGH,Healthy,HIGH,True,Healthy,True,True
1138,181,70.0,HIGH,Healthy,HIGH,True,Healthy,True,True
1098,128,70.0,HIGH,Healthy,HIGH,True,Healthy,True,True
1124,91,70.0,HIGH,Healthy,HIGH,True,Healthy,True,True
1001,131,70.0,HIGH,Healthy,HIGH,True,Healthy,True,True
1052,116,70.0,HIGH,Healthy,HIGH,True,Healthy,True,True
1005,79,70.0,HIGH,Healthy,HIGH,True,Healthy,True,True
1186,234,70.0,HIGH,Healthy,HIGH,True,Healthy,True,True
1103,135,70.0,HIGH,Healthy,HIGH,True,Healthy,True,True
1023,215,70.0,HIGH,Healthy,HIGH,True,Healthy,True,True
1117,203,70.0,HIGH,Healthy,HIGH,True,Healthy,True,True
1050,226,70.0,HIGH,Healthy,HIGH,True,Healthy,True,True
1016,241,70.0,HIGH,Healthy,HIGH,True,Healthy,True,True
1034,113,70.0,HIGH,Healthy,HIGH,True,Healthy,True,True
1029,266,70.0,HIGH,Healthy,HIGH,True,Healthy,True,True
1094,283,70.0,HIGH,Healthy,HIGH,True,Healthy,True,True
1116,218,70.0,HIGH,Healthy,HIGH,True,Healthy,True,True
1190,92,70.0,HIGH,Healthy,HIGH,True,Healthy,True,True
1020,186,70.0,HIGH,Healthy,HIGH,True,Healthy,True,True
1099,220,70.0,HIGH,Healthy,HIGH,True,Healthy,True,True
1012,102,70.0,HIGH,Healthy,HIGH,True,Healthy,True,True
1038,68,70.0,HIGH,Healthy,HIGH,True,Healthy,True,True
1120,258,70.0,HIGH,Healthy,HIGH,True,Healthy,True,True
1169,156,70.0,HIGH,Healthy,HIGH,True,Healthy,True,True
1060,198,70.0,HIGH,Healthy,HIGH,True,Healthy,True,True
1022,125,70.0,HIGH,Healthy,HIGH,True,Healthy,True,True
1092,98,70.0,HIGH,Healthy,HIGH,True,Healthy,True,True
1032,123,70.0,HIGH,Healthy,HIGH,True,Healthy,True,True
1096,110,70.0,HIGH,Healthy,HIGH,True,Healthy,True,True
1002,203,70.0,HIGH,Healthy,HIGH,True,Healthy,True,True
1155,78,70.0,HIGH,Healthy,HIGH,True,Healthy,True,True
1147,141,70.0,HIGH,Healthy,HIGH,True,Healthy,True,True
1135,150,70.0,HIGH,Healthy,HIGH,True,Healthy,True,True
1049,117,70.0,HIGH,Healthy,HIGH,True,Healthy,True,True
1160,91,70.0,HIGH,Healthy,HIGH,True,Healthy,True,True
1185,210,70.0,HIGH,Healthy,HIGH,True,Healthy,True,True
1161,59,70.0,HIGH,Healthy,HIGH,True,Healthy,True,True
1080,249,70.0,HIGH,Healthy,HIGH,True,Healthy,True,True
1090,118,70.0,HIGH,Healthy,HIGH,True,Healthy,True,True
1149,58,70.0,HIGH,Healthy,HIGH,True,Healthy,True,True
1122,188,70.0,HIGH,Healthy,HIGH,True,Healthy,True,True
1086,236,70.0,HIGH,Healthy,HIGH,True,Healthy,True,True
1027,236,70.0,HIGH,Healthy,HIGH,True,Healthy,True,True
1187,148,70.0,HIGH,Healthy,HIGH,True,Healthy,True,True
1180,152,70.0,HIGH,Healthy,HIGH,True,Healthy,True,True
1081,206,70.0,HIGH,Healthy,HIGH,True,Healthy,True,True
1066,197,70.0,HIGH,Healthy,HIGH,True,Healthy,True,True
1042,203,70.0,HIGH,Healthy,HIGH,True,Healthy,True,True
1068,130,70.0,HIGH,Healthy,HIGH,True,Healthy,True,True
1009,151,70.0,HIGH,Healthy,HIGH,True,Healthy,True,True
1095,98,70.0,HIGH,Healthy,HIGH,True,Healthy,True,True
1108,214,70.0,HIGH,Healthy,HIGH,True,Healthy,True,True
1100,107,70.0,HIGH,Healthy,HIGH,True,Healthy,True,True
1062,101,70.0,HIGH,Healthy,HIGH,True,Healthy,True,True
1176,190,70.0,HIGH,Healthy,HIGH,True,Healthy,True,True
1079,291,70.0,HIGH,Healthy,HIGH,True,Healthy,True,True
1056,228,70.0,HIGH,Healthy,HIGH,True,Healthy,True,True
1113,105,70.0,HIGH,Healthy,HIGH,True,Healthy,True,True
1198,146,70.0,HIGH,Healthy,HIGH,True,Healthy,True,True
1131,97,70.0,HIGH,Healthy,HIGH,True,Healthy,True,True
1118,136,70.0,HIGH,Healthy,HIGH,True,Healthy,True,True
1162,147,70.0,HIGH,Healthy,HIGH,True,Healthy,True,True
1152,167,70.0,HIGH,Healthy,HIGH,True,Healthy,True,True
1137,199,70.0,HIGH,Healthy,HIGH,True,Healthy,True,True
1048,135,70.0,HIGH,Healthy,HIGH,True,Healthy,True,True
1148,113,70.0,HIGH,Healthy,HIGH,True,Healthy,True,True
1047,99,70.0,HIGH,Healthy,HIGH,True,Healthy,True,True
1046,130,70.0,HIGH,Healthy,HIGH,True,Healthy,True,True
1157,114,70.0,HIGH,Healthy,HIGH,True,Healthy,True,True
1105,136,70.0,HIGH,Healthy,HIGH,True,Healthy,True,True
1144,84,70.0,HIGH,Healthy,HIGH,True,Healthy,True,True
1065,46,70.0,HIGH,Low,HIGH,True,Low,True,True
1157,114,70.0,HIGH,Healthy,HIGH,True,Healthy,True,True
1036,73,70.0,HIGH,Healthy,HIGH,True,Healthy,True,True
1146,116,70.0,HIGH,Healthy,HIGH,True,Healthy,True,True
1087,90,70.0,HIGH,Healthy,HIGH,True,Healthy,True,True
1003,111,70.0,HIGH,Healthy,HIGH,True,Healthy,True,True
1187,135,70.0,HIGH,Healthy,HIGH,True,Healthy,True,True
1137,145,70.0,HIGH,Healthy,HIGH,True,Healthy,True,True
1119,172,70.0,HIGH,Healthy,HIGH,True,Healthy,True,True
1062,102,70.0,HIGH,Healthy,HIGH,True,Healthy,True,True
1097,170,70.0,HIGH,Healthy,HIGH,True,Healthy,True,True
1055,120,70.0,HIGH,Healthy,HIGH,True,Healthy,True,True
1004,74,70.0,HIGH,Healthy,HIGH,True,Healthy,True,True
1019,60,70.0,HIGH,Healthy,HIGH,True,Healthy,True,True
1075,70,70.0,HIGH,Healthy,HIGH,True,Healthy,True,True
1148,54,70.0,HIGH,Healthy,HIGH,True,Healthy,True,True
1083,91,70.0,HIGH,Healthy,HIGH,True,Healthy,True,True
1016,215,70.0,HIGH,Healthy,HIGH,True,Healthy,True,True
1048,82,70.0,HIGH,Healthy,HIGH,True,Healthy,True,True
1105,153,70.0,HIGH,Healthy,HIGH,True,Healthy,True,True
1174,57,70.0,HIGH,Healthy,HIGH,True,Healthy,True,True
1120,103,70.0,HIGH,Healthy,HIGH,True,Healthy,True,True
1124,114,70.0,HIGH,Healthy,HIGH,True,Healthy,True,True
1017,114,70.0,HIGH,Healthy,HIGH,True,Healthy,True,True
1121,89,70.0,HIGH,Healthy,HIGH,True,Healthy,True,True
1135,112,70.0,HIGH,Healthy,HIGH,True,Healthy,True,True
1153,56,70.0,HIGH,Healthy,HIGH,True,Healthy,True,True
1015,88,70.0,HIGH,Healthy,HIGH,True,Healthy,True,True
1037,59,70.0,HIGH,Healthy,HIGH,True,Healthy,True,True
1049,90,70.0,HIGH,Healthy,HIGH,True,Healthy,True,True
1063,154,70.0,HIGH,Healthy,HIGH,True,Healthy,True,True
1113,100,70.0,HIGH,Healthy,HIGH,True,Healthy,True,True
1116,113,70.0,HIGH,Healthy,HIGH,True,Healthy,True,True
1142,75,70.0,HIGH,Healthy,HIGH,True,Healthy,True,True
1096,104,70.0,HIGH,Healthy,HIGH,True,Healthy,True,True
1021,91,70.0,HIGH,Healthy,HIGH,True,Healthy,True,True
1009,38,70.0,HIGH,Low,HIGH,True,Low,True,True
1167,94,70.0,HIGH,Healthy,HIGH,True,Healthy,True,True
1134,78,70.0,HIGH,Healthy,HIGH,True,Healthy,True,True
1185,82,70.0,HIGH,Healthy,HIGH,True,Healthy,True,True
1122,73,70.0,HIGH,Healthy,HIGH,True,Healthy,True,True
1051,54,70.0,HIGH,Healthy,HIGH,True,Healthy,True,True
1106,156,70.0,HIGH,Healthy,HIGH,True,Healthy,True,True
1012,77,70.0,HIGH,Healthy,HIGH,True,Healthy,True,True
1089,84,70.0,HIGH,Healthy,HIGH,True,Healthy,True,True
1050,130,70.0,HIGH,Healthy,HIGH,True,Healthy,True,True
1189,73,70.0,HIGH,Healthy,HIGH,True,Healthy,True,True
1054,75,70.0,HIGH,Healthy,HIGH,True,Healthy,True,True
1195,140,70.0,HIGH,Healthy,HIGH,True,Healthy,True,True
1039,135,70.0,HIGH,Healthy,HIGH,True,Healthy,True,True
1069,179,70.0,HIGH,Healthy,HIGH,True,Healthy,True,True
1022,72,70.0,HIGH,Healthy,HIGH,True,Healthy,True,True
1196,191,70.0,HIGH,Healthy,HIGH,True,Healthy,True,True
1033,109,70.0,HIGH,Healthy,HIGH,True,Healthy,True,True
1081,69,70.0,HIGH,Healthy,HIGH,True,Healthy,True,True
1020,95,70.0,HIGH,Healthy,HIGH,True,Healthy,True,True
1100,44,70.0,HIGH,Low,HIGH,True,Low,True,True
1038,57,70.0,HIGH,Healthy,HIGH,True,Healthy,True,True
1057,79,70.0,HIGH,Healthy,HIGH,True,Healthy,True,True
1161,72,70.0,HIGH,Healthy,HIGH,True,Healthy,True,True
1186,145,70.0,HIGH,Healthy,HIGH,True,Healthy,True,True
1024,139,70.0,HIGH,Healthy,HIGH,True,Healthy,True,True
1115,112,70.0,HIGH,Healthy,HIGH,True,Healthy,True,True
1059,69,70.0,HIGH,Healthy,HIGH,True,Healthy,True,True
1156,94,70.0,HIGH,Healthy,HIGH,True,Healthy,True,True
1140,82,70.0,HIGH,Healthy,HIGH,True,Healthy,True,True
1045,97,70.0,HIGH,Healthy,HIGH,True,Healthy,True,True
1064,97,70.0,HIGH,Healthy,HIGH,True,Healthy,True,True
1086,140,70.0,HIGH,Healthy,HIGH,True,Healthy,True,True
1053,169,70.0,HIGH,Healthy,HIGH,True,Healthy,True,True
1077,64,70.0,HIGH,Healthy,HIGH,True,Healthy,True,True
1123,171,70.0,HIGH,Healthy,HIGH,True,Healthy,True,True
1010,200,70.0,HIGH,Healthy,HIGH,True,Healthy,True,True
1056,166,70.0,HIGH,Healthy,HIGH,True,Healthy,True,True
1114,69,70.0,HIGH,Healthy,HIGH,True,Healthy,True,True
1154,88,70.0,HIGH,Healthy,HIGH,True,Healthy,True,True
1052,86,70.0,HIGH,Healthy,HIGH,True,Healthy,True,True
1031,142,70.0,HIGH,Healthy,HIGH,True,Healthy,True,True
1160,103,70.0,HIGH,Healthy,HIGH,True,Healthy,True,True
1079,84,70.0,HIGH,Healthy,HIGH,True,Healthy,True,True
1182,177,70.0,HIGH,Healthy,HIGH,True,Healthy,True,True
1067,108,70.0,HIGH,Healthy,HIGH,True,Healthy,True,True
1191,99,70.0,HIGH,Healthy,HIGH,True,Healthy,True,True
1127,193,70.0,HIGH,Healthy,HIGH,True,Healthy,True,True
1099,110,70.0,HIGH,Healthy,HIGH,True,Healthy,True,True
1112,45,70.0,HIGH,Low,HIGH,True,Low,True,True
1141,169,70.0,HIGH,Healthy,HIGH,True,Healthy,True,True
1014,120,70.0,HIGH,Healthy,HIGH,True,Healthy,True,True
1125,139,70.0,HIGH,Healthy,HIGH,True,Healthy,True,True
1194,97,70.0,HIGH,Healthy,HIGH,True,Healthy,True,True
1130,151,70.0,HIGH,Healthy,HIGH,True,Healthy,True,True
1058,87,70.0,HIGH,Healthy,HIGH,True,Healthy,True,True
1070,152,70.0,HIGH,Healthy,HIGH,True,Healthy,True,True
1088,73,70.0,HIGH,Healthy,HIGH,True,Healthy,True,True
1172,62,70.0,HIGH,Healthy,HIGH,True,Healthy,True,True
1025,105,70.0,HIGH,Healthy,HIGH,True,Healthy,True,True
1076,86,70.0,HIGH,Healthy,HIGH,True,Healthy,True,True
1066,77,70.0,HIGH,Healthy,HIGH,True,Healthy,True,True
1192,132,70.0,HIGH,Healthy,HIGH,True,Healthy,True,True
1047,45,70.0,HIGH,Low,HIGH,True,Low,True,True
1197,95,70.0,HIGH,Healthy,HIGH,True,Healthy,True,True
1005,107,70.0,HIGH,Healthy,HIGH,True,Healthy,True,True
1145,101,70.0,HIGH,Healthy,HIGH,True,Healthy,True,True
1101,154,70.0,HIGH,Healthy,HIGH,True,Healthy,True,True
1188,99,70.0,HIGH,Healthy,HIGH,True,Healthy,True,True
1177,145,70.0,HIGH,Healthy,HIGH,True,Healthy,True,True
1193,147,70.0,HIGH,Healthy,HIGH,True,Healthy,True,True
1061,136,70.0,HIGH,Healthy,HIGH,True,Healthy,True,True
1173,60,70.0,HIGH,Healthy,HIGH,True,Healthy,True,True
1163,56,70.0,HIGH,Healthy,HIGH,True,Healthy,True,True
1023,78,70.0,HIGH,Healthy,HIGH,True,Healthy,True,True
1147,118,70.0,HIGH,Healthy,HIGH,True,Healthy,True,True
1129,42,70.0,HIGH,Low,HIGH,True,Low,True,True
1118,87,70.0,HIGH,Healthy,HIGH,True,Healthy,True,True
1018,117,70.0,HIGH,Healthy,HIGH,True,Healthy,True,True
1029,128,70.0,HIGH,Healthy,HIGH,True,Healthy,True,True
1091,162,70.0,HIGH,Healthy,HIGH,True,Healthy,True,True
1084,111,70.0,HIGH,Healthy,HIGH,True,Healthy,True,True
1082,93,70.0,HIGH,Healthy,HIGH,True,Healthy,True,True
1074,134,70.0,HIGH,Healthy,HIGH,True,Healthy,True,True
1095,174,70.0,HIGH,Healthy,HIGH,True,Healthy,True,True
1151,87,70.0,HIGH,Healthy,HIGH,True,Healthy,True,True
1046,87,70.0,HIGH,Healthy,HIGH,True,Healthy,True,True
1178,152,70.0,HIGH,Healthy,HIGH,True,Healthy,True,True
1042,102,70.0,HIGH,Healthy,HIGH,True,Healthy,True,True
1171,112,70.0,HIGH,Healthy,HIGH,True,Healthy,True,True
1138,84,70.0,HIGH,Healthy,HIGH,True,Healthy,True,True
1006,115,70.0,HIGH,Healthy,HIGH,True,Healthy,True,True
1152,78,70.0,HIGH,Healthy,HIGH,True,Healthy,True,True
1107,49,70.0,HIGH,Low,HIGH,True,Low,True,True
1008,54,70.0,HIGH,Healthy,HIGH,True,Healthy,True,True
1128,121,70.0,HIGH,Healthy,HIGH,True,Healthy,True,True
1158,176,70.0,HIGH,Healthy,HIGH,True,Healthy,True,True
1155,47,70.0,HIGH,Low,HIGH,True,Low,True,True
1035,54,70.0,HIGH,Healthy,HIGH,True,Healthy,True,True
1103,81,70.0,HIGH,Healthy,HIGH,True,Healthy,True,True
1180,147,70.0,HIGH,Healthy,HIGH,True,Healthy,True,True
1093,165,70.0,HIGH,Healthy,HIGH,True,Healthy,True,True
1040,90,70.0,HIGH,Healthy,HIGH,True,Healthy,True,True
1110,144,70.0,HIGH,Healthy,HIGH,True,Healthy,True,True
1026,178,70.0,HIGH,Healthy,HIGH,True,Healthy,True,True
1085,117,70.0,HIGH,Healthy,HIGH,True,Healthy,True,True
1136,105,70.0,HIGH,Healthy,HIGH,True,Healthy,True,True
1166,213,70.0,HIGH,Healthy,HIGH,True,Healthy,True,True
1132,109,70.0,HIGH,Healthy,HIGH,True,Healthy,True,True
1094,176,70.0,HIGH,Healthy,HIGH,True,Healthy,True,True
1149,67,70.0,HIGH,Healthy,HIGH,True,Healthy,True,True
1002,58,70.0,HIGH,Healthy,HIGH,True,Healthy,True,True
1090,55,70.0,HIGH,Healthy,HIGH,True,Healthy,True,True
1199,63,70.0,HIGH,Healthy,HIGH,True,Healthy,True,True
1098,67,70.0,HIGH,Healthy,HIGH,True,Healthy,True,True
1198,131,70.0,HIGH,Healthy,HIGH,True,Healthy,True,True
1011,145,70.0,HIGH,Healthy,HIGH,True,Healthy,True,True
1092,53,70.0,HIGH,Healthy,HIGH,True,Healthy,True,True
1072,86,70.0,HIGH,Healthy,HIGH,True,Healthy,True,True
1013,185,70.0,HIGH,Healthy,HIGH,True,Healthy,True,True
1034,82,70.0,HIGH,Healthy,HIGH,True,Healthy,True,True
1071,162,70.0,HIGH,Healthy,HIGH,True,Healthy,True,True
1108,153,70.0,HIGH,Healthy,HIGH,True,Healthy,True,True
1044,125,70.0,HIGH,Healthy,HIGH,True,Healthy,True,True
1133,66,70.0,HIGH,Healthy,HIGH,True,Healthy,True,True
1080,121,70.0,HIGH,Healthy,HIGH,True,Healthy,True,True
1126,112,70.0,HIGH,Healthy,HIGH,True,Healthy,True,True
1143,88,70.0,HIGH,Healthy,HIGH,True,Healthy,True,True
1168,115,70.0,HIGH,Healthy,HIGH,True,Healthy,True,True
1060,110,70.0,HIGH,Healthy,HIGH,True,Healthy,True,True
1043,77,70.0,HIGH,Healthy,HIGH,True,Healthy,True,True
1131,69,70.0,HIGH,Healthy,HIGH,True,Healthy,True,True
1176,78,70.0,HIGH,Healthy,HIGH,True,Healthy,True,True
1165,79,70.0,HIGH,Healthy,HIGH,True,Healthy,True,True
1184,171,70.0,HIGH,Healthy,HIGH,True,Healthy,True,True
1139,75,70.0,HIGH,Healthy,HIGH,True,Healthy,True,True
1102,70,70.0,HIGH,Healthy,HIGH,True,Healthy,True,True
1027,138,70.0,HIGH,Healthy,HIGH,True,Healthy,True,True
1159,81,70.0,HIGH,Healthy,HIGH,True,Healthy,True,True
1041,63,70.0,HIGH,Healthy,HIGH,True,Healthy,True,True
1111,89,70.0,HIGH,Healthy,HIGH,True,Healthy,True,True
1150,75,70.0,HIGH,Healthy,HIGH,True,Healthy,True,True
1164,84,70.0,HIGH,Healthy,HIGH,True,Healthy,True,True
1200,154,70.0,HIGH,Healthy,HIGH,True,Healthy,True,True
1007,72,70.0,HIGH,Healthy,HIGH,True,Healthy,True,True
1104,106,70.0,HIGH,Healthy,HIGH,True,Healthy,True,True
1170,130,70.0,HIGH,Healthy,HIGH,True,Healthy,True,True
1162,105,70.0,HIGH,Healthy,HIGH,True,Healthy,True,True
1078,62,70.0,HIGH,Healthy,HIGH,True,Healthy,True,True
1028,125,70.0,HIGH,Healthy,HIGH,True,Healthy,True,True
1073,74,70.0,HIGH,Healthy,HIGH,True,Healthy,True,True
1001,67,70.0,HIGH,Healthy,HIGH,True,Healthy,True,True
1175,133,70.0,HIGH,Healthy,HIGH,True,Healthy,True,True
1109,55,70.0,HIGH,Healthy,HIGH,True,Healthy,True,True
1181,146,70.0,HIGH,Healthy,HIGH,True,Healthy,True,True
1068,99,70.0,HIGH,Healthy,HIGH,True,Healthy,True,True
1005,193,70.0,HIGH,Healthy,HIGH,True,Healthy,True,True
1104,434,70.0,HIGH,Healthy,HIGH,True,Healthy,True,True
1192,221,70.0,HIGH,Healthy,HIGH,True,Healthy,True,True
1050,214,70.0,HIGH,Healthy,HIGH,True,Healthy,True,True
1062,200,70.0,HIGH,Healthy,HIGH,True,Healthy,True,True
1088,119,70.0,HIGH,Healthy,HIGH,True,Healthy,True,True
1143,231,70.0,HIGH,Healthy,HIGH,True,Healthy,True,True
1028,125,70.0,HIGH,Healthy,HIGH,True,Healthy,True,True
1019,205,70.0,HIGH,Healthy,HIGH,True,Healthy,True,True
1048,147,70.0,HIGH,Healthy,HIGH,True,Healthy,True,True
1081,315,70.0,HIGH,Healthy,HIGH,True,Healthy,True,True
1142,120,70.0,HIGH,Healthy,HIGH,True,Healthy,True,True
1165,191,70.0,HIGH,Healthy,HIGH,True,Healthy,True,True
1026,127,70.0,HIGH,Healthy,HIGH,True,Healthy,True,True
1071,363,70.0,HIGH,Healthy,HIGH,True,Healthy,True,True
1066,184,70.0,HIGH,Healthy,HIGH,True,Healthy,True,True
1170,309,70.0,HIGH,Healthy,HIGH,True,Healthy,True,True
1008,209,70.0,HIGH,Healthy,HIGH,True,Healthy,True,True
1183,87,70.0,HIGH,Healthy,HIGH,True,Healthy,True,True
1041,317,70.0,HIGH,Healthy,HIGH,True,Healthy,True,True
1140,125,70.0,HIGH,Healthy,HIGH,True,Healthy,True,True
1147,168,70.0,HIGH,Healthy,HIGH,True,Healthy,True,True
1186,235,70.0,HIGH,Healthy,HIGH,True,Healthy,True,True
1178,337,70.0,HIGH,Healthy,HIGH,True,Healthy,True,True
1114,99,70.0,HIGH,Healthy,HIGH,True,Healthy,True,True
1038,126,70.0,HIGH,Healthy,HIGH,True,Healthy,True,True
1090,114,70.0,HIGH,Healthy,HIGH,True,Healthy,True,True
1133,201,70.0,HIGH,Healthy,HIGH,True,Healthy,True,True
1060,210,70.0,HIGH,Healthy,HIGH,True,Healthy,True,True
1023,277,70.0,HIGH,Healthy,HIGH,True,Healthy,True,True
1181,171,70.0,HIGH,Healthy,HIGH,True,Healthy,True,True
1127,405,70.0,HIGH,Healthy,HIGH,True,Healthy,True,True
1139,271,70.0,HIGH,Healthy,HIGH,True,Healthy,True,True
1007,287,70.0,HIGH,Healthy,HIGH,True,Healthy,True,True
1132,112,70.0,HIGH,Healthy,HIGH,True,Healthy,True,True
1150,110,70.0,HIGH,Healthy,HIGH,True,Healthy,True,True
1096,105,70.0,HIGH,Healthy,HIGH,True,Healthy,True,True
1079,257,70.0,HIGH,Healthy,HIGH,True,Healthy,True,True
1067,319,70.0,HIGH,Healthy,HIGH,True,Healthy,True,True
1002,255,70.0,HIGH,Healthy,HIGH,True,Healthy,True,True
1137,352,70.0,HIGH,Healthy,HIGH,True,Healthy,True,True
1015,281,70.0,HIGH,Healthy,HIGH,True,Healthy,True,True
1167,319,70.0,HIGH,Healthy,HIGH,True,Healthy,True,True
1122,133,70.0,HIGH,Healthy,HIGH,True,Healthy,True,True
1110,359,70.0,HIGH,Healthy,HIGH,True,Healthy,True,True
1169,291,70.0,HIGH,Healthy,HIGH,True,Healthy,True,True
1168,354,70.0,HIGH,Healthy,HIGH,True,Healthy,True,True
1021,377,70.0,HIGH,Healthy,HIGH,True,Healthy,True,True
1115,187,70.0,HIGH,Healthy,HIGH,True,Healthy,True,True
1084,144,70.0,HIGH,Healthy,HIGH,True,Healthy,True,True
1064,140,70.0,HIGH,Healthy,HIGH,True,Healthy,True,True
1016,183,70.0,HIGH,Healthy,HIGH,True,Healthy,True,True
1095,150,70.0,HIGH,Healthy,HIGH,True,Healthy,True,True
1106,324,70.0,HIGH,Healthy,HIGH,True,Healthy,True,True
1162,241,70.0,HIGH,Healthy,HIGH,True,Healthy,True,True
1047,144,70.0,HIGH,Healthy,HIGH,True,Healthy,True,True
1056,240,70.0,HIGH,Healthy,HIGH,True,Healthy,True,True
1080,346,70.0,HIGH,Healthy,HIGH,True,Healthy,True,True
1136,130,70.0,HIGH,Healthy,HIGH,True,Healthy,True,True
1065,163,70.0,HIGH,Healthy,HIGH,True,Healthy,True,True
1001,179,70.0,HIGH,Healthy,HIGH,True,Healthy,True,True
1125,288,70.0,HIGH,Healthy,HIGH,True,Healthy,True,True
1164,145,70.0,HIGH,Healthy,HIGH,True,Healthy,True,True
1144,188,70.0,HIGH,Healthy,HIGH,True,Healthy,True,True
1040,151,70.0,HIGH,Healthy,HIGH,True,Healthy,True,True
1035,164,70.0,HIGH,Healthy,HIGH,True,Healthy,True,True
1141,288,70.0,HIGH,Healthy,HIGH,True,Healthy,True,True
1199,193,70.0,HIGH,Healthy,HIGH,True,Healthy,True,True
1193,321,70.0,HIGH,Healthy,HIGH,True,Healthy,True,True
1027,241,70.0,HIGH,Healthy,HIGH,True,Healthy,True,True
1051,89,70.0,HIGH,Healthy,HIGH,True,Healthy,True,True
1185,103,70.0,HIGH,Healthy,HIGH,True,Healthy,True,True
1149,105,70.0,HIGH,Healthy,HIGH,True,Healthy,True,True
1190,237,70.0,HIGH,Healthy,HIGH,True,Healthy,True,True
1129,188,70.0,HIGH,Healthy,HIGH,True,Healthy,True,True
1175,260,70.0,HIGH,Healthy,HIGH,True,Healthy,True,True
1198,322,70.0,HIGH,Healthy,HIGH,True,Healthy,True,True
1046,264,70.0,HIGH,Healthy,HIGH,True,Healthy,True,True
1049,203,70.0,HIGH,Healthy,HIGH,True,Healthy,True,True
1097,341,70.0,HIGH,Healthy,HIGH,True,Healthy,True,True
1146,190,70.0,HIGH,Healthy,HIGH,True,Healthy,True,True
1030,162,70.0,HIGH,Healthy,HIGH,True,Healthy,True,True
1089,195,70.0,HIGH,Healthy,HIGH,True,Healthy,True,True
1182,220,70.0,HIGH,Healthy,HIGH,True,Healthy,True,True
1010,420,70.0,HIGH,Healthy,HIGH,True,Healthy,True,True
1076,247,70.0,HIGH,Healthy,HIGH,True,Healthy,True,True
1160,327,70.0,HIGH,Healthy,HIGH,True,Healthy,True,True
1006,286,70.0,HIGH,Healthy,HIGH,True,Healthy,True,True
1072,118,70.0,HIGH,Healthy,HIGH,True,Healthy,True,True
1128,322,70.0,HIGH,Healthy,HIGH,True,Healthy,True,True
1068,82,70.0,HIGH,Healthy,HIGH,True,Healthy,True,True
1053,189,70.0,HIGH,Healthy,HIGH,True,Healthy,True,True
1032,240,70.0,HIGH,Healthy,HIGH,True,Healthy,True,True
1024,237,70.0,HIGH,Healthy,HIGH,True,Healthy,True,True
1022,173,70.0,HIGH,Healthy,HIGH,True,Healthy,True,True
1105,252,70.0,HIGH,Healthy,HIGH,True,Healthy,True,True
1094,276,70.0,HIGH,Healthy,HIGH,True,Healthy,True,True
1013,209,70.0,HIGH,Healthy,HIGH,True,Healthy,True,True
1111,211,70.0,HIGH,Healthy,HIGH,True,Healthy,True,True
1166,372,70.0,HIGH,Healthy,HIGH,True,Healthy,True,True
1155,177,70.0,HIGH,Healthy,HIGH,True,Healthy,True,True
1100,116,70.0,HIGH,Healthy,HIGH,True,Healthy,True,True
1039,343,70.0,HIGH,Healthy,HIGH,True,Healthy,True,True
1045,76,70.0,HIGH,Healthy,HIGH,True,Healthy,True,True
1188,441,70.0,HIGH,Healthy,HIGH,True,Healthy,True,True
1044,268,70.0,HIGH,Healthy,HIGH,True,Healthy,True,True
1174,90,70.0,HIGH,Healthy,HIGH,True,Healthy,True,True
1085,154,70.0,HIGH,Healthy,HIGH,True,Healthy,True,True
1120,325,70.0,HIGH,Healthy,HIGH,True,Healthy,True,True
1184,216,70.0,HIGH,Healthy,HIGH,True,Healthy,True,True
1152,168,70.0,HIGH,Healthy,HIGH,True,Healthy,True,True
1025,210,70.0,HIGH,Healthy,HIGH,True,Healthy,True,True
1177,255,70.0,HIGH,Healthy,HIGH,True,Healthy,True,True
1101,322,70.0,HIGH,Healthy,HIGH,True,Healthy,True,True
1031,348,70.0,HIGH,Healthy,HIGH,True,Healthy,True,True
1172,161,70.0,HIGH,Healthy,HIGH,True,Healthy,True,True
1087,348,70.0,HIGH,Healthy,HIGH,True,Healthy,True,True
1063,189,70.0,HIGH,Healthy,HIGH,True,Healthy,True,True
1124,172,70.0,HIGH,Healthy,HIGH,True,Healthy,True,True
1034,167,70.0,HIGH,Healthy,HIGH,True,Healthy,True,True
1173,125,70.0,HIGH,Healthy,HIGH,True,Healthy,True,True
1138,150,70.0,HIGH,Healthy,HIGH,True,Healthy,True,True
1112,92,70.0,HIGH,Healthy,HIGH,True,Healthy,True,True
1009,131,70.0,HIGH,Healthy,HIGH,True,Healthy,True,True
1187,206,70.0,HIGH,Healthy,HIGH,True,Healthy,True,True
1093,132,70.0,HIGH,Healthy,HIGH,True,Healthy,True,True
1130,148,70.0,HIGH,Healthy,HIGH,True,Healthy,True,True
1054,279,70.0,HIGH,Healthy,HIGH,True,Healthy,True,True
1123,216,70.0,HIGH,Healthy,HIGH,True,Healthy,True,True
1118,231,70.0,HIGH,Healthy,HIGH,True,Healthy,True,True
1194,138,70.0,HIGH,Healthy,HIGH,True,Healthy,True,True
1159,103,70.0,HIGH,Healthy,HIGH,True,Healthy,True,True
1113,204,70.0,HIGH,Healthy,HIGH,True,Healthy,True,True
1052,192,70.0,HIGH,Healthy,HIGH,True,Healthy,True,True
1059,206,70.0,HIGH,Healthy,HIGH,True,Healthy,True,True
1082,250,70.0,HIGH,Healthy,HIGH,True,Healthy,True,True
1069,231,70.0,HIGH,Healthy,HIGH,True,Healthy,True,True
1029,411,70.0,HIGH,Healthy,HIGH,True,Healthy,True,True
1083,203,70.0,HIGH,Healthy,HIGH,True,Healthy,True,True
1154,161,70.0,HIGH,Healthy,HIGH,True,Healthy,True,True
1092,97,70.0,HIGH,Healthy,HIGH,True,Healthy,True,True
1151,170,70.0,HIGH,Healthy,HIGH,True,Healthy,True,True
1055,243,70.0,HIGH,Healthy,HIGH,True,Healthy,True,True
1191,314,70.0,HIGH,Healthy,HIGH,True,Healthy,True,True
1042,280,70.0,HIGH,Healthy,HIGH,True,Healthy,True,True
1148,153,70.0,HIGH,Healthy,HIGH,True,Healthy,True,True
1057,252,70.0,HIGH,Healthy,HIGH,True,Healthy,True,True
1126,194,70.0,HIGH,Healthy,HIGH,True,Healthy,True,True
1195,325,70.0,HIGH,Healthy,HIGH,True,Healthy,True,True
1077,121,70.0,HIGH,Healthy,HIGH,True,Healthy,True,True
1107,112,70.0,HIGH,Healthy,HIGH,True,Healthy,True,True
1078,156,70.0,HIGH,Healthy,HIGH,True,Healthy,True,True
1075,129,70.0,HIGH,Healthy,HIGH,True,Healthy,True,True
1086,425,70.0,HIGH,Healthy,HIGH,True,Healthy,True,True
1102,220,70.0,HIGH,Healthy,HIGH,True,Healthy,True,True
1117,255,70.0,HIGH,Healthy,HIGH,True,Healthy,True,True
1171,199,70.0,HIGH,Healthy,HIGH,True,Healthy,True,True
1099,234,70.0,HIGH,Healthy,HIGH,True,Healthy,True,True
1011,140,70.0,HIGH,Healthy,HIGH,True,Healthy,True,True
1113,185,70.0,HIGH,Healthy,HIGH,True,Healthy,True,True
1116,285,70.0,HIGH,Healthy,HIGH,True,Healthy,True,True
1070,162,70.0,HIGH,Healthy,HIGH,True,Healthy,True,True
1004,224,70.0,HIGH,Healthy,HIGH,True,Healthy,True,True
1039,377,70.0,HIGH,Healthy,HIGH,True,Healthy,True,True
1042,340,70.0,HIGH,Healthy,HIGH,True,Healthy,True,True
1188,248,70.0,HIGH,Healthy,HIGH,True,Healthy,True,True
1016,162,70.0,HIGH,Healthy,HIGH,True,Healthy,True,True
1078,79,70.0,HIGH,Healthy,HIGH,True,Healthy,True,True
1117,307,70.0,HIGH,Healthy,HIGH,True,Healthy,True,True
1176,218,70.0,HIGH,Healthy,HIGH,True,Healthy,True,True
1126,187,70.0,HIGH,Healthy,HIGH,True,Healthy,True,True
1174,207,70.0,HIGH,Healthy,HIGH,True,Healthy,True,True
1003,188,70.0,HIGH,Healthy,HIGH,True,Healthy,True,True
1122,146,70.0,HIGH,Healthy,HIGH,True,Healthy,True,True
1086,280,70.0,HIGH,Healthy,HIGH,True,Healthy,True,True
1025,157,70.0,HIGH,Healthy,HIGH,True,Healthy,True,True
1083,196,70.0,HIGH,Healthy,HIGH,True,Healthy,True,True
1007,195,70.0,HIGH,Healthy,HIGH,True,Healthy,True,True
1186,135,70.0,HIGH,Healthy,HIGH,True,Healthy,True,True
1068,93,70.0,HIGH,Healthy,HIGH,True,Healthy,True,True
1136,110,70.0,HIGH,Healthy,HIGH,True,Healthy,True,True
1200,282,70.0,HIGH,Healthy,HIGH,True,Healthy,True,True
1094,226,70.0,HIGH,Healthy,HIGH,True,Healthy,True,True
1019,191,70.0,HIGH,Healthy,HIGH,True,Healthy,True,True
1021,382,70.0,HIGH,Healthy,HIGH,True,Healthy,True,True
1120,217,70.0,HIGH,Healthy,HIGH,True,Healthy,True,True
1183,208,70.0,HIGH,Healthy,HIGH,True,Healthy,True,True
1006,163,70.0,HIGH,Healthy,HIGH,True,Healthy,True,True
1064,344,70.0,HIGH,Healthy,HIGH,True,Healthy,True,True
1033,128,70.0,HIGH,Healthy,HIGH,True,Healthy,True,True
1028,196,70.0,HIGH,Healthy,HIGH,True,Healthy,True,True
1058,246,70.0,HIGH,Healthy,HIGH,True,Healthy,True,True
1112,173,70.0,HIGH,Healthy,HIGH,True,Healthy,True,True
1177,172,70.0,HIGH,Healthy,HIGH,True,Healthy,True,True
1095,306,70.0,HIGH,Healthy,HIGH,True,Healthy,True,True
1108,317,70.0,HIGH,Healthy,HIGH,True,Healthy,True,True
1010,345,70.0,HIGH,Healthy,HIGH,True,Healthy,True,True
1022,202,70.0,HIGH,Healthy,HIGH,True,Healthy,True,True
1008,210,70.0,HIGH,Healthy,HIGH,True,Healthy,True,True
1093,260,70.0,HIGH,Healthy,HIGH,True,Healthy,True,True
1145,208,70.0,HIGH,Healthy,HIGH,True,Healthy,True,True
1181,282,70.0,HIGH,Healthy,HIGH,True,Healthy,True,True
1041,227,70.0,HIGH,Healthy,HIGH,True,Healthy,True,True
1175,108,70.0,HIGH,Healthy,HIGH,True,Healthy,True,True
1171,145,70.0,HIGH,Healthy,HIGH,True,Healthy,True,True
1040,132,70.0,HIGH,Healthy,HIGH,True,Healthy,True,True
1152,153,70.0,HIGH,Healthy,HIGH,True,Healthy,True,True
1034,117,70.0,HIGH,Healthy,HIGH,True,Healthy,True,True
1148,216,70.0,HIGH,Healthy,HIGH,True,Healthy,True,True
1011,123,70.0,HIGH,Healthy,HIGH,True,Healthy,True,True
1162,129,70.0,HIGH,Healthy,HIGH,True,Healthy,True,True
1194,134,70.0,HIGH,Healthy,HIGH,True,Healthy,True,True
1173,103,70.0,HIGH,Healthy,HIGH,True,Healthy,True,True
1101,168,70.0,HIGH,Healthy,HIGH,True,Healthy,True,True
1167,166,70.0,HIGH,Healthy,HIGH,True,Healthy,True,True
1118,262,70.0,HIGH,Healthy,HIGH,True,Healthy,True,True
1067,167,70.0,HIGH,Healthy,HIGH,True,Healthy,True,True
1055,169,70.0,HIGH,Healthy,HIGH,True,Healthy,True,True
1198,126,70.0,HIGH,Healthy,HIGH,True,Healthy,True,True
1029,166,70.0,HIGH,Healthy,HIGH,True,Healthy,True,True
1077,183,70.0,HIGH,Healthy,HIGH,True,Healthy,True,True
1160,225,70.0,HIGH,Healthy,HIGH,True,Healthy,True,True
1138,189,70.0,HIGH,Healthy,HIGH,True,Healthy,True,True
1169,226,70.0,HIGH,Healthy,HIGH,True,Healthy,True,True
1046,162,70.0,HIGH,Healthy,HIGH,True,Healthy,True,True
1075,180,70.0,HIGH,Healthy,HIGH,True,Healthy,True,True
1149,151,70.0,HIGH,Healthy,HIGH,True,Healthy,True,True
1164,188,70.0,HIGH,Healthy,HIGH,True,Healthy,True,True
1127,332,70.0,HIGH,Healthy,HIGH,True,Healthy,True,True
1125,215,70.0,HIGH,Healthy,HIGH,True,Healthy,True,True
1134,263,70.0,HIGH,Healthy,HIGH,True,Healthy,True,True
1099,223,70.0,HIGH,Healthy,HIGH,True,Healthy,True,True
1147,333,70.0,HIGH,Healthy,HIGH,True,Healthy,True,True
1066,101,70.0,HIGH,Healthy,HIGH,True,Healthy,True,True
1142,73,70.0,HIGH,Healthy,HIGH,True,Healthy,True,True
1069,269,70.0,HIGH,Healthy,HIGH,True,Healthy,True,True
1195,308,70.0,HIGH,Healthy,HIGH,True,Healthy,True,True
1114,136,70.0,HIGH,Healthy,HIGH,True,Healthy,True,True
1023,160,70.0,HIGH,Healthy,HIGH,True,Healthy,True,True
1144,222,70.0,HIGH,Healthy,HIGH,True,Healthy,True,True
1159,165,70.0,HIGH,Healthy,HIGH,True,Healthy,True,True
1014,279,70.0,HIGH,Healthy,HIGH,True,Healthy,True,True
1050,333,70.0,HIGH,Healthy,HIGH,True,Healthy,True,True
1121,222,70.0,HIGH,Healthy,HIGH,True,Healthy,True,True
1044,353,70.0,HIGH,Healthy,HIGH,True,Healthy,True,True
1082,212,70.0,HIGH,Healthy,HIGH,True,Healthy,True,True
1172,132,70.0,HIGH,Healthy,HIGH,True,Healthy,True,True
1045,198,70.0,HIGH,Healthy,HIGH,True,Healthy,True,True
1128,232,70.0,HIGH,Healthy,HIGH,True,Healthy,True,True
1155,179,70.0,HIGH,Healthy,HIGH,True,Healthy,True,True
1153,180,70.0,HIGH,Healthy,HIGH,True,Healthy,True,True
1137,229,70.0,HIGH,Healthy,HIGH,True,Healthy,True,True
1146,193,70.0,HIGH,Healthy,HIGH,True,Healthy,True,True
1089,125,70.0,HIGH,Healthy,HIGH,True,Healthy,True,True
1129,87,70.0,HIGH,Healthy,HIGH,True,Healthy,True,True
1037,136,70.0,HIGH,Healthy,HIGH,True,Healthy,True,True
1074,275,70.0,HIGH,Healthy,HIGH,True,Healthy,True,True
1017,198,70.0,HIGH,Healthy,HIGH,True,Healthy,True,True
1140,110,70.0,HIGH,Healthy,HIGH,True,Healthy,True,True
1047,139,70.0,HIGH,Healthy,HIGH,True,Healthy,True,True
1135,233,70.0,HIGH,Healthy,HIGH,True,Healthy,True,True
1031,253,70.0,HIGH,Healthy,HIGH,True,Healthy,True,True
1131,161,70.0,HIGH,Healthy,HIGH,True,Healthy,True,True
1081,127,70.0,HIGH,Healthy,HIGH,True,Healthy,True,True
1103,319,70.0,HIGH,Healthy,HIGH,True,Healthy,True,True
1180,168,70.0,HIGH,Healthy,HIGH,True,Healthy,True,True
1030,206,70.0,HIGH,Healthy,HIGH,True,Healthy,True,True
1132,303,70.0,HIGH,Healthy,HIGH,True,Healthy,True,True
1110,378,70.0,HIGH,Healthy,HIGH,True,Healthy,True,True
1115,208,70.0,HIGH,Healthy,HIGH,True,Healthy,True,True
1184,247,70.0,HIGH,Healthy,HIGH,True,Healthy,True,True
1151,184,70.0,HIGH,Healthy,HIGH,True,Healthy,True,True
1073,129,70.0,HIGH,Healthy,HIGH,True,Healthy,True,True
1189,76,70.0,HIGH,Healthy,HIGH,True,Healthy,True,True
1123,296,70.0,HIGH,Healthy,HIGH,True,Healthy,True,True
1087,313,70.0,HIGH,Healthy,HIGH,True,Healthy,True,True
1192,256,70.0,HIGH,Healthy,HIGH,True,Healthy,True,True
1124,224,70.0,HIGH,Healthy,HIGH,True,Healthy,True,True
1143,272,70.0,HIGH,Healthy,HIGH,True,Healthy,True,True
1009,206,70.0,HIGH,Healthy,HIGH,True,Healthy,True,True
1024,400,70.0,HIGH,Healthy,HIGH,True,Healthy,True,True
1002,239,70.0,HIGH,Healthy,HIGH,True,Healthy,True,True
1104,431,70.0,HIGH,Healthy,HIGH,True,Healthy,True,True
1166,344,70.0,HIGH,Healthy,HIGH,True,Healthy,True,True
1015,196,70.0,HIGH,Healthy,HIGH,True,Healthy,True,True
1196,407,70.0,HIGH,Healthy,HIGH,True,Healthy,True,True
1080,214,70.0,HIGH,Healthy,HIGH,True,Healthy,True,True
1096,166,70.0,HIGH,Healthy,HIGH,True,Healthy,True,True
1061,222,70.0,HIGH,Healthy,HIGH,True,Healthy,True,True
1052,269,70.0,HIGH,Healthy,HIGH,True,Healthy,True,True
1060,144,70.0,HIGH,Healthy,HIGH,True,Healthy,True,True
1102,245,70.0,HIGH,Healthy,HIGH,True,Healthy,True,True
1154,265,70.0,HIGH,Healthy,HIGH,True,Healthy,True,True
1062,295,70.0,HIGH,Healthy,HIGH,True,Healthy,True,True
1005,198,70.0,HIGH,Healthy,HIGH,True,Healthy,True,True
1185,189,70.0,HIGH,Healthy,HIGH,True,Healthy,True,True
1197,135,70.0,HIGH,Healthy,HIGH,True,Healthy,True,True
1139,260,70.0,HIGH,Healthy,HIGH,True,Healthy,True,True
1051,80,70.0,HIGH,Healthy,HIGH,True,Healthy,True,True
1036,160,70.0,HIGH,Healthy,HIGH,True,Healthy,True,True
1048,297,70.0,HIGH,Healthy,HIGH,True,Healthy,True,True
1111,247,70.0,HIGH,Healthy,HIGH,True,Healthy,True,True
1193,131,70.0,HIGH,Healthy,HIGH,True,Healthy,True,True
1057,290,70.0,HIGH,Healthy,HIGH,True,Healthy,True,True
1106,126,70.0,HIGH,Healthy,HIGH,True,Healthy,True,True
1027,157,70.0,HIGH,Healthy,HIGH,True,Healthy,True,True
1032,297,70.0,HIGH,Healthy,HIGH,True,Healthy,True,True
1170,274,70.0,HIGH,Healthy,HIGH,True,Healthy,True,True
1199,125,70.0,HIGH,Healthy,HIGH,True,Healthy,True,True
1105,173,70.0,HIGH,Healthy,HIGH,True,Healthy,True,True
1141,242,70.0,HIGH,Healthy,HIGH,True,Healthy,True,True
1179,187,70.0,HIGH,Healthy,HIGH,True,Healthy,True,True
1043,201,70.0,HIGH,Healthy,HIGH,True,Healthy,True,True
1065,152,70.0,HIGH,Healthy,HIGH,True,Healthy,True,True
1084,119,70.0,HIGH,Healthy,HIGH,True,Healthy,True,True
1187,223,70.0,HIGH,Healthy,HIGH,True,Healthy,True,True
1100,79,70.0,HIGH,Healthy,HIGH,True,Healthy,True,True
1097,263,70.0,HIGH,Healthy,HIGH,True,Healthy,True,True
1163,204,70.0,HIGH,Healthy,HIGH,True,Healthy,True,True
1150,92,70.0,HIGH,Healthy,HIGH,True,Healthy,True,True
1107,166,70.0,HIGH,Healthy,HIGH,True,Healthy,True,True
1020,143,70.0,HIGH,Healthy,HIGH,True,Healthy,True,True
1158,334,70.0,HIGH,Healthy,HIGH,True,Healthy,True,True
1012,150,70.0,HIGH,Healthy,HIGH,True,Healthy,True,True
1133,123,70.0,HIGH,Healthy,HIGH,True,Healthy,True,True
1130,200,70.0,HIGH,Healthy,HIGH,True,Healthy,True,True
1109,144,70.0,HIGH,Healthy,HIGH,True,Healthy,True,True
1059,202,70.0,HIGH,Healthy,HIGH,True,Healthy,True,True
1063,178,70.0,HIGH,Healthy,HIGH,True,Healthy,True,True
1076,227,70.0,HIGH,Healthy,HIGH,True,Healthy,True,True
1168,295,70.0,HIGH,Healthy,HIGH,True,Healthy,True,True
1071,348,70.0,HIGH,Healthy,HIGH,True,Healthy,True,True
1078,191,70.0,HIGH,Healthy,HIGH,True,Healthy,True,True
1102,342,70.0,HIGH,Healthy,HIGH,True,Healthy,True,True
1003,223,70.0,HIGH,Healthy,HIGH,True,Healthy,True,True
1072,125,70.0,HIGH,Healthy,HIGH,True,Healthy,True,True
1112,192,70.0,HIGH,Healthy,HIGH,True,Healthy,True,True
1038,127,70.0,HIGH,Healthy,HIGH,True,Healthy,True,True
1146,129,70.0,HIGH,Healthy,HIGH,True,Healthy,True,True
1161,133,70.0,HIGH,Healthy,HIGH,True,Healthy,True,True
1184,348,70.0,HIGH,Healthy,HIGH,True,Healthy,True,True
1108,174,70.0,HIGH,Healthy,HIGH,True,Healthy,True,True
1150,200,70.0,HIGH,Healthy,HIGH,True,Healthy,True,True
1089,119,70.0,HIGH,Healthy,HIGH,True,Healthy,True,True
1189,175,70.0,HIGH,Healthy,HIGH,True,Healthy,True,True
1099,134,70.0,HIGH,Healthy,HIGH,True,Healthy,True,True
1147,223,70.0,HIGH,Healthy,HIGH,True,Healthy,True,True
1022,187,70.0,HIGH,Healthy,HIGH,True,Healthy,True,True
1086,392,70.0,HIGH,Healthy,HIGH,True,Healthy,True,True
1154,134,70.0,HIGH,Healthy,HIGH,True,Healthy,True,True
1199,203,70.0,HIGH,Healthy,HIGH,True,Healthy,True,True
1126,345,70.0,HIGH,Healthy,HIGH,True,Healthy,True,True
1084,139,70.0,HIGH,Healthy,HIGH,True,Healthy,True,True
1096,100,70.0,HIGH,Healthy,HIGH,True,Healthy,True,True
1128,173,70.0,HIGH,Healthy,HIGH,True,Healthy,True,True
1153,89,70.0,HIGH,Healthy,HIGH,True,Healthy,True,True
1039,295,70.0,HIGH,Healthy,HIGH,True,Healthy,True,True
1081,151,70.0,HIGH,Healthy,HIGH,True,Healthy,True,True
1164,144,70.0,HIGH,Healthy,HIGH,True,Healthy,True,True
1019,113,70.0,HIGH,Healthy,HIGH,True,Healthy,True,True
1121,269,70.0,HIGH,Healthy,HIGH,True,Healthy,True,True
1194,194,70.0,HIGH,Healthy,HIGH,True,Healthy,True,True
1100,174,70.0,HIGH,Healthy,HIGH,True,Healthy,True,True
1104,439,70.0,HIGH,Healthy,HIGH,True,Healthy,True,True
1020,314,70.0,HIGH,Healthy,HIGH,True,Healthy,True,True
1129,194,70.0,HIGH,Healthy,HIGH,True,Healthy,True,True
1023,203,70.0,HIGH,Healthy,HIGH,True,Healthy,True,True
1012,278,70.0,HIGH,Healthy,HIGH,True,Healthy,True,True
1176,158,70.0,HIGH,Healthy,HIGH,True,Healthy,True,True
1071,288,70.0,HIGH,Healthy,HIGH,True,Healthy,True,True
1032,274,70.0,HIGH,Healthy,HIGH,True,Healthy,True,True
1031,251,70.0,HIGH,Healthy,HIGH,True,Healthy,True,True
1148,213,70.0,HIGH,Healthy,HIGH,True,Healthy,True,True
1118,290,70.0,HIGH,Healthy,HIGH,True,Healthy,True,True
1173,199,70.0,HIGH,Healthy,HIGH,True,Healthy,True,True
1122,173,70.0,HIGH,Healthy,HIGH,True,Healthy,True,True
1004,261,70.0,HIGH,Healthy,HIGH,True,Healthy,True,True
1034,90,70.0,HIGH,Healthy,HIGH,True,Healthy,True,True
1050,262,70.0,HIGH,Healthy,HIGH,True,Healthy,True,True
1114,208,70.0,HIGH,Healthy,HIGH,True,Healthy,True,True
1117,232,70.0,HIGH,Healthy,HIGH,True,Healthy,True,True
1085,286,70.0,HIGH,Healthy,HIGH,True,Healthy,True,True
1101,141,70.0,HIGH,Healthy,HIGH,True,Healthy,True,True
1168,238,70.0,HIGH,Healthy,HIGH,True,Healthy,True,True
1024,260,70.0,HIGH,Healthy,HIGH,True,Healthy,True,True
1140,225,70.0,HIGH,Healthy,HIGH,True,Healthy,True,True
1172,140,70.0,HIGH,Healthy,HIGH,True,Healthy,True,True
1196,313,70.0,HIGH,Healthy,HIGH,True,Healthy,True,True
1087,233,70.0,HIGH,Healthy,HIGH,True,Healthy,True,True
1006,302,70.0,HIGH,Healthy,HIGH,True,Healthy,True,True
1149,89,70.0,HIGH,Healthy,HIGH,True,Healthy,True,True
1011,291,70.0,HIGH,Healthy,HIGH,True,Healthy,True,True
1120,279,70.0,HIGH,Healthy,HIGH,True,Healthy,True,True
1097,130,70.0,HIGH,Healthy,HIGH,True,Healthy,True,True
1064,312,70.0,HIGH,Healthy,HIGH,True,Healthy,True,True
1079,155,70.0,HIGH,Healthy,HIGH,True,Healthy,True,True
1179,212,70.0,HIGH,Healthy,HIGH,True,Healthy,True,True
1192,318,70.0,HIGH,Healthy,HIGH,True,Healthy,True,True
1125,236,70.0,HIGH,Healthy,HIGH,True,Healthy,True,True
1028,213,70.0,HIGH,Healthy,HIGH,True,Healthy,True,True
1110,438,70.0,HIGH,Healthy,HIGH,True,Healthy,True,True
1042,381,70.0,HIGH,Healthy,HIGH,True,Healthy,True,True
1044,216,70.0,HIGH,Healthy,HIGH,True,Healthy,True,True
1190,256,70.0,HIGH,Healthy,HIGH,True,Healthy,True,True
1106,166,70.0,HIGH,Healthy,HIGH,True,Healthy,True,True
1162,161,70.0,HIGH,Healthy,HIGH,True,Healthy,True,True
1188,311,70.0,HIGH,Healthy,HIGH,True,Healthy,True,True
1156,265,70.0,HIGH,Healthy,HIGH,True,Healthy,True,True
1123,163,70.0,HIGH,Healthy,HIGH,True,Healthy,True,True
1092,246,70.0,HIGH,Healthy,HIGH,True,Healthy,True,True
1047,246,70.0,HIGH,Healthy,HIGH,True,Healthy,True,True
1027,327,70.0,HIGH,Healthy,HIGH,True,Healthy,True,True
1158,184,70.0,HIGH,Healthy,HIGH,True,Healthy,True,True
1065,96,70.0,HIGH,Healthy,HIGH,True,Healthy,True,True
1111,234,70.0,HIGH,Healthy,HIGH,True,Healthy,True,True
1030,141,70.0,HIGH,Healthy,HIGH,True,Healthy,True,True
1026,243,70.0,HIGH,Healthy,HIGH,True,Healthy,True,True
1045,157,70.0,HIGH,Healthy,HIGH,True,Healthy,True,True
1109,75,70.0,HIGH,Healthy,HIGH,True,Healthy,True,True
1094,177,70.0,HIGH,Healthy,HIGH,True,Healthy,True,True
1014,288,70.0,HIGH,Healthy,HIGH,True,Healthy,True,True
1016,401,70.0,HIGH,Healthy,HIGH,True,Healthy,True,True
1119,260,70.0,HIGH,Healthy,HIGH,True,Healthy,True,True
1139,155,70.0,HIGH,Healthy,HIGH,True,Healthy,True,True
1069,267,70.0,HIGH,Healthy,HIGH,True,Healthy,True,True
1017,255,70.0,HIGH,Healthy,HIGH,True,Healthy,True,True
1187,273,70.0,HIGH,Healthy,HIGH,True,Healthy,True,True
1136,175,70.0,HIGH,Healthy,HIGH,True,Healthy,True,True
1049,94,70.0,HIGH,Healthy,HIGH,True,Healthy,True,True
1075,299,70.0,HIGH,Healthy,HIGH,True,Healthy,True,True
1046,163,70.0,HIGH,Healthy,HIGH,True,Healthy,True,True
1067,227,70.0,HIGH,Healthy,HIGH,True,Healthy,True,True
1041,146,70.0,HIGH,Healthy,HIGH,True,Healthy,True,True
1138,177,70.0,HIGH,Healthy,HIGH,True,Healthy,True,True
1077,182,70.0,HIGH,Healthy,HIGH,True,Healthy,True,True
1070,427,70.0,HIGH,Healthy,HIGH,True,Healthy,True,True
1155,123,70.0,HIGH,Healthy,HIGH,True,Healthy,True,True
1180,204,70.0,HIGH,Healthy,HIGH,True,Healthy,True,True
1181,177,70.0,HIGH,Healthy,HIGH,True,Healthy,True,True
1083,324,70.0,HIGH,Healthy,HIGH,True,Healthy,True,True
1040,120,70.0,HIGH,Healthy,HIGH,True,Healthy,True,True
1195,256,70.0,HIGH,Healthy,HIGH,True,Healthy,True,True
1174,70,70.0,HIGH,Healthy,HIGH,True,Healthy,True,True
1105,323,70.0,HIGH,Healthy,HIGH,True,Healthy,True,True
1001,146,70.0,HIGH,Healthy,HIGH,True,Healthy,True,True
1133,130,70.0,HIGH,Healthy,HIGH,True,Healthy,True,True
1015,159,70.0,HIGH,Healthy,HIGH,True,Healthy,True,True
1018,284,70.0,HIGH,Healthy,HIGH,True,Healthy,True,True
1175,261,70.0,HIGH,Healthy,HIGH,True,Healthy,True,True
1066,154,70.0,HIGH,Healthy,HIGH,True,Healthy,True,True
1008,198,70.0,HIGH,Healthy,HIGH,True,Healthy,True,True
1183,110,70.0,HIGH,Healthy,HIGH,True,Healthy,True,True
1080,357,70.0,HIGH,Healthy,HIGH,True,Healthy,True,True
1178,137,70.0,HIGH,Healthy,HIGH,True,Healthy,True,True
1185,150,70.0,HIGH,Healthy,HIGH,True,Healthy,True,True
1103,325,70.0,HIGH,Healthy,HIGH,True,Healthy,True,True
1144,227,70.0,HIGH,Healthy,HIGH,True,Healthy,True,True
1157,155,70.0,HIGH,Healthy,HIGH,True,Healthy,True,True
1054,257,70.0,HIGH,Healthy,HIGH,True,Healthy,True,True
1134,174,70.0,HIGH,Healthy,HIGH,True,Healthy,True,True
1193,277,70.0,HIGH,Healthy,HIGH,True,Healthy,True,True
1021,349,70.0,HIGH,Healthy,HIGH,True,Healthy,True,True
1166,165,70.0,HIGH,Healthy,HIGH,True,Healthy,True,True
1073,114,70.0,HIGH,Healthy,HIGH,True,Healthy,True,True
1007,289,70.0,HIGH,Healthy,HIGH,True,Healthy,True,True
1163,147,70.0,HIGH,Healthy,HIGH,True,Healthy,True,True
1143,187,70.0,HIGH,Healthy,HIGH,True,Healthy,True,True
1095,329,70.0,HIGH,Healthy,HIGH,True,Healthy,True,True
1033,160,70.0,HIGH,Healthy,HIGH,True,Healthy,True,True
1052,125,70.0,HIGH,Healthy,HIGH,True,Healthy,True,True
1035,147,70.0,HIGH,Healthy,HIGH,True,Healthy,True,True
1170,232,70.0,HIGH,Healthy,HIGH,True,Healthy,True,True
1186,237,70.0,HIGH,Healthy,HIGH,True,Healthy,True,True
1010,416,70.0,HIGH,Healthy,HIGH,True,Healthy,True,True
1135,200,70.0,HIGH,Healthy,HIGH,True,Healthy,True,True
1177,224,70.0,HIGH,Healthy,HIGH,True,Healthy,True,True
1132,264,70.0,HIGH,Healthy,HIGH,True,Healthy,True,True
1116,128,70.0,HIGH,Healthy,HIGH,True,Healthy,True,True
1048,197,70.0,HIGH,Healthy,HIGH,True,Healthy,True,True
1098,198,70.0,HIGH,Healthy,HIGH,True,Healthy,True,True
1197,164,70.0,HIGH,Healthy,HIGH,True,Healthy,True,True
1058,226,70.0,HIGH,Healthy,HIGH,True,Healthy,True,True
1182,160,70.0,HIGH,Healthy,HIGH,True,Healthy,True,True
1037,160,70.0,HIGH,Healthy,HIGH,True,Healthy,True,True
1063,296,70.0,HIGH,Healthy,HIGH,True,Healthy,True,True
1130,146,70.0,HIGH,Healthy,HIGH,True,Healthy,True,True
1115,121,70.0,HIGH,Healthy,HIGH,True,Healthy,True,True
1160,282,70.0,HIGH,Healthy,HIGH,True,Healthy,True,True
1025,159,70.0,HIGH,Healthy,HIGH,True,Healthy,True,True
1131,176,70.0,HIGH,Healthy,HIGH,True,Healthy,True,True
1167,189,70.0,HIGH,Healthy,HIGH,True,Healthy,True,True
1055,182,70.0,HIGH,Healthy,HIGH,True,Healthy,True,True
1090,127,70.0,HIGH,Healthy,HIGH,True,Healthy,True,True
1082,232,70.0,HIGH,Healthy,HIGH,True,Healthy,True,True
1169,340,70.0,HIGH,Healthy,HIGH,True,Healthy,True,True
1088,94,70.0,HIGH,Healthy,HIGH,True,Healthy,True,True
1200,168,70.0,HIGH,Healthy,HIGH,True,Healthy,True,True
1068,126,70.0,HIGH,Healthy,HIGH,True,Healthy,True,True
1051,164,70.0,HIGH,Healthy,HIGH,True,Healthy,True,True
1198,314,70.0,HIGH,Healthy,HIGH,True,Healthy,True,True
1124,185,70.0,HIGH,Healthy,HIGH,True,Healthy,True,True
1145,205,70.0,HIGH,Healthy,HIGH,True,Healthy,True,True
1127,285,70.0,HIGH,Healthy,HIGH,True,Healthy,True,True
1057,381,70.0,HIGH,Healthy,HIGH,True,Healthy,True,True
1107,141,70.0,HIGH,Healthy,HIGH,True,Healthy,True,True
1074,138,70.0,HIGH,Healthy,HIGH,True,Healthy,True,True
1076,345,70.0,HIGH,Healthy,HIGH,True,Healthy,True,True
1093,242,70.0,HIGH,Healthy,HIGH,True,Healthy,True,True
1043,178,70.0,HIGH,Healthy,HIGH,True,Healthy,True,True
1029,304,70.0,HIGH,Healthy,HIGH,True,Healthy,True,True
1005,169,70.0,HIGH,Healthy,HIGH,True,Healthy,True,True
1059,196,70.0,HIGH,Healthy,HIGH,True,Healthy,True,True
1056,260,70.0,HIGH,Healthy,HIGH,True,Healthy,True,True
1151,127,70.0,HIGH,Healthy,HIGH,True,Healthy,True,True
1038,196,70.0,HIGH,Healthy,HIGH,True,Healthy,True,True
1116,279,70.0,HIGH,Healthy,HIGH,True,Healthy,True,True
1051,126,70.0,HIGH,Healthy,HIGH,True,Healthy,True,True
1139,324,70.0,HIGH,Healthy,HIGH,True,Healthy,True,True
1052,178,70.0,HIGH,Healthy,HIGH,True,Healthy,True,True
1127,285,70.0,HIGH,Healthy,HIGH,True,Healthy,True,True
1131,207,70.0,HIGH,Healthy,HIGH,True,Healthy,True,True
1045,71,70.0,HIGH,Healthy,HIGH,True,Healthy,True,True
1183,89,70.0,HIGH,Healthy,HIGH,True,Healthy,True,True
1193,316,70.0,HIGH,Healthy,HIGH,True,Healthy,True,True
1142,122,70.0,HIGH,Healthy,HIGH,True,Healthy,True,True
1009,159,70.0,HIGH,Healthy,HIGH,True,Healthy,True,True
1003,162,70.0,HIGH,Healthy,HIGH,True,Healthy,True,True
1169,351,70.0,HIGH,Healthy,HIGH,True,Healthy,True,True
1121,341,70.0,HIGH,Healthy,HIGH,True,Healthy,True,True
1111,326,70.0,HIGH,Healthy,HIGH,True,Healthy,True,True
1063,343,70.0,HIGH,Healthy,HIGH,True,Healthy,True,True
1143,296,70.0,HIGH,Healthy,HIGH,True,Healthy,True,True
1020,199,70.0,HIGH,Healthy,HIGH,True,Healthy,True,True
1026,173,70.0,HIGH,Healthy,HIGH,True,Healthy,True,True
1171,172,70.0,HIGH,Healthy,HIGH,True,Healthy,True,True
1181,271,70.0,HIGH,Healthy,HIGH,True,Healthy,True,True
1200,217,70.0,HIGH,Healthy,HIGH,True,Healthy,True,True
1149,192,70.0,HIGH,Healthy,HIGH,True,Healthy,True,True
1057,304,70.0,HIGH,Healthy,HIGH,True,Healthy,True,True
1086,340,70.0,HIGH,Healthy,HIGH,True,Healthy,True,True
1113,270,70.0,HIGH,Healthy,HIGH,True,Healthy,True,True
1029,157,70.0,HIGH,Healthy,HIGH,True,Healthy,True,True
1071,257,70.0,HIGH,Healthy,HIGH,True,Healthy,True,True
1115,138,70.0,HIGH,Healthy,HIGH,True,Healthy,True,True
1159,136,70.0,HIGH,Healthy,HIGH,True,Healthy,True,True
1105,343,70.0,HIGH,Healthy,HIGH,True,Healthy,True,True
1138,217,70.0,HIGH,Healthy,HIGH,True,Healthy,True,True
1016,275,70.0,HIGH,Healthy,HIGH,True,Healthy,True,True
1192,308,70.0,HIGH,Healthy,HIGH,True,Healthy,True,True
1098,181,70.0,HIGH,Healthy,HIGH,True,Healthy,True,True
1042,436,70.0,HIGH,Healthy,HIGH,True,Healthy,True,True
1032,282,70.0,HIGH,Healthy,HIGH,True,Healthy,True,True
1176,153,70.0,HIGH,Healthy,HIGH,True,Healthy,True,True
1157,211,70.0,HIGH,Healthy,HIGH,True,Healthy,True,True
1156,120,70.0,HIGH,Healthy,HIGH,True,Healthy,True,True
1011,297,70.0,HIGH,Healthy,HIGH,True,Healthy,True,True
1114,112,70.0,HIGH,Healthy,HIGH,True,Healthy,True,True
1137,241,70.0,HIGH,Healthy,HIGH,True,Healthy,True,True
1001,205,70.0,HIGH,Healthy,HIGH,True,Healthy,True,True
1112,204,70.0,HIGH,Healthy,HIGH,True,Healthy,True,True
1119,418,70.0,HIGH,Healthy,HIGH,True,Healthy,True,True
1134,221,70.0,HIGH,Healthy,HIGH,True,Healthy,True,True
1199,175,70.0,HIGH,Healthy,HIGH,True,Healthy,True,True
1076,218,70.0,HIGH,Healthy,HIGH,True,Healthy,True,True
1031,175,70.0,HIGH,Healthy,HIGH,True,Healthy,True,True
1099,111,70.0,HIGH,Healthy,HIGH,True,Healthy,True,True
1140,270,70.0,HIGH,Healthy,HIGH,True,Healthy,True,True
1182,167,70.0,HIGH,Healthy,HIGH,True,Healthy,True,True
1106,128,70.0,HIGH,Healthy,HIGH,True,Healthy,True,True
1092,126,70.0,HIGH,Healthy,HIGH,True,Healthy,True,True
1095,189,70.0,HIGH,Healthy,HIGH,True,Healthy,True,True
1101,261,70.0,HIGH,Healthy,HIGH,True,Healthy,True,True
1004,233,70.0,HIGH,Healthy,HIGH,True,Healthy,True,True
1174,155,70.0,HIGH,Healthy,HIGH,True,Healthy,True,True
1090,205,70.0,HIGH,Healthy,HIGH,True,Healthy,True,True
1094,251,70.0,HIGH,Healthy,HIGH,True,Healthy,True,True
1173,104,70.0,HIGH,Healthy,HIGH,True,Healthy,True,True
1010,226,70.0,HIGH,Healthy,HIGH,True,Healthy,True,True
1036,112,70.0,HIGH,Healthy,HIGH,True,Healthy,True,True
1054,269,70.0,HIGH,Healthy,HIGH,True,Healthy,True,True
1103,269,70.0,HIGH,Healthy,HIGH,True,Healthy,True,True
1034,265,70.0,HIGH,Healthy,HIGH,True,Healthy,True,True
1083,128,70.0,HIGH,Healthy,HIGH,True,Healthy,True,True
1088,214,70.0,HIGH,Healthy,HIGH,True,Healthy,True,True
1107,192,70.0,HIGH,Healthy,HIGH,True,Healthy,True,True
1064,354,70.0,HIGH,Healthy,HIGH,True,Healthy,True,True
1170,168,70.0,HIGH,Healthy,HIGH,True,Healthy,True,True
1066,213,70.0,HIGH,Healthy,HIGH,True,Healthy,True,True
1068,145,70.0,HIGH,Healthy,HIGH,True,Healthy,True,True
1133,77,70.0,HIGH,Healthy,HIGH,True,Healthy,True,True
1196,391,70.0,HIGH,Healthy,HIGH,True,Healthy,True,True
1146,239,70.0,HIGH,Healthy,HIGH,True,Healthy,True,True
1198,169,70.0,HIGH,Healthy,HIGH,True,Healthy,True,True
1148,154,70.0,HIGH,Healthy,HIGH,True,Healthy,True,True
1108,313,70.0,HIGH,Healthy,HIGH,True,Healthy,True,True
1187,265,70.0,HIGH,Healthy,HIGH,True,Healthy,True,True
1167,289,70.0,HIGH,Healthy,HIGH,True,Healthy,True,True
1065,155,70.0,HIGH,Healthy,HIGH,True,Healthy,True,True
1185,276,70.0,HIGH,Healthy,HIGH,True,Healthy,True,True
1136,252,70.0,HIGH,Healthy,HIGH,True,Healthy,True,True
1040,184,70.0,HIGH,Healthy,HIGH,True,Healthy,True,True
1154,230,70.0,HIGH,Healthy,HIGH,True,Healthy,True,True
1117,122,70.0,HIGH,Healthy,HIGH,True,Healthy,True,True
1164,166,70.0,HIGH,Healthy,HIGH,True,Healthy,True,True
1081,236,70.0,HIGH,Healthy,HIGH,True,Healthy,True,True
1037,199,70.0,HIGH,Healthy,HIGH,True,Healthy,True,True
1190,287,70.0,HIGH,Healthy,HIGH,True,Healthy,True,True
1014,305,70.0,HIGH,Healthy,HIGH,True,Healthy,True,True
1160,293,70.0,HIGH,Healthy,HIGH,True,Healthy,True,True
1049,96,70.0,HIGH,Healthy,HIGH,True,Healthy,True,True
1195,295,70.0,HIGH,Healthy,HIGH,True,Healthy,True,True
1015,285,70.0,HIGH,Healthy,HIGH,True,Healthy,True,True
1021,347,70.0,HIGH,Healthy,HIGH,True,Healthy,True,True
1006,178,70.0,HIGH,Healthy,HIGH,True,Healthy,True,True
1188,210,70.0,HIGH,Healthy,HIGH,True,Healthy,True,True
1058,213,70.0,HIGH,Healthy,HIGH,True,Healthy,True,True
1089,168,70.0,HIGH,Healthy,HIGH,True,Healthy,True,True
1191,187,70.0,HIGH,Healthy,HIGH,True,Healthy,True,True
1044,337,70.0,HIGH,Healthy,HIGH,True,Healthy,True,True
1085,233,70.0,HIGH,Healthy,HIGH,True,Healthy,True,True
1022,127,70.0,HIGH,Healthy,HIGH,True,Healthy,True,True
1080,175,70.0,HIGH,Healthy,HIGH,True,Healthy,True,True
1132,286,70.0,HIGH,Healthy,HIGH,True,Healthy,True,True
1091,135,70.0,HIGH,Healthy,HIGH,True,Healthy,True,True
1168,143,70.0,HIGH,Healthy,HIGH,True,Healthy,True,True
1046,190,70.0,HIGH,Healthy,HIGH,True,Healthy,True,True
1180,265,70.0,HIGH,Healthy,HIGH,True,Healthy,True,True
1150,167,70.0,HIGH,Healthy,HIGH,True,Healthy,True,True
1067,311,70.0,HIGH,Healthy,HIGH,True,Healthy,True,True
1162,313,70.0,HIGH,Healthy,HIGH,True,Healthy,True,True
1025,264,70.0,HIGH,Healthy,HIGH,True,Healthy,True,True
1100,195,70.0,HIGH,Healthy,HIGH,True,Healthy,True,True
1151,196,70.0,HIGH,Healthy,HIGH,True,Healthy,True,True
1005,220,70.0,HIGH,Healthy,HIGH,True,Healthy,True,True
1141,133,70.0,HIGH,Healthy,HIGH,True,Healthy,True,True
1073,178,70.0,HIGH,Healthy,HIGH,True,Healthy,True,True
1158,165,70.0,HIGH,Healthy,HIGH,True,Healthy,True,True
1075,347,70.0,HIGH,Healthy,HIGH,True,Healthy,True,True
1002,176,70.0,HIGH,Healthy,HIGH,True,Healthy,True,True
1082,233,70.0,HIGH,Healthy,HIGH,True,Healthy,True,True
1145,224,70.0,HIGH,Healthy,HIGH,True,Healthy,True,True
1072,149,70.0,HIGH,Healthy,HIGH,True,Healthy,True,True
1084,147,70.0,HIGH,Healthy,HIGH,True,Healthy,True,True
1147,228,70.0,HIGH,Healthy,HIGH,True,Healthy,True,True
1035,134,70.0,HIGH,Healthy,HIGH,True,Healthy,True,True
1096,90,70.0,HIGH,Healthy,HIGH,True,Healthy,True,True
1189,146,70.0,HIGH,Healthy,HIGH,True,Healthy,True,True
1061,136,70.0,HIGH,Healthy,HIGH,True,Healthy,True,True
1110,210,70.0,HIGH,Healthy,HIGH,True,Healthy,True,True
1008,230,70.0,HIGH,Healthy,HIGH,True,Healthy,True,True
1024,208,70.0,HIGH,Healthy,HIGH,True,Healthy,True,True
1155,151,70.0,HIGH,Healthy,HIGH,True,Healthy,True,True
1128,209,70.0,HIGH,Healthy,HIGH,True,Healthy,True,True
1062,271,70.0,HIGH,Healthy,HIGH,True,Healthy,True,True
1097,301,70.0,HIGH,Healthy,HIGH,True,Healthy,True,True
1033,167,70.0,HIGH,Healthy,HIGH,True,Healthy,True,True
1013,386,70.0,HIGH,Healthy,HIGH,True,Healthy,True,True
1166,312,70.0,HIGH,Healthy,HIGH,True,Healthy,True,True
1053,333,70.0,HIGH,Healthy,HIGH,True,Healthy,True,True
1129,181,70.0,HIGH,Healthy,HIGH,True,Healthy,True,True
1047,116,70.0,HIGH,Healthy,HIGH,True,Healthy,True,True
1179,217,70.0,HIGH,Healthy,HIGH,True,Healthy,True,True
1177,249,70.0,HIGH,Healthy,HIGH,True,Healthy,True,True
1104,244,70.0,HIGH,Healthy,HIGH,True,Healthy,True,True
1163,219,70.0,HIGH,Healthy,HIGH,True,Healthy,True,True
1070,358,70.0,HIGH,Healthy,HIGH,True,Healthy,True,True
1077,220,70.0,HIGH,Healthy,HIGH,True,Healthy,True,True
1153,179,70.0,HIGH,Healthy,HIGH,True,Healthy,True,True
1012,254,70.0,HIGH,Healthy,HIGH,True,Healthy,True,True
1078,97,70.0,HIGH,Healthy,HIGH,True,Healthy,True,True
1184,276,70.0,HIGH,Healthy,HIGH,True,Healthy,True,True
1120,164,70.0,HIGH,Healthy,HIGH,True,Healthy,True,True
1059,96,70.0,HIGH,Healthy,HIGH,True,Healthy,True,True
1142,78,70.0,HIGH,Healthy,HIGH,True,Healthy,True,True
1013,124,70.0,HIGH,Healthy,HIGH,True,Healthy,True,True
1117,157,70.0,HIGH,Healthy,HIGH,True,Healthy,True,True
1180,138,70.0,HIGH,Healthy,HIGH,True,Healthy,True,True
1164,95,70.0,HIGH,Healthy,HIGH,True,Healthy,True,True
1147,85,70.0,HIGH,Healthy,HIGH,True,Healthy,True,True
1083,96,70.0,HIGH,Healthy,HIGH,True,Healthy,True,True
1161,68,70.0,HIGH,Healthy,HIGH,True,Healthy,True,True
1054,176,70.0,HIGH,Healthy,HIGH,True,Healthy,True,True
1144,68,70.0,HIGH,Healthy,HIGH,True,Healthy,True,True
1081,114,70.0,HIGH,Healthy,HIGH,True,Healthy,True,True
1028,73,70.0,HIGH,Healthy,HIGH,True,Healthy,True,True
1146,92,70.0,HIGH,Healthy,HIGH,True,Healthy,True,True
1064,138,70.0,HIGH,Healthy,HIGH,True,Healthy,True,True
1119,102,70.0,HIGH,Healthy,HIGH,True,Healthy,True,True
1065,47,70.0,HIGH,Low,HIGH,True,Low,True,True
1160,134,70.0,HIGH,Healthy,HIGH,True,Healthy,True,True
1050,162,70.0,HIGH,Healthy,HIGH,True,Healthy,True,True
1055,65,70.0,HIGH,Healthy,HIGH,True,Healthy,True,True
1043,35,70.0,HIGH,Low,HIGH,True,Low,True,True
1022,69,70.0,HIGH,Healthy,HIGH,True,Healthy,True,True
1092,51,70.0,HIGH,Healthy,HIGH,True,Healthy,True,True
1059,69,70.0,HIGH,Healthy,HIGH,True,Healthy,True,True
1181,103,70.0,HIGH,Healthy,HIGH,True,Healthy,True,True
1137,103,70.0,HIGH,Healthy,HIGH,True,Healthy,True,True
1156,144,70.0,HIGH,Healthy,HIGH,True,Healthy,True,True
1090,57,70.0,HIGH,Healthy,HIGH,True,Healthy,True,True
1061,63,70.0,HIGH,Healthy,HIGH,True,Healthy,True,True
1093,162,70.0,HIGH,Healthy,HIGH,True,Healthy,True,True
1067,101,70.0,HIGH,Healthy,HIGH,True,Healthy,True,True
1170,164,70.0,HIGH,Healthy,HIGH,True,Healthy,True,True
1003,115,70.0,HIGH,Healthy,HIGH,True,Healthy,True,True
1131,71,70.0,HIGH,Healthy,HIGH,True,Healthy,True,True
1143,112,70.0,HIGH,Healthy,HIGH,True,Healthy,True,True
1154,45,70.0,HIGH,Low,HIGH,True,Low,True,True
1066,117,70.0,HIGH,Healthy,HIGH,True,Healthy,True,True
1127,188,70.0,HIGH,Healthy,HIGH,True,Healthy,True,True
1004,194,70.0,HIGH,Healthy,HIGH,True,Healthy,True,True
1007,147,70.0,HIGH,Healthy,HIGH,True,Healthy,True,True
1085,113,70.0,HIGH,Healthy,HIGH,True,Healthy,True,True
1125,125,70.0,HIGH,Healthy,HIGH,True,Healthy,True,True
1150,103,70.0,HIGH,Healthy,HIGH,True,Healthy,True,True
1114,60,70.0,HIGH,Healthy,HIGH,True,Healthy,True,True
1152,146,70.0,HIGH,Healthy,HIGH,True,Healthy,True,True
1056,104,70.0,HIGH,Healthy,HIGH,True,Healthy,True,True
1049,81,70.0,HIGH,Healthy,HIGH,True,Healthy,True,True
1017,123,70.0,HIGH,Healthy,HIGH,True,Healthy,True,True
1132,92,70.0,HIGH,Healthy,HIGH,True,Healthy,True,True
1116,115,70.0,HIGH,Healthy,HIGH,True,Healthy,True,True
1139,151,70.0,HIGH,Healthy,HIGH,True,Healthy,True,True
1009,67,70.0,HIGH,Healthy,HIGH,True,Healthy,True,True
1068,84,70.0,HIGH,Healthy,HIGH,True,Healthy,True,True
1018,113,70.0,HIGH,Healthy,HIGH,True,Healthy,True,True
1149,88,70.0,HIGH,Healthy,HIGH,True,Healthy,True,True
1025,54,70.0,HIGH,Healthy,HIGH,True,Healthy,True,True
1106,115,70.0,HIGH,Healthy,HIGH,True,Healthy,True,True
1159,79,70.0,HIGH,Healthy,HIGH,True,Healthy,True,True
1002,164,70.0,HIGH,Healthy,HIGH,True,Healthy,True,True
1053,122,70.0,HIGH,Healthy,HIGH,True,Healthy,True,True
1077,80,70.0,HIGH,Healthy,HIGH,True,Healthy,True,True
1078,63,70.0,HIGH,Healthy,HIGH,True,Healthy,True,True
1032,70,70.0,HIGH,Healthy,HIGH,True,Healthy,True,True
1010,144,70.0,HIGH,Healthy,HIGH,True,Healthy,True,True
1153,75,70.0,HIGH,Healthy,HIGH,True,Healthy,True,True
1178,185,70.0,HIGH,Healthy,HIGH,True,Healthy,True,True
1133,44,70.0,HIGH,Low,HIGH,True,Low,True,True
1171,60,70.0,HIGH,Healthy,HIGH,True,Healthy,True,True
1169,187,70.0,HIGH,Healthy,HIGH,True,Healthy,True,True
1075,149,70.0,HIGH,Healthy,HIGH,True,Healthy,True,True
1124,94,70.0,HIGH,Healthy,HIGH,True,Healthy,True,True
1165,66,70.0,HIGH,Healthy,HIGH,True,Healthy,True,True
1088,103,70.0,HIGH,Healthy,HIGH,True,Healthy,True,True
1008,111,70.0,HIGH,Healthy,HIGH,True,Healthy,True,True
1199,37,70.0,HIGH,Low,HIGH,True,Low,True,True
1186,98,70.0,HIGH,Healthy,HIGH,True,Healthy,True,True
1086,166,70.0,HIGH,Healthy,HIGH,True,Healthy,True,True
1107,69,70.0,HIGH,Healthy,HIGH,True,Healthy,True,True
1141,139,70.0,HIGH,Healthy,HIGH,True,Healthy,True,True
1182,151,70.0,HIGH,Healthy,HIGH,True,Healthy,True,True
1087,79,70.0,HIGH,Healthy,HIGH,True,Healthy,True,True
1082,81,70.0,HIGH,Healthy,HIGH,True,Healthy,True,True
1014,124,70.0,HIGH,Healthy,HIGH,True,Healthy,True,True
1048,133,70.0,HIGH,Healthy,HIGH,True,Healthy,True,True
1194,159,70.0,HIGH,Healthy,HIGH,True,Healthy,True,True
1072,96,70.0,HIGH,Healthy,HIGH,True,Healthy,True,True
1157,51,70.0,HIGH,Healthy,HIGH,True,Healthy,True,True
1021,106,70.0,HIGH,Healthy,HIGH,True,Healthy,True,True
1019,52,70.0,HIGH,Healthy,HIGH,True,Healthy,True,True
1183,56,70.0,HIGH,Healthy,HIGH,True,Healthy,True,True
1030,164,70.0,HIGH,Healthy,HIGH,True,Healthy,True,True
1069,174,70.0,HIGH,Healthy,HIGH,True,Healthy,True,True
1145,86,70.0,HIGH,Healthy,HIGH,True,Healthy,True,True
1163,55,70.0,HIGH,Healthy,HIGH,True,Healthy,True,True
1115,62,70.0,HIGH,Healthy,HIGH,True,Healthy,True,True
1101,174,70.0,HIGH,Healthy,HIGH,True,Healthy,True,True
1151,93,70.0,HIGH,Healthy,HIGH,True,Healthy,True,True
1080,102,70.0,HIGH,Healthy,HIGH,True,Healthy,True,True
1034,67,70.0,HIGH,Healthy,HIGH,True,Healthy,True,True
1095,141,70.0,HIGH,Healthy,HIGH,True,Healthy,True,True
1196,139,70.0,HIGH,Healthy,HIGH,True,Healthy,True,True
1027,169,70.0,HIGH,Healthy,HIGH,True,Healthy,True,True
1057,95,70.0,HIGH,Healthy,HIGH,True,Healthy,True,True
1016,138,70.0,HIGH,Healthy,HIGH,True,Healthy,True,True
1138,131,70.0,HIGH,Healthy,HIGH,True,Healthy,True,True
1111,142,70.0,HIGH,Healthy,HIGH,True,Healthy,True,True
1039,66,70.0,HIGH,Healthy,HIGH,True,Healthy,True,True
1046,79,70.0,HIGH,Healthy,HIGH,True,Healthy,True,True
1113,125,70.0,HIGH,Healthy,HIGH,True,Healthy,True,True
1011,57,70.0,HIGH,Healthy,HIGH,True,Healthy,True,True
1102,106,70.0,HIGH,Healthy,HIGH,True,Healthy,True,True
1047,63,70.0,HIGH,Healthy,HIGH,True,Healthy,True,True
1035,58,70.0,HIGH,Healthy,HIGH,True,Healthy,True,True
1190,100,70.0,HIGH,Healthy,HIGH,True,Healthy,True,True
1105,137,70.0,HIGH,Healthy,HIGH,True,Healthy,True,True
1193,169,70.0,HIGH,Healthy,HIGH,True,Healthy,True,True
1100,87,70.0,HIGH,Healthy,HIGH,True,Healthy,True,True
1005,110,70.0,HIGH,Healthy,HIGH,True,Healthy,True,True
1103,116,70.0,HIGH,Healthy,HIGH,True,Healthy,True,True
1167,145,70.0,HIGH,Healthy,HIGH,True,Healthy,True,True
1062,120,70.0,HIGH,Healthy,HIGH,True,Healthy,True,True
1177,78,70.0,HIGH,Healthy,HIGH,True,Healthy,True,True
1184,152,70.0,HIGH,Healthy,HIGH,True,Healthy,True,True
1173,43,70.0,HIGH,Low,HIGH,True,Low,True,True
1041,91,70.0,HIGH,Healthy,HIGH,True,Healthy,True,True
1110,196,70.0,HIGH,Healthy,HIGH,True,Healthy,True,True
1026,140,70.0,HIGH,Healthy,HIGH,True,Healthy,True,True
1198,100,70.0,HIGH,Healthy,HIGH,True,Healthy,True,True
1037,51,70.0,HIGH,Healthy,HIGH,True,Healthy,True,True
1118,103,70.0,HIGH,Healthy,HIGH,True,Healthy,True,True
1187,52,70.0,HIGH,Healthy,HIGH,True,Healthy,True,True
1079,71,70.0,HIGH,Healthy,HIGH,True,Healthy,True,True
1023,121,70.0,HIGH,Healthy,HIGH,True,Healthy,True,True
1038,41,70.0,HIGH,Low,HIGH,True,Low,True,True
1104,176,70.0,HIGH,Healthy,HIGH,True,Healthy,True,True
1166,194,70.0,HIGH,Healthy,HIGH,True,Healthy,True,True
1197,65,70.0,HIGH,Healthy,HIGH,True,Healthy,True,True
1012,194,70.0,HIGH,Healthy,HIGH,True,Healthy,True,True
1172,59,70.0,HIGH,Healthy,HIGH,True,Healthy,True,True
1176,128,70.0,HIGH,Healthy,HIGH,True,Healthy,True,True
1162,124,70.0,HIGH,Healthy,HIGH,True,Healthy,True,True
1036,79,70.0,HIGH,Healthy,HIGH,True,Healthy,True,True
1051,67,70.0,HIGH,Healthy,HIGH,True,Healthy,True,True
1122,159,70.0,HIGH,Healthy,HIGH,True,Healthy,True,True
1112,83,70.0,HIGH,Healthy,HIGH,True,Healthy,True,True
1070,126,70.0,HIGH,Healthy,HIGH,True,Healthy,True,True
1192,103,70.0,HIGH,Healthy,HIGH,True,Healthy,True,True
1175,79,70.0,HIGH,Healthy,HIGH,True,Healthy,True,True
1015,114,70.0,HIGH,Healthy,HIGH,True,Healthy,True,True
1099,78,70.0,HIGH,Healthy,HIGH,True,Healthy,True,True
1148,108,70.0,HIGH,Healthy,HIGH,True,Healthy,True,True
1097,73,70.0,HIGH,Healthy,HIGH,True,Healthy,True,True
1001,93,70.0,HIGH,Healthy,HIGH,True,Healthy,True,True
1060,83,70.0,HIGH,Healthy,HIGH,True,Healthy,True,True
1109,76,70.0,HIGH,Healthy,HIGH,True,Healthy,True,True
1174,73,70.0,HIGH,Healthy,HIGH,True,Healthy,True,True
1098,82,70.0,HIGH,Healthy,HIGH,True,Healthy,True,True
1155,82,70.0,HIGH,Healthy,HIGH,True,Healthy,True,True
1140,83,70.0,HIGH,Healthy,HIGH,True,Healthy,True,True
1108,159,70.0,HIGH,Healthy,HIGH,True,Healthy,True,True
1188,93,70.0,HIGH,Healthy,HIGH,True,Healthy,True,True
1126,155,70.0,HIGH,Healthy,HIGH,True,Healthy,True,True
1052,163,70.0,HIGH,Healthy,HIGH,True,Healthy,True,True
1089,46,70.0,HIGH,Low,HIGH,True,Low,True,True
1071,166,70.0,HIGH,Healthy,HIGH,True,Healthy,True,True
1135,68,70.0,HIGH,Healthy,HIGH,True,Healthy,True,True
1120,103,70.0,HIGH,Healthy,HIGH,True,Healthy,True,True
1195,174,70.0,HIGH,Healthy,HIGH,True,Healthy,True,True
1074,106,70.0,HIGH,Healthy,HIGH,True,Healthy,True,True
1042,123,70.0,HIGH,Healthy,HIGH,True,Healthy,True,True
1094,171,70.0,HIGH,Healthy,HIGH,True,Healthy,True,True
1129,50,70.0,HIGH,Low,HIGH,True,Low,True,True
1200,131,70.0,HIGH,Healthy,HIGH,True,Healthy,True,True
1020,128,70.0,HIGH,Healthy,HIGH,True,Healthy,True,True
1033,107,70.0,HIGH,Healthy,HIGH,True,Healthy,True,True
1091,89,70.0,HIGH,Healthy,HIGH,True,Healthy,True,True
1189,65,70.0,HIGH,Healthy,HIGH,True,Healthy,True,True
1006,160,70.0,HIGH,Healthy,HIGH,True,Healthy,True,True
1185,93,70.0,HIGH,Healthy,HIGH,True,Healthy,True,True
1044,125,70.0,HIGH,Healthy,HIGH,True,Healthy,True,True
1084,82,70.0,HIGH,Healthy,HIGH,True,Healthy,True,True
1130,137,70.0,HIGH,Healthy,HIGH,True,Healthy,True,True
1038,155,70.0,HIGH,Healthy,HIGH,True,Healthy,True,True
1133,93,70.0,HIGH,Healthy,HIGH,True,Healthy,True,True
1109,104,70.0,HIGH,Healthy,HIGH,True,Healthy,True,True
1019,128,70.0,HIGH,Healthy,HIGH,True,Healthy,True,True
1099,89,70.0,HIGH,Healthy,HIGH,True,Healthy,True,True
1070,334,70.0,HIGH,Healthy,HIGH,True,Healthy,True,True
1052,138,70.0,HIGH,Healthy,HIGH,True,Healthy,True,True
1034,161,70.0,HIGH,Healthy,HIGH,True,Healthy,True,True
1147,110,70.0,HIGH,Healthy,HIGH,True,Healthy,True,True
1143,172,70.0,HIGH,Healthy,HIGH,True,Healthy,True,True
1076,220,70.0,HIGH,Healthy,HIGH,True,Healthy,True,True
1016,114,70.0,HIGH,Healthy,HIGH,True,Healthy,True,True
1162,219,70.0,HIGH,Healthy,HIGH,True,Healthy,True,True
1145,81,70.0,HIGH,Healthy,HIGH,True,Healthy,True,True
1179,73,70.0,HIGH,Healthy,HIGH,True,Healthy,True,True
1012,115,70.0,HIGH,Healthy,HIGH,True,Healthy,True,True
1074,197,70.0,HIGH,Healthy,HIGH,True,Healthy,True,True
1049,88,70.0,HIGH,Healthy,HIGH,True,Healthy,True,True
1166,243,70.0,HIGH,Healthy,HIGH,True,Healthy,True,True
1177,186,70.0,HIGH,Healthy,HIGH,True,Healthy,True,True
1036,105,70.0,HIGH,Healthy,HIGH,True,Healthy,True,True
1135,86,70.0,HIGH,Healthy,HIGH,True,Healthy,True,True
1155,61,70.0,HIGH,Healthy,HIGH,True,Healthy,True,True
1127,135,70.0,HIGH,Healthy,HIGH,True,Healthy,True,True
1091,83,70.0,HIGH,Healthy,HIGH,True,Healthy,True,True
1056,164,70.0,HIGH,Healthy,HIGH,True,Healthy,True,True
1129,109,70.0,HIGH,Healthy,HIGH,True,Healthy,True,True
1194,213,70.0,HIGH,Healthy,HIGH,True,Healthy,True,True
1080,150,70.0,HIGH,Healthy,HIGH,True,Healthy,True,True
1125,197,70.0,HIGH,Healthy,HIGH,True,Healthy,True,True
1043,138,70.0,HIGH,Healthy,HIGH,True,Healthy,True,True
1090,164,70.0,HIGH,Healthy,HIGH,True,Healthy,True,True
1128,312,70.0,HIGH,Healthy,HIGH,True,Healthy,True,True
1084,117,70.0,HIGH,Healthy,HIGH,True,Healthy,True,True
1158,135,70.0,HIGH,Healthy,HIGH,True,Healthy,True,True
1114,144,70.0,HIGH,Healthy,HIGH,True,Healthy,True,True
1154,79,70.0,HIGH,Healthy,HIGH,True,Healthy,True,True
1057,161,70.0,HIGH,Healthy,HIGH,True,Healthy,True,True
1032,139,70.0,HIGH,Healthy,HIGH,True,Healthy,True,True
1100,89,70.0,HIGH,Healthy,HIGH,True,Healthy,True,True
1106,232,70.0,HIGH,Healthy,HIGH,True,Healthy,True,True
1104,154,70.0,HIGH,Healthy,HIGH,True,Healthy,True,True
1126,236,70.0,HIGH,Healthy,HIGH,True,Healthy,True,True
1046,161,70.0,HIGH,Healthy,HIGH,True,Healthy,True,True
1180,129,70.0,HIGH,Healthy,HIGH,True,Healthy,True,True
1040,75,70.0,HIGH,Healthy,HIGH,True,Healthy,True,True
1163,180,70.0,HIGH,Healthy,HIGH,True,Healthy,True,True
1146,138,70.0,HIGH,Healthy,HIGH,True,Healthy,True,True
1058,132,70.0,HIGH,Healthy,HIGH,True,Healthy,True,True
1131,165,70.0,HIGH,Healthy,HIGH,True,Healthy,True,True
1195,230,70.0,HIGH,Healthy,HIGH,True,Healthy,True,True
1152,120,70.0,HIGH,Healthy,HIGH,True,Healthy,True,True
1078,148,70.0,HIGH,Healthy,HIGH,True,Healthy,True,True
1055,221,70.0,HIGH,Healthy,HIGH,True,Healthy,True,True
1077,84,70.0,HIGH,Healthy,HIGH,True,Healthy,True,True
1174,100,70.0,HIGH,Healthy,HIGH,True,Healthy,True,True
1089,67,70.0,HIGH,Healthy,HIGH,True,Healthy,True,True
1051,100,70.0,HIGH,Healthy,HIGH,True,Healthy,True,True
1192,215,70.0,HIGH,Healthy,HIGH,True,Healthy,True,True
1030,171,70.0,HIGH,Healthy,HIGH,True,Healthy,True,True
1087,146,70.0,HIGH,Healthy,HIGH,True,Healthy,True,True
1151,97,70.0,HIGH,Healthy,HIGH,True,Healthy,True,True
1178,282,70.0,HIGH,Healthy,HIGH,True,Healthy,True,True
1031,173,70.0,HIGH,Healthy,HIGH,True,Healthy,True,True
1191,116,70.0,HIGH,Healthy,HIGH,True,Healthy,True,True
1072,117,70.0,HIGH,Healthy,HIGH,True,Healthy,True,True
1053,238,70.0,HIGH,Healthy,HIGH,True,Healthy,True,True
1010,211,70.0,HIGH,Healthy,HIGH,True,Healthy,True,True
1185,132,70.0,HIGH,Healthy,HIGH,True,Healthy,True,True
1044,218,70.0,HIGH,Healthy,HIGH,True,Healthy,True,True
1132,133,70.0,HIGH,Healthy,HIGH,True,Healthy,True,True
1004,192,70.0,HIGH,Healthy,HIGH,True,Healthy,True,True
1093,235,70.0,HIGH,Healthy,HIGH,True,Healthy,True,True
1183,121,70.0,HIGH,Healthy,HIGH,True,Healthy,True,True
1081,260,70.0,HIGH,Healthy,HIGH,True,Healthy,True,True
1002,206,70.0,HIGH,Healthy,HIGH,True,Healthy,True,True
1094,197,70.0,HIGH,Healthy,HIGH,True,Healthy,True,True
1098,57,70.0,HIGH,Healthy,HIGH,True,Healthy,True,True
1086,256,70.0,HIGH,Healthy,HIGH,True,Healthy,True,True
1118,157,70.0,HIGH,Healthy,HIGH,True,Healthy,True,True
1050,106,70.0,HIGH,Healthy,HIGH,True,Healthy,True,True
1170,122,70.0,HIGH,Healthy,HIGH,True,Healthy,True,True
1092,108,70.0,HIGH,Healthy,HIGH,True,Healthy,True,True
1182,208,70.0,HIGH,Healthy,HIGH,True,Healthy,True,True
1198,148,70.0,HIGH,Healthy,HIGH,True,Healthy,True,True
1150,150,70.0,HIGH,Healthy,HIGH,True,Healthy,True,True
1071,200,70.0,HIGH,Healthy,HIGH,True,Healthy,True,True
1164,72,70.0,HIGH,Healthy,HIGH,True,Healthy,True,True
1035,112,70.0,HIGH,Healthy,HIGH,True,Healthy,True,True
1083,95,70.0,HIGH,Healthy,HIGH,True,Healthy,True,True
1068,58,70.0,HIGH,Healthy,HIGH,True,Healthy,True,True
1005,127,70.0,HIGH,Healthy,HIGH,True,Healthy,True,True
1193,284,70.0,HIGH,Healthy,HIGH,True,Healthy,True,True
1003,141,70.0,HIGH,Healthy,HIGH,True,Healthy,True,True
1008,124,70.0,HIGH,Healthy,HIGH,True,Healthy,True,True
1011,160,70.0,HIGH,Healthy,HIGH,True,Healthy,True,True
1013,293,70.0,HIGH,Healthy,HIGH,True,Healthy,True,True
1028,117,70.0,HIGH,Healthy,HIGH,True,Healthy,True,True
1073,79,70.0,HIGH,Healthy,HIGH,True,Healthy,True,True
1062,136,70.0,HIGH,Healthy,HIGH,True,Healthy,True,True
1156,136,70.0,HIGH,Healthy,HIGH,True,Healthy,True,True
1017,76,70.0,HIGH,Healthy,HIGH,True,Healthy,True,True
1200,166,70.0,HIGH,Healthy,HIGH,True,Healthy,True,True
1047,195,70.0,HIGH,Healthy,HIGH,True,Healthy,True,True
1136,137,70.0,HIGH,Healthy,HIGH,True,Healthy,True,True
1123,247,70.0,HIGH,Healthy,HIGH,True,Healthy,True,True
1054,176,70.0,HIGH,Healthy,HIGH,True,Healthy,True,True
1020,205,70.0,HIGH,Healthy,HIGH,True,Healthy,True,True
1101,162,70.0,HIGH,Healthy,HIGH,True,Healthy,True,True
1103,176,70.0,HIGH,Healthy,HIGH,True,Healthy,True,True
1157,118,70.0,HIGH,Healthy,HIGH,True,Healthy,True,True
1173,151,70.0,HIGH,Healthy,HIGH,True,Healthy,True,True
1024,148,70.0,HIGH,Healthy,HIGH,True,Healthy,True,True
1029,212,70.0,HIGH,Healthy,HIGH,True,Healthy,True,True
1148,113,70.0,HIGH,Healthy,HIGH,True,Healthy,True,True
1037,152,70.0,HIGH,Healthy,HIGH,True,Healthy,True,True
1023,103,70.0,HIGH,Healthy,HIGH,True,Healthy,True,True
1112,74,70.0,HIGH,Healthy,HIGH,True,Healthy,True,True
1025,87,70.0,HIGH,Healthy,HIGH,True,Healthy,True,True
1184,231,70.0,HIGH,Healthy,HIGH,True,Healthy,True,True
1045,147,70.0,HIGH,Healthy,HIGH,True,Healthy,True,True
1137,105,70.0,HIGH,Healthy,HIGH,True,Healthy,True,True
1082,148,70.0,HIGH,Healthy,HIGH,True,Healthy,True,True
1189,60,70.0,HIGH,Healthy,HIGH,True,Healthy,True,True
1122,244,70.0,HIGH,Healthy,HIGH,True,Healthy,True,True
1088,90,70.0,HIGH,Healthy,HIGH,True,Healthy,True,True
1159,105,70.0,HIGH,Healthy,HIGH,True,Healthy,True,True
1134,108,70.0,HIGH,Healthy,HIGH,True,Healthy,True,True
1064,194,70.0,HIGH,Healthy,HIGH,True,Healthy,True,True
1041,232,70.0,HIGH,Healthy,HIGH,True,Healthy,True,True
1188,234,70.0,HIGH,Healthy,HIGH,True,Healthy,True,True
1009,82,70.0,HIGH,Healthy,HIGH,True,Healthy,True,True
1067,175,70.0,HIGH,Healthy,HIGH,True,Healthy,True,True
1167,146,70.0,HIGH,Healthy,HIGH,True,Healthy,True,True
1007,158,70.0,HIGH,Healthy,HIGH,True,Healthy,True,True
1172,77,70.0,HIGH,Healthy,HIGH,True,Healthy,True,True
1042,213,70.0,HIGH,Healthy,HIGH,True,Healthy,True,True
1063,183,70.0,HIGH,Healthy,HIGH,True,Healthy,True,True
1039,276,70.0,HIGH,Healthy,HIGH,True,Healthy,True,True
1160,179,70.0,HIGH,Healthy,HIGH,True,Healthy,True,True
1097,135,70.0,HIGH,Healthy,HIGH,True,Healthy,True,True
1124,107,70.0,HIGH,Healthy,HIGH,True,Healthy,True,True
1048,268,70.0,HIGH,Healthy,HIGH,True,Healthy,True,True
1149,84,70.0,HIGH,Healthy,HIGH,True,Healthy,True,True
1015,145,70.0,HIGH,Healthy,HIGH,True,Healthy,True,True
1176,95,70.0,HIGH,Healthy,HIGH,True,Healthy,True,True
1018,177,70.0,HIGH,Healthy,HIGH,True,Healthy,True,True
1190,219,70.0,HIGH,Healthy,HIGH,True,Healthy,True,True
1069,266,70.0,HIGH,Healthy,HIGH,True,Healthy,True,True
1060,88,70.0,HIGH,Healthy,HIGH,True,Healthy,True,True
1033,137,70.0,HIGH,Healthy,HIGH,True,Healthy,True,True
1117,110,70.0,HIGH,Healthy,HIGH,True,Healthy,True,True
1139,117,70.0,HIGH,Healthy,HIGH,True,Healthy,True,True
1027,142,70.0,HIGH,Healthy,HIGH,True,Healthy,True,True
1196,163,70.0,HIGH,Healthy,HIGH,True,Healthy,True,True
1175,161,70.0,HIGH,Healthy,HIGH,True,Healthy,True,True
1021,171,70.0,HIGH,Healthy,HIGH,True,Healthy,True,True
1065,93,70.0,HIGH,Healthy,HIGH,True,Healthy,True,True
1121,278,70.0,HIGH,Healthy,HIGH,True,Healthy,True,True
1168,207,70.0,HIGH,Healthy,HIGH,True,Healthy,True,True
1096,133,70.0,HIGH,Healthy,HIGH,True,Healthy,True,True
1140,182,70.0,HIGH,Healthy,HIGH,True,Healthy,True,True
1169,124,70.0,HIGH,Healthy,HIGH,True,Healthy,True,True
1102,118,70.0,HIGH,Healthy,HIGH,True,Healthy,True,True
1022,114,70.0,HIGH,Healthy,HIGH,True,Healthy,True,True
1186,173,70.0,HIGH,Healthy,HIGH,True,Healthy,True,True
1107,54,70.0,HIGH,Healthy,HIGH,True,Healthy,True,True
1130,244,70.0,HIGH,Healthy,HIGH,True,Healthy,True,True
1144,184,70.0,HIGH,Healthy,HIGH,True,Healthy,True,True
1199,60,70.0,HIGH,Healthy,HIGH,True,Healthy,True,True
1095,187,70.0,HIGH,Healthy,HIGH,True,Healthy,True,True
1014,208,70.0,HIGH,Healthy,HIGH,True,Healthy,True,True
1066,133,70.0,HIGH,Healthy,HIGH,True,Healthy,True,True
1026,152,70.0,HIGH,Healthy,HIGH,True,Healthy,True,True
1079,173,70.0,HIGH,Healthy,HIGH,True,Healthy,True,True
1111,197,70.0,HIGH,Healthy,HIGH,True,Healthy,True,True
1171,106,70.0,HIGH,Healthy,HIGH,True,Healthy,True,True
1115,200,70.0,HIGH,Healthy,HIGH,True,Healthy,True,True
1181,175,70.0,HIGH,Healthy,HIGH,True,Healthy,True,True
1001,69,70.0,HIGH,Healthy,HIGH,True,Healthy,True,True
1119,337,70.0,HIGH,Healthy,HIGH,True,Healthy,True,True
1153,145,70.0,HIGH,Healthy,HIGH,True,Healthy,True,True
1138,106,70.0,HIGH,Healthy,HIGH,True,Healthy,True,True
1006,189,70.0,HIGH,Healthy,HIGH,True,Healthy,True,True
1059,112,70.0,HIGH,Healthy,HIGH,True,Healthy,True,True
1110,217,70.0,HIGH,Healthy,HIGH,True,Healthy,True,True
1161,93,70.0,HIGH,Healthy,HIGH,True,Healthy,True,True
1187,217,70.0,HIGH,Healthy,HIGH,True,Healthy,True,True
1126,116,70.0,HIGH,Healthy,HIGH,True,Healthy,True,True
1133,58,70.0,HIGH,Healthy,HIGH,True,Healthy,True,True
1143,167,70.0,HIGH,Healthy,HIGH,True,Healthy,True,True
1039,123,70.0,HIGH,Healthy,HIGH,True,Healthy,True,True
1097,91,70.0,HIGH,Healthy,HIGH,True,Healthy,True,True
1159,78,70.0,HIGH,Healthy,HIGH,True,Healthy,True,True
1146,107,70.0,HIGH,Healthy,HIGH,True,Healthy,True,True
1007,110,70.0,HIGH,Healthy,HIGH,True,Healthy,True,True
1199,93,70.0,HIGH,Healthy,HIGH,True,Healthy,True,True
1165,148,70.0,HIGH,Healthy,HIGH,True,Healthy,True,True
1197,111,70.0,HIGH,Healthy,HIGH,True,Healthy,True,True
1123,152,70.0,HIGH,Healthy,HIGH,True,Healthy,True,True
1059,150,70.0,HIGH,Healthy,HIGH,True,Healthy,True,True
1194,174,70.0,HIGH,Healthy,HIGH,True,Healthy,True,True
1014,215,70.0,HIGH,Healthy,HIGH,True,Healthy,True,True
1068,134,70.0,HIGH,Healthy,HIGH,True,Healthy,True,True
1157,151,70.0,HIGH,Healthy,HIGH,True,Healthy,True,True
1045,86,70.0,HIGH,Healthy,HIGH,True,Healthy,True,True
1034,123,70.0,HIGH,Healthy,HIGH,True,Healthy,True,True
1052,252,70.0,HIGH,Healthy,HIGH,True,Healthy,True,True
1176,119,70.0,HIGH,Healthy,HIGH,True,Healthy,True,True
1114,124,70.0,HIGH,Healthy,HIGH,True,Healthy,True,True
1102,216,70.0,HIGH,Healthy,HIGH,True,Healthy,True,True
1127,257,70.0,HIGH,Healthy,HIGH,True,Healthy,True,True
1047,87,70.0,HIGH,Healthy,HIGH,True,Healthy,True,True
1048,157,70.0,HIGH,Healthy,HIGH,True,Healthy,True,True
1025,110,70.0,HIGH,Healthy,HIGH,True,Healthy,True,True
1135,148,70.0,HIGH,Healthy,HIGH,True,Healthy,True,True
1028,177,70.0,HIGH,Healthy,HIGH,True,Healthy,True,True
1056,173,70.0,HIGH,Healthy,HIGH,True,Healthy,True,True
1148,95,70.0,HIGH,Healthy,HIGH,True,Healthy,True,True
1183,135,70.0,HIGH,Healthy,HIGH,True,Healthy,True,True
1172,72,70.0,HIGH,Healthy,HIGH,True,Healthy,True,True
1006,139,70.0,HIGH,Healthy,HIGH,True,Healthy,True,True
1198,169,70.0,HIGH,Healthy,HIGH,True,Healthy,True,True
1042,186,70.0,HIGH,Healthy,HIGH,True,Healthy,True,True
1136,205,70.0,HIGH,Healthy,HIGH,True,Healthy,True,True
1002,162,70.0,HIGH,Healthy,HIGH,True,Healthy,True,True
1027,256,70.0,HIGH,Healthy,HIGH,True,Healthy,True,True
1177,247,70.0,HIGH,Healthy,HIGH,True,Healthy,True,True
1162,214,70.0,HIGH,Healthy,HIGH,True,Healthy,True,True
1182,124,70.0,HIGH,Healthy,HIGH,True,Healthy,True,True
1161,76,70.0,HIGH,Healthy,HIGH,True,Healthy,True,True
1138,149,70.0,HIGH,Healthy,HIGH,True,Healthy,True,True
1179,150,70.0,HIGH,Healthy,HIGH,True,Healthy,True,True
1093,250,70.0,HIGH,Healthy,HIGH,True,Healthy,True,True
1110,219,70.0,HIGH,Healthy,HIGH,True,Healthy,True,True
1049,95,70.0,HIGH,Healthy,HIGH,True,Healthy,True,True
1104,307,70.0,HIGH,Healthy,HIGH,True,Healthy,True,True
1065,54,70.0,HIGH,Healthy,HIGH,True,Healthy,True,True
1036,80,70.0,HIGH,Healthy,HIGH,True,Healthy,True,True
1012,111,70.0,HIGH,Healthy,HIGH,True,Healthy,True,True
1196,292,70.0,HIGH,Healthy,HIGH,True,Healthy,True,True
1010,249,70.0,HIGH,Healthy,HIGH,True,Healthy,True,True
1023,157,70.0,HIGH,Healthy,HIGH,True,Healthy,True,True
1086,306,70.0,HIGH,Healthy,HIGH,True,Healthy,True,True
1152,128,70.0,HIGH,Healthy,HIGH,True,Healthy,True,True
1141,137,70.0,HIGH,Healthy,HIGH,True,Healthy,True,True
1116,175,70.0,HIGH,Healthy,HIGH,True,Healthy,True,True
1118,222,70.0,HIGH,Healthy,HIGH,True,Healthy,True,True
1189,73,70.0,HIGH,Healthy,HIGH,True,Healthy,True,True
1064,204,70.0,HIGH,Healthy,HIGH,True,Healthy,True,True
1009,112,70.0,HIGH,Healthy,HIGH,True,Healthy,True,True
1101,262,70.0,HIGH,Healthy,HIGH,True,Healthy,True,True
1029,164,70.0,HIGH,Healthy,HIGH,True,Healthy,True,True
1075,165,70.0,HIGH,Healthy,HIGH,True,Healthy,True,True
1078,137,70.0,HIGH,Healthy,HIGH,True,Healthy,True,True
1080,143,70.0,HIGH,Healthy,HIGH,True,Healthy,True,True
1178,286,70.0,HIGH,Healthy,HIGH,True,Healthy,True,True
1113,199,70.0,HIGH,Healthy,HIGH,True,Healthy,True,True
1200,98,70.0,HIGH,Healthy,HIGH,True,Healthy,True,True
1128,152,70.0,HIGH,Healthy,HIGH,True,Healthy,True,True
1055,203,70.0,HIGH,Healthy,HIGH,True,Healthy,True,True
1125,158,70.0,HIGH,Healthy,HIGH,True,Healthy,True,True
1153,128,70.0,HIGH,Healthy,HIGH,True,Healthy,True,True
1033,108,70.0,HIGH,Healthy,HIGH,True,Healthy,True,True
1149,62,70.0,HIGH,Healthy,HIGH,True,Healthy,True,True
1054,252,70.0,HIGH,Healthy,HIGH,True,Healthy,True,True
1043,138,70.0,HIGH,Healthy,HIGH,True,Healthy,True,True
1005,147,70.0,HIGH,Healthy,HIGH,True,Healthy,True,True
1188,221,70.0,HIGH,Healthy,HIGH,True,Healthy,True,True
1121,202,70.0,HIGH,Healthy,HIGH,True,Healthy,True,True
1192,157,70.0,HIGH,Healthy,HIGH,True,Healthy,True,True
1038,94,70.0,HIGH,Healthy,HIGH,True,Healthy,True,True
1186,217,70.0,HIGH,Healthy,HIGH,True,Healthy,True,True
1132,196,70.0,HIGH,Healthy,HIGH,True,Healthy,True,True
1022,202,70.0,HIGH,Healthy,HIGH,True,Healthy,True,True
1160,234,70.0,HIGH,Healthy,HIGH,True,Healthy,True,True
1170,82,70.0,HIGH,Healthy,HIGH,True,Healthy,True,True
1030,178,70.0,HIGH,Healthy,HIGH,True,Healthy,True,True
1134,143,70.0,HIGH,Healthy,HIGH,True,Healthy,True,True
1190,127,70.0,HIGH,Healthy,HIGH,True,Healthy,True,True
1100,131,70.0,HIGH,Healthy,HIGH,True,Healthy,True,True
1169,103,70.0,HIGH,Healthy,HIGH,True,Healthy,True,True
1142,94,70.0,HIGH,Healthy,HIGH,True,Healthy,True,True
1144,172,70.0,HIGH,Healthy,HIGH,True,Healthy,True,True
1011,193,70.0,HIGH,Healthy,HIGH,True,Healthy,True,True
1094,332,70.0,HIGH,Healthy,HIGH,True,Healthy,True,True
1069,134,70.0,HIGH,Healthy,HIGH,True,Healthy,True,True
1098,146,70.0,HIGH,Healthy,HIGH,True,Healthy,True,True
1155,70,70.0,HIGH,Healthy,HIGH,True,Healthy,True,True
1060,168,70.0,HIGH,Healthy,HIGH,True,Healthy,True,True
1099,216,70.0,HIGH,Healthy,HIGH,True,Healthy,True,True
1070,131,70.0,HIGH,Healthy,HIGH,True,Healthy,True,True
1158,217,70.0,HIGH,Healthy,HIGH,True,Healthy,True,True
1008,101,70.0,HIGH,Healthy,HIGH,True,Healthy,True,True
1031,113,70.0,HIGH,Healthy,HIGH,True,Healthy,True,True
1166,228,70.0,HIGH,Healthy,HIGH,True,Healthy,True,True
1016,205,70.0,HIGH,Healthy,HIGH,True,Healthy,True,True
1195,156,70.0,HIGH,Healthy,HIGH,True,Healthy,True,True
1105,104,70.0,HIGH,Healthy,HIGH,True,Healthy,True,True
1004,244,70.0,HIGH,Healthy,HIGH,True,Healthy,True,True
1140,132,70.0,HIGH,Healthy,HIGH,True,Healthy,True,True
1171,224,70.0,HIGH,Healthy,HIGH,True,Healthy,True,True
1089,129,70.0,HIGH,Healthy,HIGH,True,Healthy,True,True
1117,215,70.0,HIGH,Healthy,HIGH,True,Healthy,True,True
1077,91,70.0,HIGH,Healthy,HIGH,True,Healthy,True,True
1154,162,70.0,HIGH,Healthy,HIGH,True,Healthy,True,True
1051,85,70.0,HIGH,Healthy,HIGH,True,Healthy,True,True
1120,169,70.0,HIGH,Healthy,HIGH,True,Healthy,True,True
1085,186,70.0,HIGH,Healthy,HIGH,True,Healthy,True,True
1091,84,70.0,HIGH,Healthy,HIGH,True,Healthy,True,True
1112,184,70.0,HIGH,Healthy,HIGH,True,Healthy,True,True
1087,175,70.0,HIGH,Healthy,HIGH,True,Healthy,True,True
1082,95,70.0,HIGH,Healthy,HIGH,True,Healthy,True,True
1084,106,70.0,HIGH,Healthy,HIGH,True,Healthy,True,True
1168,129,70.0,HIGH,Healthy,HIGH,True,Healthy,True,True
1063,263,70.0,HIGH,Healthy,HIGH,True,Healthy,True,True
1193,273,70.0,HIGH,Healthy,HIGH,True,Healthy,True,True
1015,96,70.0,HIGH,Healthy,HIGH,True,Healthy,True,True
1175,201,70.0,HIGH,Healthy,HIGH,True,Healthy,True,True
1024,306,70.0,HIGH,Healthy,HIGH,True,Healthy,True,True
1174,72,70.0,HIGH,Healthy,HIGH,True,Healthy,True,True
1001,113,70.0,HIGH,Healthy,HIGH,True,Healthy,True,True
1090,129,70.0,HIGH,Healthy,HIGH,True,Healthy,True,True
1111,239,70.0,HIGH,Healthy,HIGH,True,Healthy,True,True
1147,132,70.0,HIGH,Healthy,HIGH,True,Healthy,True,True
1032,245,70.0,HIGH,Healthy,HIGH,True,Healthy,True,True
1092,201,70.0,HIGH,Healthy,HIGH,True,Healthy,True,True
1124,203,70.0,HIGH,Healthy,HIGH,True,Healthy,True,True
1106,220,70.0,HIGH,Healthy,HIGH,True,Healthy,True,True
1083,150,70.0,HIGH,Healthy,HIGH,True,Healthy,True,True
1021,152,70.0,HIGH,Healthy,HIGH,True,Healthy,True,True
1139,82,70.0,HIGH,Healthy,HIGH,True,Healthy,True,True
1167,297,70.0,HIGH,Healthy,HIGH,True,Healthy,True,True
1076,113,70.0,HIGH,Healthy,HIGH,True,Healthy,True,True
1081,167,70.0,HIGH,Healthy,HIGH,True,Healthy,True,True
1040,68,70.0,HIGH,Healthy,HIGH,True,Healthy,True,True
1072,137,70.0,HIGH,Healthy,HIGH,True,Healthy,True,True
1088,87,70.0,HIGH,Healthy,HIGH,True,Healthy,True,True
1073,135,70.0,HIGH,Healthy,HIGH,True,Healthy,True,True
1041,155,70.0,HIGH,Healthy,HIGH,True,Healthy,True,True
1122,168,70.0,HIGH,Healthy,HIGH,True,Healthy,True,True
1130,229,70.0,HIGH,Healthy,HIGH,True,Healthy,True,True
1019,148,70.0,HIGH,Healthy,HIGH,True,Healthy,True,True
1184,237,70.0,HIGH,Healthy,HIGH,True,Healthy,True,True
1079,267,70.0,HIGH,Healthy,HIGH,True,Healthy,True,True
1020,226,70.0,HIGH,Healthy,HIGH,True,Healthy,True,True
1013,222,70.0,HIGH,Healthy,HIGH,True,Healthy,True,True
1109,157,70.0,HIGH,Healthy,HIGH,True,Healthy,True,True
1096,119,70.0,HIGH,Healthy,HIGH,True,Healthy,True,True
1156,161,70.0,HIGH,Healthy,HIGH,True,Healthy,True,True
1053,214,70.0,HIGH,Healthy,HIGH,True,Healthy,True,True
1181,168,70.0,HIGH,Healthy,HIGH,True,Healthy,True,True
1058,172,70.0,HIGH,Healthy,HIGH,True,Healthy,True,True
1074,187,70.0,HIGH,Healthy,HIGH,True,Healthy,True,True
1057,137,70.0,HIGH,Healthy,HIGH,True,Healthy,True,True
1131,174,70.0,HIGH,Healthy,HIGH,True,Healthy,True,True
1046,102,70.0,HIGH,Healthy,HIGH,True,Healthy,True,True
1137,126,70.0,HIGH,Healthy,HIGH,True,Healthy,True,True
1164,64,70.0,HIGH,Healthy,HIGH,True,Healthy,True,True
1185,152,70.0,HIGH,Healthy,HIGH,True,Healthy,True,True
1129,152,70.0,HIGH,Healthy,HIGH,True,Healthy,True,True
1151,73,70.0,HIGH,Healthy,HIGH,True,Healthy,True,True
1044,151,70.0,HIGH,Healthy,HIGH,True,Healthy,True,True
1050,133,70.0,HIGH,Healthy,HIGH,True,Healthy,True,True
1095,243,70.0,HIGH,Healthy,HIGH,True,Healthy,True,True
1035,89,70.0,HIGH,Healthy,HIGH,True,Healthy,True,True
1003,197,70.0,HIGH,Healthy,HIGH,True,Healthy,True,True
1066,193,70.0,HIGH,Healthy,HIGH,True,Healthy,True,True
1180,116,70.0,HIGH,Healthy,HIGH,True,Healthy,True,True
1018,164,70.0,HIGH,Healthy,HIGH,True,Healthy,True,True
1037,90,70.0,HIGH,Healthy,HIGH,True,Healthy,True,True
1017,123,70.0,HIGH,Healthy,HIGH,True,Healthy,True,True
1026,269,70.0,HIGH,Healthy,HIGH,True,Healthy,True,True
1173,65,70.0,HIGH,Healthy,HIGH,True,Healthy,True,True
1103,233,70.0,HIGH,Healthy,HIGH,True,Healthy,True,True
1119,182,70.0,HIGH,Healthy,HIGH,True,Healthy,True,True
1191,200,70.0,HIGH,Healthy,HIGH,True,Healthy,True,True
1145,118,70.0,HIGH,Healthy,HIGH,True,Healthy,True,True
1108,199,70.0,HIGH,Healthy,HIGH,True,Healthy,True,True
1032,88,70.0,HIGH,Healthy,HIGH,True,Healthy,True,True
1181,131,70.0,HIGH,Healthy,HIGH,True,Healthy,True,True
1101,120,70.0,HIGH,Healthy,HIGH,True,Healthy,True,True
1100,85,70.0,HIGH,Healthy,HIGH,True,Healthy,True,True
1018,104,70.0,HIGH,Healthy,HIGH,True,Healthy,True,True
1089,79,70.0,HIGH,Healthy,HIGH,True,Healthy,True,True
1160,157,70.0,HIGH,Healthy,HIGH,True,Healthy,True,True
1199,63,70.0,HIGH,Healthy,HIGH,True,Healthy,True,True
1022,50,70.0,HIGH,Low,HIGH,True,Low,True,True
1008,91,70.0,HIGH,Healthy,HIGH,True,Healthy,True,True
1023,145,70.0,HIGH,Healthy,HIGH,True,Healthy,True,True
1112,106,70.0,HIGH,Healthy,HIGH,True,Healthy,True,True
1109,70,70.0,HIGH,Healthy,HIGH,True,Healthy,True,True
1095,60,70.0,HIGH,Healthy,HIGH,True,Healthy,True,True
1076,143,70.0,HIGH,Healthy,HIGH,True,Healthy,True,True
1005,86,70.0,HIGH,Healthy,HIGH,True,Healthy,True,True
1047,69,70.0,HIGH,Healthy,HIGH,True,Healthy,True,True
1072,39,70.0,HIGH,Low,HIGH,True,Low,True,True
1113,74,70.0,HIGH,Healthy,HIGH,True,Healthy,True,True
1143,152,70.0,HIGH,Healthy,HIGH,True,Healthy,True,True
1034,91,70.0,HIGH,Healthy,HIGH,True,Healthy,True,True
1106,117,70.0,HIGH,Healthy,HIGH,True,Healthy,True,True
1006,65,70.0,HIGH,Healthy,HIGH,True,Healthy,True,True
1071,173,70.0,HIGH,Healthy,HIGH,True,Healthy,True,True
1163,53,70.0,HIGH,Healthy,HIGH,True,Healthy,True,True
1144,52,70.0,HIGH,Healthy,HIGH,True,Healthy,True,True
1182,187,70.0,HIGH,Healthy,HIGH,True,Healthy,True,True
1166,155,70.0,HIGH,Healthy,HIGH,True,Healthy,True,True
1098,81,70.0,HIGH,Healthy,HIGH,True,Healthy,True,True
1055,95,70.0,HIGH,Healthy,HIGH,True,Healthy,True,True
1078,95,70.0,HIGH,Healthy,HIGH,True,Healthy,True,True
1197,71,70.0,HIGH,Healthy,HIGH,True,Healthy,True,True
1102,131,70.0,HIGH,Healthy,HIGH,True,Healthy,True,True
1074,113,70.0,HIGH,Healthy,HIGH,True,Healthy,True,True
1002,139,70.0,HIGH,Healthy,HIGH,True,Healthy,True,True
1066,134,70.0,HIGH,Healthy,HIGH,True,Healthy,True,True
1094,162,70.0,HIGH,Healthy,HIGH,True,Healthy,True,True
1164,65,70.0,HIGH,Healthy,HIGH,True,Healthy,True,True
1012,181,70.0,HIGH,Healthy,HIGH,True,Healthy,True,True
1028,110,70.0,HIGH,Healthy,HIGH,True,Healthy,True,True
1137,70,70.0,HIGH,Healthy,HIGH,True,Healthy,True,True
1033,61,70.0,HIGH,Healthy,HIGH,True,Healthy,True,True
1085,132,70.0,HIGH,Healthy,HIGH,True,Healthy,True,True
1079,172,70.0,HIGH,Healthy,HIGH,True,Healthy,True,True
1107,82,70.0,HIGH,Healthy,HIGH,True,Healthy,True,True
1068,36,70.0,HIGH,Low,HIGH,True,Low,True,True
1175,119,70.0,HIGH,Healthy,HIGH,True,Healthy,True,True
1118,125,70.0,HIGH,Healthy,HIGH,True,Healthy,True,True
1021,178,70.0,HIGH,Healthy,HIGH,True,Healthy,True,True
1138,93,70.0,HIGH,Healthy,HIGH,True,Healthy,True,True
1198,150,70.0,HIGH,Healthy,HIGH,True,Healthy,True,True
1031,106,70.0,HIGH,Healthy,HIGH,True,Healthy,True,True
1189,82,70.0,HIGH,Healthy,HIGH,True,Healthy,True,True
1121,76,70.0,HIGH,Healthy,HIGH,True,Healthy,True,True
1177,177,70.0,HIGH,Healthy,HIGH,True,Healthy,True,True
1135,106,70.0,HIGH,Healthy,HIGH,True,Healthy,True,True
1040,91,70.0,HIGH,Healthy,HIGH,True,Healthy,True,True
1067,138,70.0,HIGH,Healthy,HIGH,True,Healthy,True,True
1004,191,70.0,HIGH,Healthy,HIGH,True,Healthy,True,True
1150,62,70.0,HIGH,Healthy,HIGH,True,Healthy,True,True
1043,40,70.0,HIGH,Low,HIGH,True,Low,True,True
1170,143,70.0,HIGH,Healthy,HIGH,True,Healthy,True,True
1057,95,70.0,HIGH,Healthy,HIGH,True,Healthy,True,True
1086,210,70.0,HIGH,Healthy,HIGH,True,Healthy,True,True
1105,71,70.0,HIGH,Healthy,HIGH,True,Healthy,True,True
1156,52,70.0,HIGH,Healthy,HIGH,True,Healthy,True,True
1075,150,70.0,HIGH,Healthy,HIGH,True,Healthy,True,True
1045,94,70.0,HIGH,Healthy,HIGH,True,Healthy,True,True
1103,106,70.0,HIGH,Healthy,HIGH,True,Healthy,True,True
1084,53,70.0,HIGH,Healthy,HIGH,True,Healthy,True,True
1176,65,70.0,HIGH,Healthy,HIGH,True,Healthy,True,True
1096,95,70.0,HIGH,Healthy,HIGH,True,Healthy,True,True
1092,47,70.0,HIGH,Low,HIGH,True,Low,True,True
1153,94,70.0,HIGH,Healthy,HIGH,True,Healthy,True,True
1052,127,70.0,HIGH,Healthy,HIGH,True,Healthy,True,True
1073,90,70.0,HIGH,Healthy,HIGH,True,Healthy,True,True
1016,160,70.0,HIGH,Healthy,HIGH,True,Healthy,True,True
1154,71,70.0,HIGH,Healthy,HIGH,True,Healthy,True,True
1186,160,70.0,HIGH,Healthy,HIGH,True,Healthy,True,True
1064,86,70.0,HIGH,Healthy,HIGH,True,Healthy,True,True
1187,121,70.0,HIGH,Healthy,HIGH,True,Healthy,True,True
1145,91,70.0,HIGH,Healthy,HIGH,True,Healthy,True,True
1009,79,70.0,HIGH,Healthy,HIGH,True,Healthy,True,True
1200,179,70.0,HIGH,Healthy,HIGH,True,Healthy,True,True
1152,126,70.0,HIGH,Healthy,HIGH,True,Healthy,True,True
1077,77,70.0,HIGH,Healthy,HIGH,True,Healthy,True,True
1130,75,70.0,HIGH,Healthy,HIGH,True,Healthy,True,True
1063,168,70.0,HIGH,Healthy,HIGH,True,Healthy,True,True
1125,106,70.0,HIGH,Healthy,HIGH,True,Healthy,True,True
1091,163,70.0,HIGH,Healthy,HIGH,True,Healthy,True,True
1171,126,70.0,HIGH,Healthy,HIGH,True,Healthy,True,True
1029,217,70.0,HIGH,Healthy,HIGH,True,Healthy,True,True
1169,89,70.0,HIGH,Healthy,HIGH,True,Healthy,True,True
1116,82,70.0,HIGH,Healthy,HIGH,True,Healthy,True,True
1044,100,70.0,HIGH,Healthy,HIGH,True,Healthy,True,True
1056,173,70.0,HIGH,Healthy,HIGH,True,Healthy,True,True
1147,159,70.0,HIGH,Healthy,HIGH,True,Healthy,True,True
1035,76,70.0,HIGH,Healthy,HIGH,True,Healthy,True,True
1129,58,70.0,HIGH,Healthy,HIGH,True,Healthy,True,True
1037,90,70.0,HIGH,Healthy,HIGH,True,Healthy,True,True
1088,76,70.0,HIGH,Healthy,HIGH,True,Healthy,True,True
1059,61,70.0,HIGH,Healthy,HIGH,True,Healthy,True,True
1053,164,70.0,HIGH,Healthy,HIGH,True,Healthy,True,True
1069,118,70.0,HIGH,Healthy,HIGH,True,Healthy,True,True
1126,175,70.0,HIGH,Healthy,HIGH,True,Healthy,True,True
1128,144,70.0,HIGH,Healthy,HIGH,True,Healthy,True,True
1090,89,70.0,HIGH,Healthy,HIGH,True,Healthy,True,True
1122,66,70.0,HIGH,Healthy,HIGH,True,Healthy,True,True
1131,159,70.0,HIGH,Healthy,HIGH,True,Healthy,True,True
1142,76,70.0,HIGH,Healthy,HIGH,True,Healthy,True,True
1019,43,70.0,HIGH,Low,HIGH,True,Low,True,True
1060,57,70.0,HIGH,Healthy,HIGH,True,Healthy,True,True
1157,102,70.0,HIGH,Healthy,HIGH,True,Healthy,True,True
1036,95,70.0,HIGH,Healthy,HIGH,True,Healthy,True,True
1178,125,70.0,HIGH,Healthy,HIGH,True,Healthy,True,True
1104,194,70.0,HIGH,Healthy,HIGH,True,Healthy,True,True
1165,105,70.0,HIGH,Healthy,HIGH,True,Healthy,True,True
1140,100,70.0,HIGH,Healthy,HIGH,True,Healthy,True,True
1192,125,70.0,HIGH,Healthy,HIGH,True,Healthy,True,True
1003,132,70.0,HIGH,Healthy,HIGH,True,Healthy,True,True
1024,85,70.0,HIGH,Healthy,HIGH,True,Healthy,True,True
1185,86,70.0,HIGH,Healthy,HIGH,True,Healthy,True,True
1025,83,70.0,HIGH,Healthy,HIGH,True,Healthy,True,True
1139,138,70.0,HIGH,Healthy,HIGH,True,Healthy,True,True
1038,63,70.0,HIGH,Healthy,HIGH,True,Healthy,True,True
1083,145,70.0,HIGH,Healthy,HIGH,True,Healthy,True,True
1136,106,70.0,HIGH,Healthy,HIGH,True,Healthy,True,True
1108,118,70.0,HIGH,Healthy,HIGH,True,Healthy,True,True
1080,131,70.0,HIGH,Healthy,HIGH,True,Healthy,True,True
1065,78,70.0,HIGH,Healthy,HIGH,True,Healthy,True,True
1180,173,70.0,HIGH,Healthy,HIGH,True,Healthy,True,True
1058,112,70.0,HIGH,Healthy,HIGH,True,Healthy,True,True
1194,90,70.0,HIGH,Healthy,HIGH,True,Healthy,True,True
1062,98,70.0,HIGH,Healthy,HIGH,True,Healthy,True,True
1013,186,70.0,HIGH,Healthy,HIGH,True,Healthy,True,True
1132,135,70.0,HIGH,Healthy,HIGH,True,Healthy,True,True
1183,95,70.0,HIGH,Healthy,HIGH,True,Healthy,True,True
1042,162,70.0,HIGH,Healthy,HIGH,True,Healthy,True,True
1041,91,70.0,HIGH,Healthy,HIGH,True,Healthy,True,True
1124,144,70.0,HIGH,Healthy,HIGH,True,Healthy,True,True
1141,122,70.0,HIGH,Healthy,HIGH,True,Healthy,True,True
1134,82,70.0,HIGH,Healthy,HIGH,True,Healthy,True,True
1119,118,70.0,HIGH,Healthy,HIGH,True,Healthy,True,True
1010,214,70.0,HIGH,Healthy,HIGH,True,Healthy,True,True
1011,77,70.0,HIGH,Healthy,HIGH,True,Healthy,True,True
1149,95,70.0,HIGH,Healthy,HIGH,True,Healthy,True,True
1017,127,70.0,HIGH,Healthy,HIGH,True,Healthy,True,True
1030,79,70.0,HIGH,Healthy,HIGH,True,Healthy,True,True
1026,110,70.0,HIGH,Healthy,HIGH,True,Healthy,True,True
1054,143,70.0,HIGH,Healthy,HIGH,True,Healthy,True,True
1158,177,70.0,HIGH,Healthy,HIGH,True,Healthy,True,True
1190,64,70.0,HIGH,Healthy,HIGH,True,Healthy,True,True
1188,161,70.0,HIGH,Healthy,HIGH,True,Healthy,True,True
1110,182,70.0,HIGH,Healthy,HIGH,True,Healthy,True,True
1097,82,70.0,HIGH,Healthy,HIGH,True,Healthy,True,True
1082,70,70.0,HIGH,Healthy,HIGH,True,Healthy,True,True
1046,107,70.0,HIGH,Healthy,HIGH,True,Healthy,True,True
1007,98,70.0,HIGH,Healthy,HIGH,True,Healthy,True,True
1120,190,70.0,HIGH,Healthy,HIGH,True,Healthy,True,True
1001,53,70.0,HIGH,Healthy,HIGH,True,Healthy,True,True
1070,129,70.0,HIGH,Healthy,HIGH,True,Healthy,True,True
1027,60,70.0,HIGH,Healthy,HIGH,True,Healthy,True,True
1196,162,70.0,HIGH,Healthy,HIGH,True,Healthy,True,True
1146,144,70.0,HIGH,Healthy,HIGH,True,Healthy,True,True
1161,100,70.0,HIGH,Healthy,HIGH,True,Healthy,True,True
1099,52,70.0,HIGH,Healthy,HIGH,True,Healthy,True,True
1117,151,70.0,HIGH,Healthy,HIGH,True,Healthy,True,True
1114,76,70.0,HIGH,Healthy,HIGH,True,Healthy,True,True
1123,93,70.0,HIGH,Healthy,HIGH,True,Healthy,True,True
1168,112,70.0,HIGH,Healthy,HIGH,True,Healthy,True,True
1035,146,70.0,HIGH,Healthy,HIGH,True,Healthy,True,True
1109,102,70.0,HIGH,Healthy,HIGH,True,Healthy,True,True
1098,149,70.0,HIGH,Healthy,HIGH,True,Healthy,True,True
1145,71,70.0,HIGH,Healthy,HIGH,True,Healthy,True,True
1013,143,70.0,HIGH,Healthy,HIGH,True,Healthy,True,True
1117,124,70.0,HIGH,Healthy,HIGH,True,Healthy,True,True
1014,99,70.0,HIGH,Healthy,HIGH,True,Healthy,True,True
1074,121,70.0,HIGH,Healthy,HIGH,True,Healthy,True,True
1060,84,70.0,HIGH,Healthy,HIGH,True,Healthy,True,True
1185,92,70.0,HIGH,Healthy,HIGH,True,Healthy,True,True
1054,240,70.0,HIGH,Healthy,HIGH,True,Healthy,True,True
1116,171,70.0,HIGH,Healthy,HIGH,True,Healthy,True,True
1163,182,70.0,HIGH,Healthy,HIGH,True,Healthy,True,True
1177,261,70.0,HIGH,Healthy,HIGH,True,Healthy,True,True
1103,135,70.0,HIGH,Healthy,HIGH,True,Healthy,True,True
1056,147,70.0,HIGH,Healthy,HIGH,True,Healthy,True,True
1101,176,70.0,HIGH,Healthy,HIGH,True,Healthy,True,True
1133,80,70.0,HIGH,Healthy,HIGH,True,Healthy,True,True
1159,118,70.0,HIGH,Healthy,HIGH,True,Healthy,True,True
1055,176,70.0,HIGH,Healthy,HIGH,True,Healthy,True,True
1110,266,70.0,HIGH,Healthy,HIGH,True,Healthy,True,True
1183,104,70.0,HIGH,Healthy,HIGH,True,Healthy,True,True
1138,166,70.0,HIGH,Healthy,HIGH,True,Healthy,True,True
1049,128,70.0,HIGH,Healthy,HIGH,True,Healthy,True,True
1152,125,70.0,HIGH,Healthy,HIGH,True,Healthy,True,True
1004,107,70.0,HIGH,Healthy,HIGH,True,Healthy,True,True
1102,201,70.0,HIGH,Healthy,HIGH,True,Healthy,True,True
1065,139,70.0,HIGH,Healthy,HIGH,True,Healthy,True,True
1175,70,70.0,HIGH,Healthy,HIGH,True,Healthy,True,True
1094,263,70.0,HIGH,Healthy,HIGH,True,Healthy,True,True
1165,102,70.0,HIGH,Healthy,HIGH,True,Healthy,True,True
1191,235,70.0,HIGH,Healthy,HIGH,True,Healthy,True,True
1115,200,70.0,HIGH,Healthy,HIGH,True,Healthy,True,True
1197,63,70.0,HIGH,Healthy,HIGH,True,Healthy,True,True
1187,155,70.0,HIGH,Healthy,HIGH,True,Healthy,True,True
1149,118,70.0,HIGH,Healthy,HIGH,True,Healthy,True,True
1170,167,70.0,HIGH,Healthy,HIGH,True,Healthy,True,True
1095,246,70.0,HIGH,Healthy,HIGH,True,Healthy,True,True
1189,84,70.0,HIGH,Healthy,HIGH,True,Healthy,True,True
1072,127,70.0,HIGH,Healthy,HIGH,True,Healthy,True,True
1059,63,70.0,HIGH,Healthy,HIGH,True,Healthy,True,True
1058,79,70.0,HIGH,Healthy,HIGH,True,Healthy,True,True
1199,95,70.0,HIGH,Healthy,HIGH,True,Healthy,True,True
1157,105,70.0,HIGH,Healthy,HIGH,True,Healthy,True,True
1039,130,70.0,HIGH,Healthy,HIGH,True,Healthy,True,True
1151,89,70.0,HIGH,Healthy,HIGH,True,Healthy,True,True
1111,105,70.0,HIGH,Healthy,HIGH,True,Healthy,True,True
1087,161,70.0,HIGH,Healthy,HIGH,True,Healthy,True,True
1063,257,70.0,HIGH,Healthy,HIGH,True,Healthy,True,True
1044,200,70.0,HIGH,Healthy,HIGH,True,Healthy,True,True
1146,223,70.0,HIGH,Healthy,HIGH,True,Healthy,True,True
1186,106,70.0,HIGH,Healthy,HIGH,True,Healthy,True,True
1168,123,70.0,HIGH,Healthy,HIGH,True,Healthy,True,True
1024,272,70.0,HIGH,Healthy,HIGH,True,Healthy,True,True
1137,100,70.0,HIGH,Healthy,HIGH,True,Healthy,True,True
1001,113,70.0,HIGH,Healthy,HIGH,True,Healthy,True,True
1167,115,70.0,HIGH,Healthy,HIGH,True,Healthy,True,True
1030,231,70.0,HIGH,Healthy,HIGH,True,Healthy,True,True
1104,249,70.0,HIGH,Healthy,HIGH,True,Healthy,True,True
1174,102,70.0,HIGH,Healthy,HIGH,True,Healthy,True,True
1155,136,70.0,HIGH,Healthy,HIGH,True,Healthy,True,True
1119,320,70.0,HIGH,Healthy,HIGH,True,Healthy,True,True
1150,127,70.0,HIGH,Healthy,HIGH,True,Healthy,True,True
1166,329,70.0,HIGH,Healthy,HIGH,True,Healthy,True,True
1075,105,70.0,HIGH,Healthy,HIGH,True,Healthy,True,True
1019,57,70.0,HIGH,Healthy,HIGH,True,Healthy,True,True
1173,110,70.0,HIGH,Healthy,HIGH,True,Healthy,True,True
1015,145,70.0,HIGH,Healthy,HIGH,True,Healthy,True,True
1031,254,70.0,HIGH,Healthy,HIGH,True,Healthy,True,True
1190,191,70.0,HIGH,Healthy,HIGH,True,Healthy,True,True
1026,258,70.0,HIGH,Healthy,HIGH,True,Healthy,True,True
1160,129,70.0,HIGH,Healthy,HIGH,True,Healthy,True,True
1169,263,70.0,HIGH,Healthy,HIGH,True,Healthy,True,True
1003,137,70.0,HIGH,Healthy,HIGH,True,Healthy,True,True
1136,107,70.0,HIGH,Healthy,HIGH,True,Healthy,True,True
1091,230,70.0,HIGH,Healthy,HIGH,True,Healthy,True,True
1009,155,70.0,HIGH,Healthy,HIGH,True,Healthy,True,True
1118,106,70.0,HIGH,Healthy,HIGH,True,Healthy,True,True
1034,136,70.0,HIGH,Healthy,HIGH,True,Healthy,True,True
1180,238,70.0,HIGH,Healthy,HIGH,True,Healthy,True,True
1121,221,70.0,HIGH,Healthy,HIGH,True,Healthy,True,True
1028,87,70.0,HIGH,Healthy,HIGH,True,Healthy,True,True
1129,128,70.0,HIGH,Healthy,HIGH,True,Healthy,True,True
1142,125,70.0,HIGH,Healthy,HIGH,True,Healthy,True,True
1066,196,70.0,HIGH,Healthy,HIGH,True,Healthy,True,True
1181,149,70.0,HIGH,Healthy,HIGH,True,Healthy,True,True
1011,178,70.0,HIGH,Healthy,HIGH,True,Healthy,True,True
1069,211,70.0,HIGH,Healthy,HIGH,True,Healthy,True,True
1008,192,70.0,HIGH,Healthy,HIGH,True,Healthy,True,True
1089,130,70.0,HIGH,Healthy,HIGH,True,Healthy,True,True
1020,256,70.0,HIGH,Healthy,HIGH,True,Healthy,True,True
1041,189,70.0,HIGH,Healthy,HIGH,True,Healthy,True,True
1106,157,70.0,HIGH,Healthy,HIGH,True,Healthy,True,True
1107,130,70.0,HIGH,Healthy,HIGH,True,Healthy,True,True
1108,235,70.0,HIGH,Healthy,HIGH,True,Healthy,True,True
1084,193,70.0,HIGH,Healthy,HIGH,True,Healthy,True,True
1022,92,70.0,HIGH,Healthy,HIGH,True,Healthy,True,True
1042,318,70.0,HIGH,Healthy,HIGH,True,Healthy,True,True
1080,162,70.0,HIGH,Healthy,HIGH,True,Healthy,True,True
1023,219,70.0,HIGH,Healthy,HIGH,True,Healthy,True,True
1036,118,70.0,HIGH,Healthy,HIGH,True,Healthy,True,True
1037,72,70.0,HIGH,Healthy,HIGH,True,Healthy,True,True
1079,202,70.0,HIGH,Healthy,HIGH,True,Healthy,True,True
1067,273,70.0,HIGH,Healthy,HIGH,True,Healthy,True,True
1052,134,70.0,HIGH,Healthy,HIGH,True,Healthy,True,True
1051,55,70.0,HIGH,Healthy,HIGH,True,Healthy,True,True
1130,240,70.0,HIGH,Healthy,HIGH,True,Healthy,True,True
1153,132,70.0,HIGH,Healthy,HIGH,True,Healthy,True,True
1148,139,70.0,HIGH,Healthy,HIGH,True,Healthy,True,True
1127,138,70.0,HIGH,Healthy,HIGH,True,Healthy,True,True
1196,275,70.0,HIGH,Healthy,HIGH,True,Healthy,True,True
1088,104,70.0,HIGH,Healthy,HIGH,True,Healthy,True,True
1114,66,70.0,HIGH,Healthy,HIGH,True,Healthy,True,True
1161,154,70.0,HIGH,Healthy,HIGH,True,Healthy,True,True
1141,280,70.0,HIGH,Healthy,HIGH,True,Healthy,True,True
1184,157,70.0,HIGH,Healthy,HIGH,True,Healthy,True,True
1073,115,70.0,HIGH,Healthy,HIGH,True,Healthy,True,True
1162,231,70.0,HIGH,Healthy,HIGH,True,Healthy,True,True
1093,211,70.0,HIGH,Healthy,HIGH,True,Healthy,True,True
1132,175,70.0,HIGH,Healthy,HIGH,True,Healthy,True,True
1172,96,70.0,HIGH,Healthy,HIGH,True,Healthy,True,True
1120,162,70.0,HIGH,Healthy,HIGH,True,Healthy,True,True
1171,224,70.0,HIGH,Healthy,HIGH,True,Healthy,True,True
1085,165,70.0,HIGH,Healthy,HIGH,True,Healthy,True,True
1188,241,70.0,HIGH,Healthy,HIGH,True,Healthy,True,True
1077,158,70.0,HIGH,Healthy,HIGH,True,Healthy,True,True
1082,178,70.0,HIGH,Healthy,HIGH,True,Healthy,True,True
1081,200,70.0,HIGH,Healthy,HIGH,True,Healthy,True,True
1053,135,70.0,HIGH,Healthy,HIGH,True,Healthy,True,True
1192,137,70.0,HIGH,Healthy,HIGH,True,Healthy,True,True
1061,104,70.0,HIGH,Healthy,HIGH,True,Healthy,True,True
1046,146,70.0,HIGH,Healthy,HIGH,True,Healthy,True,True
1027,221,70.0,HIGH,Healthy,HIGH,True,Healthy,True,True
1123,186,70.0,HIGH,Healthy,HIGH,True,Healthy,True,True
1143,146,70.0,HIGH,Healthy,HIGH,True,Healthy,True,True
1193,135,70.0,HIGH,Healthy,HIGH,True,Healthy,True,True
1017,97,70.0,HIGH,Healthy,HIGH,True,Healthy,True,True
1033,84,70.0,HIGH,Healthy,HIGH,True,Healthy,True,True
1158,203,70.0,HIGH,Healthy,HIGH,True,Healthy,True,True
1002,171,70.0,HIGH,Healthy,HIGH,True,Healthy,True,True
1006,276,70.0,HIGH,Healthy,HIGH,True,Healthy,True,True
1012,162,70.0,HIGH,Healthy,HIGH,True,Healthy,True,True
1124,152,70.0,HIGH,Healthy,HIGH,True,Healthy,True,True
1070,230,70.0,HIGH,Healthy,HIGH,True,Healthy,True,True
1112,87,70.0,HIGH,Healthy,HIGH,True,Healthy,True,True
1147,228,70.0,HIGH,Healthy,HIGH,True,Healthy,True,True
1038,69,70.0,HIGH,Healthy,HIGH,True,Healthy,True,True
1083,183,70.0,HIGH,Healthy,HIGH,True,Healthy,True,True
1100,117,70.0,HIGH,Healthy,HIGH,True,Healthy,True,True
1131,156,70.0,HIGH,Healthy,HIGH,True,Healthy,True,True
1125,160,70.0,HIGH,Healthy,HIGH,True,Healthy,True,True
1113,231,70.0,HIGH,Healthy,HIGH,True,Healthy,True,True
1128,223,70.0,HIGH,Healthy,HIGH,True,Healthy,True,True
1182,210,70.0,HIGH,Healthy,HIGH,True,Healthy,True,True
1144,133,70.0,HIGH,Healthy,HIGH,True,Healthy,True,True
1135,180,70.0,HIGH,Healthy,HIGH,True,Healthy,True,True
1016,179,70.0,HIGH,Healthy,HIGH,True,Healthy,True,True
1078,117,70.0,HIGH,Healthy,HIGH,True,Healthy,True,True
1156,154,70.0,HIGH,Healthy,HIGH,True,Healthy,True,True
1149,95,70.0,HIGH,Healthy,HIGH,True,Healthy,True,True
1189,94,70.0,HIGH,Healthy,HIGH,True,Healthy,True,True
1200,196,70.0,HIGH,Healthy,HIGH,True,Healthy,True,True
1191,195,70.0,HIGH,Healthy,HIGH,True,Healthy,True,True
1197,127,70.0,HIGH,Healthy,HIGH,True,Healthy,True,True
1165,183,70.0,HIGH,Healthy,HIGH,True,Healthy,True,True
1159,127,70.0,HIGH,Healthy,HIGH,True,Healthy,True,True
1061,217,70.0,HIGH,Healthy,HIGH,True,Healthy,True,True
1084,172,70.0,HIGH,Healthy,HIGH,True,Healthy,True,True
1011,76,70.0,HIGH,Healthy,HIGH,True,Healthy,True,True
1053,108,70.0,HIGH,Healthy,HIGH,True,Healthy,True,True
1096,71,70.0,HIGH,Healthy,HIGH,True,Healthy,True,True
1022,103,70.0,HIGH,Healthy,HIGH,True,Healthy,True,True
1156,183,70.0,HIGH,Healthy,HIGH,True,Healthy,True,True
1010,229,70.0,HIGH,Healthy,HIGH,True,Healthy,True,True
1042,205,70.0,HIGH,Healthy,HIGH,True,Healthy,True,True
1029,293,70.0,HIGH,Healthy,HIGH,True,Healthy,True,True
1153,83,70.0,HIGH,Healthy,HIGH,True,Healthy,True,True
1030,151,70.0,HIGH,Healthy,HIGH,True,Healthy,True,True
1064,223,70.0,HIGH,Healthy,HIGH,True,Healthy,True,True
1019,108,70.0,HIGH,Healthy,HIGH,True,Healthy,True,True
1056,91,70.0,HIGH,Healthy,HIGH,True,Healthy,True,True
1040,130,70.0,HIGH,Healthy,HIGH,True,Healthy,True,True
1041,189,70.0,HIGH,Healthy,HIGH,True,Healthy,True,True
1123,216,70.0,HIGH,Healthy,HIGH,True,Healthy,True,True
1171,137,70.0,HIGH,Healthy,HIGH,True,Healthy,True,True
1174,91,70.0,HIGH,Healthy,HIGH,True,Healthy,True,True
1147,175,70.0,HIGH,Healthy,HIGH,True,Healthy,True,True
1182,258,70.0,HIGH,Healthy,HIGH,True,Healthy,True,True
1138,124,70.0,HIGH,Healthy,HIGH,True,Healthy,True,True
1098,156,70.0,HIGH,Healthy,HIGH,True,Healthy,True,True
1181,160,70.0,HIGH,Healthy,HIGH,True,Healthy,True,True
1043,133,70.0,HIGH,Healthy,HIGH,True,Healthy,True,True
1199,111,70.0,HIGH,Healthy,HIGH,True,Healthy,True,True
1080,217,70.0,HIGH,Healthy,HIGH,True,Healthy,True,True
1094,312,70.0,HIGH,Healthy,HIGH,True,Healthy,True,True
1109,78,70.0,HIGH,Healthy,HIGH,True,Healthy,True,True
1127,118,70.0,HIGH,Healthy,HIGH,True,Healthy,True,True
1089,108,70.0,HIGH,Healthy,HIGH,True,Healthy,True,True
1158,194,70.0,HIGH,Healthy,HIGH,True,Healthy,True,True
1164,91,70.0,HIGH,Healthy,HIGH,True,Healthy,True,True
1037,115,70.0,HIGH,Healthy,HIGH,True,Healthy,True,True
1046,91,70.0,HIGH,Healthy,HIGH,True,Healthy,True,True
1110,174,70.0,HIGH,Healthy,HIGH,True,Healthy,True,True
1155,78,70.0,HIGH,Healthy,HIGH,True,Healthy,True,True
1157,158,70.0,HIGH,Healthy,HIGH,True,Healthy,True,True
1196,122,70.0,HIGH,Healthy,HIGH,True,Healthy,True,True
1162,151,70.0,HIGH,Healthy,HIGH,True,Healthy,True,True
1166,154,70.0,HIGH,Healthy,HIGH,True,Healthy,True,True
1026,166,70.0,HIGH,Healthy,HIGH,True,Healthy,True,True
1067,331,70.0,HIGH,Healthy,HIGH,True,Healthy,True,True
1052,139,70.0,HIGH,Healthy,HIGH,True,Healthy,True,True
1145,159,70.0,HIGH,Healthy,HIGH,True,Healthy,True,True
1009,149,70.0,HIGH,Healthy,HIGH,True,Healthy,True,True
1020,225,70.0,HIGH,Healthy,HIGH,True,Healthy,True,True
1163,190,70.0,HIGH,Healthy,HIGH,True,Healthy,True,True
1154,146,70.0,HIGH,Healthy,HIGH,True,Healthy,True,True
1039,223,70.0,HIGH,Healthy,HIGH,True,Healthy,True,True
1160,133,70.0,HIGH,Healthy,HIGH,True,Healthy,True,True
1057,120,70.0,HIGH,Healthy,HIGH,True,Healthy,True,True
1169,269,70.0,HIGH,Healthy,HIGH,True,Healthy,True,True
1087,145,70.0,HIGH,Healthy,HIGH,True,Healthy,True,True
1198,139,70.0,HIGH,Healthy,HIGH,True,Healthy,True,True
1146,206,70.0,HIGH,Healthy,HIGH,True,Healthy,True,True
1079,221,70.0,HIGH,Healthy,HIGH,True,Healthy,True,True
1170,177,70.0,HIGH,Healthy,HIGH,True,Healthy,True,True
1107,154,70.0,HIGH,Healthy,HIGH,True,Healthy,True,True
1167,152,70.0,HIGH,Healthy,HIGH,True,Healthy,True,True
1113,235,70.0,HIGH,Healthy,HIGH,True,Healthy,True,True
1143,169,70.0,HIGH,Healthy,HIGH,True,Healthy,True,True
1183,107,70.0,HIGH,Healthy,HIGH,True,Healthy,True,True
1014,98,70.0,HIGH,Healthy,HIGH,True,Healthy,True,True
1186,232,70.0,HIGH,Healthy,HIGH,True,Healthy,True,True
1117,115,70.0,HIGH,Healthy,HIGH,True,Healthy,True,True
1034,80,70.0,HIGH,Healthy,HIGH,True,Healthy,True,True
1076,269,70.0,HIGH,Healthy,HIGH,True,Healthy,True,True
1077,81,70.0,HIGH,Healthy,HIGH,True,Healthy,True,True
1095,189,70.0,HIGH,Healthy,HIGH,True,Healthy,True,True
1005,128,70.0,HIGH,Healthy,HIGH,True,Healthy,True,True
1112,94,70.0,HIGH,Healthy,HIGH,True,Healthy,True,True
1144,145,70.0,HIGH,Healthy,HIGH,True,Healthy,True,True
1121,205,70.0,HIGH,Healthy,HIGH,True,Healthy,True,True
1091,121,70.0,HIGH,Healthy,HIGH,True,Healthy,True,True
1116,94,70.0,HIGH,Healthy,HIGH,True,Healthy,True,True
1086,303,70.0,HIGH,Healthy,HIGH,True,Healthy,True,True
1134,108,70.0,HIGH,Healthy,HIGH,True,Healthy,True,True
1120,202,70.0,HIGH,Healthy,HIGH,True,Healthy,True,True
1002,114,70.0,HIGH,Healthy,HIGH,True,Healthy,True,True
1045,80,70.0,HIGH,Healthy,HIGH,True,Healthy,True,True
1063,190,70.0,HIGH,Healthy,HIGH,True,Healthy,True,True
1021,301,70.0,HIGH,Healthy,HIGH,True,Healthy,True,True
1036,55,70.0,HIGH,Healthy,HIGH,True,Healthy,True,True
1132,246,70.0,HIGH,Healthy,HIGH,True,Healthy,True,True
1172,74,70.0,HIGH,Healthy,HIGH,True,Healthy,True,True
1097,155,70.0,HIGH,Healthy,HIGH,True,Healthy,True,True
1068,120,70.0,HIGH,Healthy,HIGH,True,Healthy,True,True
1069,235,70.0,HIGH,Healthy,HIGH,True,Healthy,True,True
1004,198,70.0,HIGH,Healthy,HIGH,True,Healthy,True,True
1050,202,70.0,HIGH,Healthy,HIGH,True,Healthy,True,True
1161,151,70.0,HIGH,Healthy,HIGH,True,Healthy,True,True
1081,219,70.0,HIGH,Healthy,HIGH,True,Healthy,True,True
1070,318,70.0,HIGH,Healthy,HIGH,True,Healthy,True,True
1085,114,70.0,HIGH,Healthy,HIGH,True,Healthy,True,True
1108,245,70.0,HIGH,Healthy,HIGH,True,Healthy,True,True
1168,167,70.0,HIGH,Healthy,HIGH,True,Healthy,True,True
1073,54,70.0,HIGH,Healthy,HIGH,True,Healthy,True,True
1015,206,70.0,HIGH,Healthy,HIGH,True,Healthy,True,True
1049,131,70.0,HIGH,Healthy,HIGH,True,Healthy,True,True
1125,164,70.0,HIGH,Healthy,HIGH,True,Healthy,True,True
1129,126,70.0,HIGH,Healthy,HIGH,True,Healthy,True,True
1016,200,70.0,HIGH,Healthy,HIGH,True,Healthy,True,True
1054,127,70.0,HIGH,Healthy,HIGH,True,Healthy,True,True
1148,134,70.0,HIGH,Healthy,HIGH,True,Healthy,True,True
1111,260,70.0,HIGH,Healthy,HIGH,True,Healthy,True,True
1101,140,70.0,HIGH,Healthy,HIGH,True,Healthy,True,True
1092,172,70.0,HIGH,Healthy,HIGH,True,Healthy,True,True
1082,105,70.0,HIGH,Healthy,HIGH,True,Healthy,True,True
1032,228,70.0,HIGH,Healthy,HIGH,True,Healthy,True,True
1023,112,70.0,HIGH,Healthy,HIGH,True,Healthy,True,True
1048,241,70.0,HIGH,Healthy,HIGH,True,Healthy,True,True
1071,153,70.0,HIGH,Healthy,HIGH,True,Healthy,True,True
1078,85,70.0,HIGH,Healthy,HIGH,True,Healthy,True,True
1193,196,70.0,HIGH,Healthy,HIGH,True,Healthy,True,True
1028,200,70.0,HIGH,Healthy,HIGH,True,Healthy,True,True
1137,191,70.0,HIGH,Healthy,HIGH,True,Healthy,True,True
1072,137,70.0,HIGH,Healthy,HIGH,True,Healthy,True,True
1135,67,70.0,HIGH,Healthy,HIGH,True,Healthy,True,True
1106,94,70.0,HIGH,Healthy,HIGH,True,Healthy,True,True
1008,166,70.0,HIGH,Healthy,HIGH,True,Healthy,True,True
1099,212,70.0,HIGH,Healthy,HIGH,True,Healthy,True,True
1031,215,70.0,HIGH,Healthy,HIGH,True,Healthy,True,True
1100,127,70.0,HIGH,Healthy,HIGH,True,Healthy,True,True
1128,140,70.0,HIGH,Healthy,HIGH,True,Healthy,True,True
1192,103,70.0,HIGH,Healthy,HIGH,True,Healthy,True,True
1060,117,70.0,HIGH,Healthy,HIGH,True,Healthy,True,True
1074,165,70.0,HIGH,Healthy,HIGH,True,Healthy,True,True
1184,244,70.0,HIGH,Healthy,HIGH,True,Healthy,True,True
1103,137,70.0,HIGH,Healthy,HIGH,True,Healthy,True,True
1013,152,70.0,HIGH,Healthy,HIGH,True,Healthy,True,True
1142,53,70.0,HIGH,Healthy,HIGH,True,Healthy,True,True
1059,118,70.0,HIGH,Healthy,HIGH,True,Healthy,True,True
1024,279,70.0,HIGH,Healthy,HIGH,True,Healthy,True,True
1136,164,70.0,HIGH,Healthy,HIGH,True,Healthy,True,True
1012,172,70.0,HIGH,Healthy,HIGH,True,Healthy,True,True
1035,124,70.0,HIGH,Healthy,HIGH,True,Healthy,True,True
1093,259,70.0,HIGH,Healthy,HIGH,True,Healthy,True,True
1187,202,70.0,HIGH,Healthy,HIGH,True,Healthy,True,True
1124,207,70.0,HIGH,Healthy,HIGH,True,Healthy,True,True
1194,152,70.0,HIGH,Healthy,HIGH,True,Healthy,True,True
1001,96,70.0,HIGH,Healthy,HIGH,True,Healthy,True,True
1058,86,70.0,HIGH,Healthy,HIGH,True,Healthy,True,True
1179,166,70.0,HIGH,Healthy,HIGH,True,Healthy,True,True
1115,68,70.0,HIGH,Healthy,HIGH,True,Healthy,True,True
1003,145,70.0,HIGH,Healthy,HIGH,True,Healthy,True,True
1118,119,70.0,HIGH,Healthy,HIGH,True,Healthy,True,True
1188,186,70.0,HIGH,Healthy,HIGH,True,Healthy,True,True
1066,143,70.0,HIGH,Healthy,HIGH,True,Healthy,True,True
1114,82,70.0,HIGH,Healthy,HIGH,True,Healthy,True,True
1044,175,70.0,HIGH,Healthy,HIGH,True,Healthy,True,True
1126,181,70.0,HIGH,Healthy,HIGH,True,Healthy,True,True
1178,226,70.0,HIGH,Healthy,HIGH,True,Healthy,True,True
1065,63,70.0,HIGH,Healthy,HIGH,True,Healthy,True,True
1102,111,70.0,HIGH,Healthy,HIGH,True,Healthy,True,True
1131,227,70.0,HIGH,Healthy,HIGH,True,Healthy,True,True
1006,202,70.0,HIGH,Healthy,HIGH,True,Healthy,True,True
1185,163,70.0,HIGH,Healthy,HIGH,True,Healthy,True,True
1139,85,70.0,HIGH,Healthy,HIGH,True,Healthy,True,True
1130,164,70.0,HIGH,Healthy,HIGH,True,Healthy,True,True
1104,322,70.0,HIGH,Healthy,HIGH,True,Healthy,True,True
1027,102,70.0,HIGH,Healthy,HIGH,True,Healthy,True,True
1018,118,70.0,HIGH,Healthy,HIGH,True,Healthy,True,True
1025,186,70.0,HIGH,Healthy,HIGH,True,Healthy,True,True
1151,139,70.0,HIGH,Healthy,HIGH,True,Healthy,True,True
1190,205,70.0,HIGH,Healthy,HIGH,True,Healthy,True,True
1083,211,70.0,HIGH,Healthy,HIGH,True,Healthy,True,True
1141,205,70.0,HIGH,Healthy,HIGH,True,Healthy,True,True
1119,190,70.0,HIGH,Healthy,HIGH,True,Healthy,True,True
1173,128,70.0,HIGH,Healthy,HIGH,True,Healthy,True,True
1133,151,70.0,HIGH,Healthy,HIGH,True,Healthy,True,True
1033,131,70.0,HIGH,Healthy,HIGH,True,Healthy,True,True
1055,179,70.0,HIGH,Healthy,HIGH,True,Healthy,True,True
1017,179,70.0,HIGH,Healthy,HIGH,True,Healthy,True,True
1051,101,70.0,HIGH,Healthy,HIGH,True,Healthy,True,True
1150,100,70.0,HIGH,Healthy,HIGH,True,Healthy,True,True
1177,266,70.0,HIGH,Healthy,HIGH,True,Healthy,True,True
1105,151,70.0,HIGH,Healthy,HIGH,True,Healthy,True,True
1075,230,70.0,HIGH,Healthy,HIGH,True,Healthy,True,True
1071,280,70.0,HIGH,Healthy,HIGH,True,Healthy,True,True
1064,320,70.0,HIGH,Healthy,HIGH,True,Healthy,True,True
1118,193,70.0,HIGH,Healthy,HIGH,True,Healthy,True,True
1169,191,70.0,HIGH,Healthy,HIGH,True,Healthy,True,True
1090,256,70.0,HIGH,Healthy,HIGH,True,Healthy,True,True
1078,160,70.0,HIGH,Healthy,HIGH,True,Healthy,True,True
1006,304,70.0,HIGH,Healthy,HIGH,True,Healthy,True,True
1091,221,70.0,HIGH,Healthy,HIGH,True,Healthy,True,True
1087,320,70.0,HIGH,Healthy,HIGH,True,Healthy,True,True
1044,268,70.0,HIGH,Healthy,HIGH,True,Healthy,True,True
1072,90,70.0,HIGH,Healthy,HIGH,True,Healthy,True,True
1049,119,70.0,HIGH,Healthy,HIGH,True,Healthy,True,True
1052,211,70.0,HIGH,Healthy,HIGH,True,Healthy,True,True
1067,211,70.0,HIGH,Healthy,HIGH,True,Healthy,True,True
1170,115,70.0,HIGH,Healthy,HIGH,True,Healthy,True,True
1192,301,70.0,HIGH,Healthy,HIGH,True,Healthy,True,True
1197,126,70.0,HIGH,Healthy,HIGH,True,Healthy,True,True
1123,223,70.0,HIGH,Healthy,HIGH,True,Healthy,True,True
1178,221,70.0,HIGH,Healthy,HIGH,True,Healthy,True,True
1124,120,70.0,HIGH,Healthy,HIGH,True,Healthy,True,True
1172,84,70.0,HIGH,Healthy,HIGH,True,Healthy,True,True
1111,150,70.0,HIGH,Healthy,HIGH,True,Healthy,True,True
1004,130,70.0,HIGH,Healthy,HIGH,True,Healthy,True,True
1058,244,70.0,HIGH,Healthy,HIGH,True,Healthy,True,True
1094,254,70.0,HIGH,Healthy,HIGH,True,Healthy,True,True
1024,287,70.0,HIGH,Healthy,HIGH,True,Healthy,True,True
1034,97,70.0,HIGH,Healthy,HIGH,True,Healthy,True,True
1009,148,70.0,HIGH,Healthy,HIGH,True,Healthy,True,True
1011,178,70.0,HIGH,Healthy,HIGH,True,Healthy,True,True
1018,157,70.0,HIGH,Healthy,HIGH,True,Healthy,True,True
1081,182,70.0,HIGH,Healthy,HIGH,True,Healthy,True,True
1146,205,70.0,HIGH,Healthy,HIGH,True,Healthy,True,True
1036,147,70.0,HIGH,Healthy,HIGH,True,Healthy,True,True
1068,85,70.0,HIGH,Healthy,HIGH,True,Healthy,True,True
1060,258,70.0,HIGH,Healthy,HIGH,True,Healthy,True,True
1159,94,70.0,HIGH,Healthy,HIGH,True,Healthy,True,True
1134,140,70.0,HIGH,Healthy,HIGH,True,Healthy,True,True
1143,271,70.0,HIGH,Healthy,HIGH,True,Healthy,True,True
1084,182,70.0,HIGH,Healthy,HIGH,True,Healthy,True,True
1112,200,70.0,HIGH,Healthy,HIGH,True,Healthy,True,True
1097,341,70.0,HIGH,Healthy,HIGH,True,Healthy,True,True
1132,239,70.0,HIGH,Healthy,HIGH,True,Healthy,True,True
1190,220,70.0,HIGH,Healthy,HIGH,True,Healthy,True,True
1164,115,70.0,HIGH,Healthy,HIGH,True,Healthy,True,True
1002,281,70.0,HIGH,Healthy,HIGH,True,Healthy,True,True
1113,121,70.0,HIGH,Healthy,HIGH,True,Healthy,True,True
1083,294,70.0,HIGH,Healthy,HIGH,True,Healthy,True,True
1099,291,70.0,HIGH,Healthy,HIGH,True,Healthy,True,True
1185,213,70.0,HIGH,Healthy,HIGH,True,Healthy,True,True
1042,295,70.0,HIGH,Healthy,HIGH,True,Healthy,True,True
1076,121,70.0,HIGH,Healthy,HIGH,True,Healthy,True,True
1014,284,70.0,HIGH,Healthy,HIGH,True,Healthy,True,True
1102,252,70.0,HIGH,Healthy,HIGH,True,Healthy,True,True
1151,110,70.0,HIGH,Healthy,HIGH,True,Healthy,True,True
1147,195,70.0,HIGH,Healthy,HIGH,True,Healthy,True,True
1199,206,70.0,HIGH,Healthy,HIGH,True,Healthy,True,True
1183,98,70.0,HIGH,Healthy,HIGH,True,Healthy,True,True
1186,252,70.0,HIGH,Healthy,HIGH,True,Healthy,True,True
1144,197,70.0,HIGH,Healthy,HIGH,True,Healthy,True,True
1039,340,70.0,HIGH,Healthy,HIGH,True,Healthy,True,True
1027,345,70.0,HIGH,Healthy,HIGH,True,Healthy,True,True
1125,152,70.0,HIGH,Healthy,HIGH,True,Healthy,True,True
1179,134,70.0,HIGH,Healthy,HIGH,True,Healthy,True,True
1074,241,70.0,HIGH,Healthy,HIGH,True,Healthy,True,True
1128,295,70.0,HIGH,Healthy,HIGH,True,Healthy,True,True
1166,209,70.0,HIGH,Healthy,HIGH,True,Healthy,True,True
1189,122,70.0,HIGH,Healthy,HIGH,True,Healthy,True,True
1165,210,70.0,HIGH,Healthy,HIGH,True,Healthy,True,True
1055,117,70.0,HIGH,Healthy,HIGH,True,Healthy,True,True
1104,151,70.0,HIGH,Healthy,HIGH,True,Healthy,True,True
1021,206,70.0,HIGH,Healthy,HIGH,True,Healthy,True,True
1008,206,70.0,HIGH,Healthy,HIGH,True,Healthy,True,True
1059,119,70.0,HIGH,Healthy,HIGH,True,Healthy,True,True
1109,207,70.0,HIGH,Healthy,HIGH,True,Healthy,True,True
1187,130,70.0,HIGH,Healthy,HIGH,True,Healthy,True,True
1023,188,70.0,HIGH,Healthy,HIGH,True,Healthy,True,True
1184,145,70.0,HIGH,Healthy,HIGH,True,Healthy,True,True
1162,161,70.0,HIGH,Healthy,HIGH,True,Healthy,True,True
1131,317,70.0,HIGH,Healthy,HIGH,True,Healthy,True,True
1100,146,70.0,HIGH,Healthy,HIGH,True,Healthy,True,True
1073,105,70.0,HIGH,Healthy,HIGH,True,Healthy,True,True
1054,257,70.0,HIGH,Healthy,HIGH,True,Healthy,True,True
1168,150,70.0,HIGH,Healthy,HIGH,True,Healthy,True,True
1180,231,70.0,HIGH,Healthy,HIGH,True,Healthy,True,True
1053,281,70.0,HIGH,Healthy,HIGH,True,Healthy,True,True
1176,148,70.0,HIGH,Healthy,HIGH,True,Healthy,True,True
1092,259,70.0,HIGH,Healthy,HIGH,True,Healthy,True,True
1122,247,70.0,HIGH,Healthy,HIGH,True,Healthy,True,True
1196,168,70.0,HIGH,Healthy,HIGH,True,Healthy,True,True
1047,214,70.0,HIGH,Healthy,HIGH,True,Healthy,True,True
1022,105,70.0,HIGH,Healthy,HIGH,True,Healthy,True,True
1182,227,70.0,HIGH,Healthy,HIGH,True,Healthy,True,True
1140,225,70.0,HIGH,Healthy,HIGH,True,Healthy,True,True
1069,311,70.0,HIGH,Healthy,HIGH,True,Healthy,True,True
1010,182,70.0,HIGH,Healthy,HIGH,True,Healthy,True,True
1198,207,70.0,HIGH,Healthy,HIGH,True,Healthy,True,True
1121,224,70.0,HIGH,Healthy,HIGH,True,Healthy,True,True
1149,205,70.0,HIGH,Healthy,HIGH,True,Healthy,True,True
1174,182,70.0,HIGH,Healthy,HIGH,True,Healthy,True,True
1108,224,70.0,HIGH,Healthy,HIGH,True,Healthy,True,True
1194,146,70.0,HIGH,Healthy,HIGH,True,Healthy,True,True
1019,96,70.0,HIGH,Healthy,HIGH,True,Healthy,True,True
1156,114,70.0,HIGH,Healthy,HIGH,True,Healthy,True,True
1066,240,70.0,HIGH,Healthy,HIGH,True,Healthy,True,True
1033,172,70.0,HIGH,Healthy,HIGH,True,Healthy,True,True
1005,230,70.0,HIGH,Healthy,HIGH,True,Healthy,True,True
1152,223,70.0,HIGH,Healthy,HIGH,True,Healthy,True,True
1095,216,70.0,HIGH,Healthy,HIGH,True,Healthy,True,True
1142,170,70.0,HIGH,Healthy,HIGH,True,Healthy,True,True
1051,98,70.0,HIGH,Healthy,HIGH,True,Healthy,True,True
1003,212,70.0,HIGH,Healthy,HIGH,True,Healthy,True,True
1089,102,70.0,HIGH,Healthy,HIGH,True,Healthy,True,True
1171,165,70.0,HIGH,Healthy,HIGH,True,Healthy,True,True
1098,98,70.0,HIGH,Healthy,HIGH,True,Healthy,True,True
1016,367,70.0,HIGH,Healthy,HIGH,True,Healthy,True,True
1110,397,70.0,HIGH,Healthy,HIGH,True,Healthy,True,True
1160,132,70.0,HIGH,Healthy,HIGH,True,Healthy,True,True
1075,225,70.0,HIGH,Healthy,HIGH,True,Healthy,True,True
1135,254,70.0,HIGH,Healthy,HIGH,True,Healthy,True,True
1114,166,70.0,HIGH,Healthy,HIGH,True,Healthy,True,True
1127,225,70.0,HIGH,Healthy,HIGH,True,Healthy,True,True
1161,191,70.0,HIGH,Healthy,HIGH,True,Healthy,True,True
1200,346,70.0,HIGH,Healthy,HIGH,True,Healthy,True,True
1040,151,70.0,HIGH,Healthy,HIGH,True,Healthy,True,True
1038,117,70.0,HIGH,Healthy,HIGH,True,Healthy,True,True
1167,221,70.0,HIGH,Healthy,HIGH,True,Healthy,True,True
1029,319,70.0,HIGH,Healthy,HIGH,True,Healthy,True,True
1148,199,70.0,HIGH,Healthy,HIGH,True,Healthy,True,True
1101,171,70.0,HIGH,Healthy,HIGH,True,Healthy,True,True
1061,173,70.0,HIGH,Healthy,HIGH,True,Healthy,True,True
1028,160,70.0,HIGH,Healthy,HIGH,True,Healthy,True,True
1086,414,70.0,HIGH,Healthy,HIGH,True,Healthy,True,True
1106,336,70.0,HIGH,Healthy,HIGH,True,Healthy,True,True
1007,225,70.0,HIGH,Healthy,HIGH,True,Healthy,True,True
1045,208,70.0,HIGH,Healthy,HIGH,True,Healthy,True,True
1032,199,70.0,HIGH,Healthy,HIGH,True,Healthy,True,True
1050,125,70.0,HIGH,Healthy,HIGH,True,Healthy,True,True
1141,246,70.0,HIGH,Healthy,HIGH,True,Healthy,True,True
1031,201,70.0,HIGH,Healthy,HIGH,True,Healthy,True,True
1120,419,70.0,HIGH,Healthy,HIGH,True,Healthy,True,True
1158,218,70.0,HIGH,Healthy,HIGH,True,Healthy,True,True
1137,209,70.0,HIGH,Healthy,HIGH,True,Healthy,True,True
1001,195,70.0,HIGH,Healthy,HIGH,True,Healthy,True,True
1191,135,70.0,HIGH,Healthy,HIGH,True,Healthy,True,True
1048,141,70.0,HIGH,Healthy,HIGH,True,Healthy,True,True
1103,204,70.0,HIGH,Healthy,HIGH,True,Healthy,True,True
1126,295,70.0,HIGH,Healthy,HIGH,True,Healthy,True,True
1107,175,70.0,HIGH,Healthy,HIGH,True,Healthy,True,True
1145,184,70.0,HIGH,Healthy,HIGH,True,Healthy,True,True
1088,158,70.0,HIGH,Healthy,HIGH,True,Healthy,True,True
1155,80,70.0,HIGH,Healthy,HIGH,True,Healthy,True,True
1057,308,70.0,HIGH,Healthy,HIGH,True,Healthy,True,True
1065,122,70.0,HIGH,Healthy,HIGH,True,Healthy,True,True
1063,193,70.0,HIGH,Healthy,HIGH,True,Healthy,True,True
1193,233,70.0,HIGH,Healthy,HIGH,True,Healthy,True,True
1129,159,70.0,HIGH,Healthy,HIGH,True,Healthy,True,True
1154,144,70.0,HIGH,Healthy,HIGH,True,Healthy,True,True
1188,232,70.0,HIGH,Healthy,HIGH,True,Healthy,True,True
1043,181,70.0,HIGH,Healthy,HIGH,True,Healthy,True,True
1062,237,70.0,HIGH,Healthy,HIGH,True,Healthy,True,True
1025,248,70.0,HIGH,Healthy,HIGH,True,Healthy,True,True
1177,322,70.0,HIGH,Healthy,HIGH,True,Healthy,True,True
1013,197,70.0,HIGH,Healthy,HIGH,True,Healthy,True,True
1150,86,70.0,HIGH,Healthy,HIGH,True,Healthy,True,True
1046,129,70.0,HIGH,Healthy,HIGH,True,Healthy,True,True
1116,150,70.0,HIGH,Healthy,HIGH,True,Healthy,True,True
1181,208,70.0,HIGH,Healthy,HIGH,True,Healthy,True,True
1163,194,70.0,HIGH,Healthy,HIGH,True,Healthy,True,True
1184,168,70.0,HIGH,Healthy,HIGH,True,Healthy,True,True
1120,134,70.0,HIGH,Healthy,HIGH,True,Healthy,True,True
1091,145,70.0,HIGH,Healthy,HIGH,True,Healthy,True,True
1178,210,70.0,HIGH,Healthy,HIGH,True,Healthy,True,True
1169,123,70.0,HIGH,Healthy,HIGH,True,Healthy,True,True
1082,173,70.0,HIGH,Healthy,HIGH,True,Healthy,True,True
1188,221,70.0,HIGH,Healthy,HIGH,True,Healthy,True,True
1040,87,70.0,HIGH,Healthy,HIGH,True,Healthy,True,True
1190,146,70.0,HIGH,Healthy,HIGH,True,Healthy,True,True
1058,202,70.0,HIGH,Healthy,HIGH,True,Healthy,True,True
1165,153,70.0,HIGH,Healthy,HIGH,True,Healthy,True,True
1010,177,70.0,HIGH,Healthy,HIGH,True,Healthy,True,True
1163,121,70.0,HIGH,Healthy,HIGH,True,Healthy,True,True
1025,91,70.0,HIGH,Healthy,HIGH,True,Healthy,True,True
1154,184,70.0,HIGH,Healthy,HIGH,True,Healthy,True,True
1162,95,70.0,HIGH,Healthy,HIGH,True,Healthy,True,True
1052,147,70.0,HIGH,Healthy,HIGH,True,Healthy,True,True
1131,138,70.0,HIGH,Healthy,HIGH,True,Healthy,True,True
1080,268,70.0,HIGH,Healthy,HIGH,True,Healthy,True,True
1155,112,70.0,HIGH,Healthy,HIGH,True,Healthy,True,True
1136,76,70.0,HIGH,Healthy,HIGH,True,Healthy,True,True
1158,152,70.0,HIGH,Healthy,HIGH,True,Healthy,True,True
1070,332,70.0,HIGH,Healthy,HIGH,True,Healthy,True,True
1113,196,70.0,HIGH,Healthy,HIGH,True,Healthy,True,True
1102,170,70.0,HIGH,Healthy,HIGH,True,Healthy,True,True
1039,225,70.0,HIGH,Healthy,HIGH,True,Healthy,True,True
1130,130,70.0,HIGH,Healthy,HIGH,True,Healthy,True,True
1146,119,70.0,HIGH,Healthy,HIGH,True,Healthy,True,True
1159,105,70.0,HIGH,Healthy,HIGH,True,Healthy,True,True
1073,132,70.0,HIGH,Healthy,HIGH,True,Healthy,True,True
1017,138,70.0,HIGH,Healthy,HIGH,True,Healthy,True,True
1161,110,70.0,HIGH,Healthy,HIGH,True,Healthy,True,True
1109,89,70.0,HIGH,Healthy,HIGH,True,Healthy,True,True
1081,144,70.0,HIGH,Healthy,HIGH,True,Healthy,True,True
1168,200,70.0,HIGH,Healthy,HIGH,True,Healthy,True,True
1123,177,70.0,HIGH,Healthy,HIGH,True,Healthy,True,True
1108,210,70.0,HIGH,Healthy,HIGH,True,Healthy,True,True
1167,285,70.0,HIGH,Healthy,HIGH,True,Healthy,True,True
1127,168,70.0,HIGH,Healthy,HIGH,True,Healthy,True,True
1199,54,70.0,HIGH,Healthy,HIGH,True,Healthy,True,True
1197,110,70.0,HIGH,Healthy,HIGH,True,Healthy,True,True
1036,74,70.0,HIGH,Healthy,HIGH,True,Healthy,True,True
1119,266,70.0,HIGH,Healthy,HIGH,True,Healthy,True,True
1122,182,70.0,HIGH,Healthy,HIGH,True,Healthy,True,True
1012,250,70.0,HIGH,Healthy,HIGH,True,Healthy,True,True
1111,218,70.0,HIGH,Healthy,HIGH,True,Healthy,True,True
1147,189,70.0,HIGH,Healthy,HIGH,True,Healthy,True,True
1182,145,70.0,HIGH,Healthy,HIGH,True,Healthy,True,True
1110,183,70.0,HIGH,Healthy,HIGH,True,Healthy,True,True
1156,217,70.0,HIGH,Healthy,HIGH,True,Healthy,True,True
1148,193,70.0,HIGH,Healthy,HIGH,True,Healthy,True,True
1125,110,70.0,HIGH,Healthy,HIGH,True,Healthy,True,True
1077,190,70.0,HIGH,Healthy,HIGH,True,Healthy,True,True
1034,187,70.0,HIGH,Healthy,HIGH,True,Healthy,True,True
1029,258,70.0,HIGH,Healthy,HIGH,True,Healthy,True,True
1072,99,70.0,HIGH,Healthy,HIGH,True,Healthy,True,True
1074,197,70.0,HIGH,Healthy,HIGH,True,Healthy,True,True
1100,99,70.0,HIGH,Healthy,HIGH,True,Healthy,True,True
1141,216,70.0,HIGH,Healthy,HIGH,True,Healthy,True,True
1183,110,70.0,HIGH,Healthy,HIGH,True,Healthy,True,True
1045,121,70.0,HIGH,Healthy,HIGH,True,Healthy,True,True
1145,70,70.0,HIGH,Healthy,HIGH,True,Healthy,True,True
1187,151,70.0,HIGH,Healthy,HIGH,True,Healthy,True,True
1186,146,70.0,HIGH,Healthy,HIGH,True,Healthy,True,True
1144,165,70.0,HIGH,Healthy,HIGH,True,Healthy,True,True
1065,100,70.0,HIGH,Healthy,HIGH,True,Healthy,True,True
1103,205,70.0,HIGH,Healthy,HIGH,True,Healthy,True,True
1174,133,70.0,HIGH,Healthy,HIGH,True,Healthy,True,True
1056,154,70.0,HIGH,Healthy,HIGH,True,Healthy,True,True
1041,188,70.0,HIGH,Healthy,HIGH,True,Healthy,True,True
1149,138,70.0,HIGH,Healthy,HIGH,True,Healthy,True,True
1033,117,70.0,HIGH,Healthy,HIGH,True,Healthy,True,True
1175,146,70.0,HIGH,Healthy,HIGH,True,Healthy,True,True
1007,151,70.0,HIGH,Healthy,HIGH,True,Healthy,True,True
1198,204,70.0,HIGH,Healthy,HIGH,True,Healthy,True,True
1067,114,70.0,HIGH,Healthy,HIGH,True,Healthy,True,True
1160,104,70.0,HIGH,Healthy,HIGH,True,Healthy,True,True
1094,261,70.0,HIGH,Healthy,HIGH,True,Healthy,True,True
1076,257,70.0,HIGH,Healthy,HIGH,True,Healthy,True,True
1019,103,70.0,HIGH,Healthy,HIGH,True,Healthy,True,True
1064,251,70.0,HIGH,Healthy,HIGH,True,Healthy,True,True
1181,142,70.0,HIGH,Healthy,HIGH,True,Healthy,True,True
1128,292,70.0,HIGH,Healthy,HIGH,True,Healthy,True,True
1009,143,70.0,HIGH,Healthy,HIGH,True,Healthy,True,True
1083,83,70.0,HIGH,Healthy,HIGH,True,Healthy,True,True
1013,279,70.0,HIGH,Healthy,HIGH,True,Healthy,True,True
1193,189,70.0,HIGH,Healthy,HIGH,True,Healthy,True,True
1006,136,70.0,HIGH,Healthy,HIGH,True,Healthy,True,True
1005,95,70.0,HIGH,Healthy,HIGH,True,Healthy,True,True
1047,97,70.0,HIGH,Healthy,HIGH,True,Healthy,True,True
1002,147,70.0,HIGH,Healthy,HIGH,True,Healthy,True,True
1126,139,70.0,HIGH,Healthy,HIGH,True,Healthy,True,True
1099,134,70.0,HIGH,Healthy,HIGH,True,Healthy,True,True
1028,94,70.0,HIGH,Healthy,HIGH,True,Healthy,True,True
1166,233,70.0,HIGH,Healthy,HIGH,True,Healthy,True,True
1134,160,70.0,HIGH,Healthy,HIGH,True,Healthy,True,True
1003,93,70.0,HIGH,Healthy,HIGH,True,Healthy,True,True
1021,318,70.0,HIGH,Healthy,HIGH,True,Healthy,True,True
1057,271,70.0,HIGH,Healthy,HIGH,True,Healthy,True,True
1004,253,70.0,HIGH,Healthy,HIGH,True,Healthy,True,True
1023,222,70.0,HIGH,Healthy,HIGH,True,Healthy,True,True
1157,85,70.0,HIGH,Healthy,HIGH,True,Healthy,True,True
1092,166,70.0,HIGH,Healthy,HIGH,True,Healthy,True,True
1153,67,70.0,HIGH,Healthy,HIGH,True,Healthy,True,True
1093,268,70.0,HIGH,Healthy,HIGH,True,Healthy,True,True
1140,134,70.0,HIGH,Healthy,HIGH,True,Healthy,True,True
1171,178,70.0,HIGH,Healthy,HIGH,True,Healthy,True,True
1085,158,70.0,HIGH,Healthy,HIGH,True,Healthy,True,True
1185,205,70.0,HIGH,Healthy,HIGH,True,Healthy,True,True
1015,147,70.0,HIGH,Healthy,HIGH,True,Healthy,True,True
1117,148,70.0,HIGH,Healthy,HIGH,True,Healthy,True,True
1030,157,70.0,HIGH,Healthy,HIGH,True,Healthy,True,True
1022,113,70.0,HIGH,Healthy,HIGH,True,Healthy,True,True
1069,199,70.0,HIGH,Healthy,HIGH,True,Healthy,True,True
1133,75,70.0,HIGH,Healthy,HIGH,True,Healthy,True,True
1024,270,70.0,HIGH,Healthy,HIGH,True,Healthy,True,True
1132,189,70.0,HIGH,Healthy,HIGH,True,Healthy,True,True
1097,131,70.0,HIGH,Healthy,HIGH,True,Healthy,True,True
1062,142,70.0,HIGH,Healthy,HIGH,True,Healthy,True,True
1124,145,70.0,HIGH,Healthy,HIGH,True,Healthy,True,True
1043,106,70.0,HIGH,Healthy,HIGH,True,Healthy,True,True
1086,255,70.0,HIGH,Healthy,HIGH,True,Healthy,True,True
1014,132,70.0,HIGH,Healthy,HIGH,True,Healthy,True,True
1172,131,70.0,HIGH,Healthy,HIGH,True,Healthy,True,True
1090,201,70.0,HIGH,Healthy,HIGH,True,Healthy,True,True
1054,99,70.0,HIGH,Healthy,HIGH,True,Healthy,True,True
1095,194,70.0,HIGH,Healthy,HIGH,True,Healthy,True,True
1031,133,70.0,HIGH,Healthy,HIGH,True,Healthy,True,True
1138,95,70.0,HIGH,Healthy,HIGH,True,Healthy,True,True
1096,64,70.0,HIGH,Healthy,HIGH,True,Healthy,True,True
1114,138,70.0,HIGH,Healthy,HIGH,True,Healthy,True,True
1151,77,70.0,HIGH,Healthy,HIGH,True,Healthy,True,True
1053,228,70.0,HIGH,Healthy,HIGH,True,Healthy,True,True
1042,239,70.0,HIGH,Healthy,HIGH,True,Healthy,True,True
1046,179,70.0,HIGH,Healthy,HIGH,True,Healthy,True,True
1098,85,70.0,HIGH,Healthy,HIGH,True,Healthy,True,True
1180,137,70.0,HIGH,Healthy,HIGH,True,Healthy,True,True
1200,147,70.0,HIGH,Healthy,HIGH,True,Healthy,True,True
1027,180,70.0,HIGH,Healthy,HIGH,True,Healthy,True,True
1008,113,70.0,HIGH,Healthy,HIGH,True,Healthy,True,True
1001,90,70.0,HIGH,Healthy,HIGH,True,Healthy,True,True
1195,200,70.0,HIGH,Healthy,HIGH,True,Healthy,True,True
1075,135,70.0,HIGH,Healthy,HIGH,True,Healthy,True,True
1049,88,70.0,HIGH,Healthy,HIGH,True,Healthy,True,True
1035,73,70.0,HIGH,Healthy,HIGH,True,Healthy,True,True
1063,189,70.0,HIGH,Healthy,HIGH,True,Healthy,True,True
1142,65,70.0,HIGH,Healthy,HIGH,True,Healthy,True,True
1018,107,70.0,HIGH,Healthy,HIGH,True,Healthy,True,True
1068,81,70.0,HIGH,Healthy,HIGH,True,Healthy,True,True
1088,127,70.0,HIGH,Healthy,HIGH,True,Healthy,True,True
1044,199,70.0,HIGH,Healthy,HIGH,True,Healthy,True,True
1189,53,70.0,HIGH,Healthy,HIGH,True,Healthy,True,True
1060,152,70.0,HIGH,Healthy,HIGH,True,Healthy,True,True
1115,94,70.0,HIGH,Healthy,HIGH,True,Healthy,True,True
1087,142,70.0,HIGH,Healthy,HIGH,True,Healthy,True,True
1152,95,70.0,HIGH,Healthy,HIGH,True,Healthy,True,True
1112,113,70.0,HIGH,Healthy,HIGH,True,Healthy,True,True
1051,102,70.0,HIGH,Healthy,HIGH,True,Healthy,True,True
1129,136,70.0,HIGH,Healthy,HIGH,True,Healthy,True,True
1107,145,70.0,HIGH,Healthy,HIGH,True,Healthy,True,True
1015,95,70.0,HIGH,Healthy,HIGH,True,Healthy,True,True
1041,147,70.0,HIGH,Healthy,HIGH,True,Healthy,True,True
1169,79,70.0,HIGH,Healthy,HIGH,True,Healthy,True,True
1173,100,70.0,HIGH,Healthy,HIGH,True,Healthy,True,True
1058,137,70.0,HIGH,Healthy,HIGH,True,Healthy,True,True
1002,106,70.0,HIGH,Healthy,HIGH,True,Healthy,True,True
1066,130,70.0,HIGH,Healthy,HIGH,True,Healthy,True,True
1115,134,70.0,HIGH,Healthy,HIGH,True,Healthy,True,True
1105,150,70.0,HIGH,Healthy,HIGH,True,Healthy,True,True
1200,124,70.0,HIGH,Healthy,HIGH,True,Healthy,True,True
1009,82,70.0,HIGH,Healthy,HIGH,True,Healthy,True,True
1127,88,70.0,HIGH,Healthy,HIGH,True,Healthy,True,True
1038,96,70.0,HIGH,Healthy,HIGH,True,Healthy,True,True
1004,97,70.0,HIGH,Healthy,HIGH,True,Healthy,True,True
1091,63,70.0,HIGH,Healthy,HIGH,True,Healthy,True,True
1133,52,70.0,HIGH,Healthy,HIGH,True,Healthy,True,True
1014,143,70.0,HIGH,Healthy,HIGH,True,Healthy,True,True
1006,98,70.0,HIGH,Healthy,HIGH,True,Healthy,True,True
1190,98,70.0,HIGH,Healthy,HIGH,True,Healthy,True,True
1125,125,70.0,HIGH,Healthy,HIGH,True,Healthy,True,True
1148,86,70.0,HIGH,Healthy,HIGH,True,Healthy,True,True
1005,89,70.0,HIGH,Healthy,HIGH,True,Healthy,True,True
1167,127,70.0,HIGH,Healthy,HIGH,True,Healthy,True,True
1100,55,70.0,HIGH,Healthy,HIGH,True,Healthy,True,True
1089,77,70.0,HIGH,Healthy,HIGH,True,Healthy,True,True
1084,89,70.0,HIGH,Healthy,HIGH,True,Healthy,True,True
1121,162,70.0,HIGH,Healthy,HIGH,True,Healthy,True,True
1152,86,70.0,HIGH,Healthy,HIGH,True,Healthy,True,True
1168,126,70.0,HIGH,Healthy,HIGH,True,Healthy,True,True
1156,103,70.0,HIGH,Healthy,HIGH,True,Healthy,True,True
1176,100,70.0,HIGH,Healthy,HIGH,True,Healthy,True,True
1199,79,70.0,HIGH,Healthy,HIGH,True,Healthy,True,True
1065,81,70.0,HIGH,Healthy,HIGH,True,Healthy,True,True
1196,190,70.0,HIGH,Healthy,HIGH,True,Healthy,True,True
1188,205,70.0,HIGH,Healthy,HIGH,True,Healthy,True,True
1063,140,70.0,HIGH,Healthy,HIGH,True,Healthy,True,True
1035,69,70.0,HIGH,Healthy,HIGH,True,Healthy,True,True
1119,79,70.0,HIGH,Healthy,HIGH,True,Healthy,True,True
1140,82,70.0,HIGH,Healthy,HIGH,True,Healthy,True,True
1154,64,70.0,HIGH,Healthy,HIGH,True,Healthy,True,True
1099,65,70.0,HIGH,Healthy,HIGH,True,Healthy,True,True
1022,122,70.0,HIGH,Healthy,HIGH,True,Healthy,True,True
1037,78,70.0,HIGH,Healthy,HIGH,True,Healthy,True,True
1044,170,70.0,HIGH,Healthy,HIGH,True,Healthy,True,True
1086,156,70.0,HIGH,Healthy,HIGH,True,Healthy,True,True
1175,54,70.0,HIGH,Healthy,HIGH,True,Healthy,True,True
1001,70,70.0,HIGH,Healthy,HIGH,True,Healthy,True,True
1031,62,70.0,HIGH,Healthy,HIGH,True,Healthy,True,True
1143,157,70.0,HIGH,Healthy,HIGH,True,Healthy,True,True
1028,50,70.0,HIGH,Low,HIGH,True,Low,True,True
1019,68,70.0,HIGH,Healthy,HIGH,True,Healthy,True,True
1055,72,70.0,HIGH,Healthy,HIGH,True,Healthy,True,True
1145,123,70.0,HIGH,Healthy,HIGH,True,Healthy,True,True
1141,133,70.0,HIGH,Healthy,HIGH,True,Healthy,True,True
1067,176,70.0,HIGH,Healthy,HIGH,True,Healthy,True,True
1054,92,70.0,HIGH,Healthy,HIGH,True,Healthy,True,True
1051,73,70.0,HIGH,Healthy,HIGH,True,Healthy,True,True
1198,145,70.0,HIGH,Healthy,HIGH,True,Healthy,True,True
1177,86,70.0,HIGH,Healthy,HIGH,True,Healthy,True,True
1178,123,70.0,HIGH,Healthy,HIGH,True,Healthy,True,True
1094,178,70.0,HIGH,Healthy,HIGH,True,Healthy,True,True
1049,103,70.0,HIGH,Healthy,HIGH,True,Healthy,True,True
1075,83,70.0,HIGH,Healthy,HIGH,True,Healthy,True,True
1124,96,70.0,HIGH,Healthy,HIGH,True,Healthy,True,True
1162,108,70.0,HIGH,Healthy,HIGH,True,Healthy,True,True
1080,85,70.0,HIGH,Healthy,HIGH,True,Healthy,True,True
1182,183,70.0,HIGH,Healthy,HIGH,True,Healthy,True,True
1193,166,70.0,HIGH,Healthy,HIGH,True,Healthy,True,True
1117,139,70.0,HIGH,Healthy,HIGH,True,Healthy,True,True
1068,71,70.0,HIGH,Healthy,HIGH,True,Healthy,True,True
1192,141,70.0,HIGH,Healthy,HIGH,True,Healthy,True,True
1095,160,70.0,HIGH,Healthy,HIGH,True,Healthy,True,True
1104,182,70.0,HIGH,Healthy,HIGH,True,Healthy,True,True
1161,84,70.0,HIGH,Healthy,HIGH,True,Healthy,True,True
1144,49,70.0,HIGH,Low,HIGH,True,Low,True,True
1134,75,70.0,HIGH,Healthy,HIGH,True,Healthy,True,True
1087,137,70.0,HIGH,Healthy,HIGH,True,Healthy,True,True
1052,132,70.0,HIGH,Healthy,HIGH,True,Healthy,True,True
1050,64,70.0,HIGH,Healthy,HIGH,True,Healthy,True,True
1129,100,70.0,HIGH,Healthy,HIGH,True,Healthy,True,True
1128,98,70.0,HIGH,Healthy,HIGH,True,Healthy,True,True
1056,75,70.0,HIGH,Healthy,HIGH,True,Healthy,True,True
1077,106,70.0,HIGH,Healthy,HIGH,True,Healthy,True,True
1107,74,70.0,HIGH,Healthy,HIGH,True,Healthy,True,True
1011,148,70.0,HIGH,Healthy,HIGH,True,Healthy,True,True
1016,131,70.0,HIGH,Healthy,HIGH,True,Healthy,True,True
1126,101,70.0,HIGH,Healthy,HIGH,True,Healthy,True,True
1071,84,70.0,HIGH,Healthy,HIGH,True,Healthy,True,True
1070,181,70.0,HIGH,Healthy,HIGH,True,Healthy,True,True
1153,67,70.0,HIGH,Healthy,HIGH,True,Healthy,True,True
1108,85,70.0,HIGH,Healthy,HIGH,True,Healthy,True,True
1179,53,70.0,HIGH,Healthy,HIGH,True,Healthy,True,True
1082,68,70.0,HIGH,Healthy,HIGH,True,Healthy,True,True
1113,122,70.0,HIGH,Healthy,HIGH,True,Healthy,True,True
1160,179,70.0,HIGH,Healthy,HIGH,True,Healthy,True,True
1159,57,70.0,HIGH,Healthy,HIGH,True,Healthy,True,True
1163,110,70.0,HIGH,Healthy,HIGH,True,Healthy,True,True
1118,159,70.0,HIGH,Healthy,HIGH,True,Healthy,True,True
1025,61,70.0,HIGH,Healthy,HIGH,True,Healthy,True,True
1194,80,70.0,HIGH,Healthy,HIGH,True,Healthy,True,True
1072,77,70.0,HIGH,Healthy,HIGH,True,Healthy,True,True
1101,76,70.0,HIGH,Healthy,HIGH,True,Healthy,True,True
1155,76,70.0,HIGH,Healthy,HIGH,True,Healthy,True,True
1033,48,70.0,HIGH,Low,HIGH,True,Low,True,True
1114,60,70.0,HIGH,Healthy,HIGH,True,Healthy,True,True
1013,100,70.0,HIGH,Healthy,HIGH,True,Healthy,True,True
1029,178,70.0,HIGH,Healthy,HIGH,True,Healthy,True,True
1012,73,70.0,HIGH,Healthy,HIGH,True,Healthy,True,True
1081,84,70.0,HIGH,Healthy,HIGH,True,Healthy,True,True
1165,79,70.0,HIGH,Healthy,HIGH,True,Healthy,True,True
1069,200,70.0,HIGH,Healthy,HIGH,True,Healthy,True,True
1093,77,70.0,HIGH,Healthy,HIGH,True,Healthy,True,True
1170,71,70.0,HIGH,Healthy,HIGH,True,Healthy,True,True
1047,133,70.0,HIGH,Healthy,HIGH,True,Healthy,True,True
1184,162,70.0,HIGH,Healthy,HIGH,True,Healthy,True,True
1023,95,70.0,HIGH,Healthy,HIGH,True,Healthy,True,True
1088,104,70.0,HIGH,Healthy,HIGH,True,Healthy,True,True
1008,95,70.0,HIGH,Healthy,HIGH,True,Healthy,True,True
1057,172,70.0,HIGH,Healthy,HIGH,True,Healthy,True,True
1017,57,70.0,HIGH,Healthy,HIGH,True,Healthy,True,True
1097,64,70.0,HIGH,Healthy,HIGH,True,Healthy,True,True
1147,103,70.0,HIGH,Healthy,HIGH,True,Healthy,True,True
1174,51,70.0,HIGH,Healthy,HIGH,True,Healthy,True,True
1060,119,70.0,HIGH,Healthy,HIGH,True,Healthy,True,True
1061,56,70.0,HIGH,Healthy,HIGH,True,Healthy,True,True
1157,116,70.0,HIGH,Healthy,HIGH,True,Healthy,True,True
1186,63,70.0,HIGH,Healthy,HIGH,True,Healthy,True,True
1189,83,70.0,HIGH,Healthy,HIGH,True,Healthy,True,True
1040,80,70.0,HIGH,Healthy,HIGH,True,Healthy,True,True
1181,65,70.0,HIGH,Healthy,HIGH,True,Healthy,True,True
1172,40,70.0,HIGH,Low,HIGH,True,Low,True,True
1079,136,70.0,HIGH,Healthy,HIGH,True,Healthy,True,True
1187,95,70.0,HIGH,Healthy,HIGH,True,Healthy,True,True
1073,64,70.0,HIGH,Healthy,HIGH,True,Healthy,True,True
1197,95,70.0,HIGH,Healthy,HIGH,True,Healthy,True,True
1039,74,70.0,HIGH,Healthy,HIGH,True,Healthy,True,True
1112,78,70.0,HIGH,Healthy,HIGH,True,Healthy,True,True
1062,130,70.0,HIGH,Healthy,HIGH,True,Healthy,True,True
1135,113,70.0,HIGH,Healthy,HIGH,True,Healthy,True,True
1042,187,70.0,HIGH,Healthy,HIGH,True,Healthy,True,True
1191,79,70.0,HIGH,Healthy,HIGH,True,Healthy,True,True
1024,143,70.0,HIGH,Healthy,HIGH,True,Healthy,True,True
1103,155,70.0,HIGH,Healthy,HIGH,True,Healthy,True,True
1083,108,70.0,HIGH,Healthy,HIGH,True,Healthy,True,True
1166,209,70.0,HIGH,Healthy,HIGH,True,Healthy,True,True
1020,104,70.0,HIGH,Healthy,HIGH,True,Healthy,True,True
1106,115,70.0,HIGH,Healthy,HIGH,True,Healthy,True,True
1132,139,70.0,HIGH,Healthy,HIGH,True,Healthy,True,True
1074,90,70.0,HIGH,Healthy,HIGH,True,Healthy,True,True
1090,61,70.0,HIGH,Healthy,HIGH,True,Healthy,True,True
1195,80,70.0,HIGH,Healthy,HIGH,True,Healthy,True,True
1138,54,70.0,HIGH,Healthy,HIGH,True,Healthy,True,True
1116,122,70.0,HIGH,Healthy,HIGH,True,Healthy,True,True
1102,150,70.0,HIGH,Healthy,HIGH,True,Healthy,True,True
1131,142,70.0,HIGH,Healthy,HIGH,True,Healthy,True,True
1123,74,70.0,HIGH,Healthy,HIGH,True,Healthy,True,True
1130,105,70.0,HIGH,Healthy,HIGH,True,Healthy,True,True
1136,140,70.0,HIGH,Healthy,HIGH,True,Healthy,True,True
1096,50,70.0,HIGH,Low,HIGH,True,Low,True,True
1183,102,70.0,HIGH,Healthy,HIGH,True,Healthy,True,True
1164,79,70.0,HIGH,Healthy,HIGH,True,Healthy,True,True
1043,53,70.0,HIGH,Healthy,HIGH,True,Healthy,True,True
1007,99,70.0,HIGH,Healthy,HIGH,True,Healthy,True,True
1171,104,70.0,HIGH,Healthy,HIGH,True,Healthy,True,True
1030,122,70.0,HIGH,Healthy,HIGH,True,Healthy,True,True
1010,222,70.0,HIGH,Healthy,HIGH,True,Healthy,True,True
1045,80,70.0,HIGH,Healthy,HIGH,True,Healthy,True,True
1122,161,70.0,HIGH,Healthy,HIGH,True,Healthy,True,True
1142,95,70.0,HIGH,Healthy,HIGH,True,Healthy,True,True
1137,77,70.0,HIGH,Healthy,HIGH,True,Healthy,True,True
1046,116,70.0,HIGH,Healthy,HIGH,True,Healthy,True,True
1146,143,70.0,HIGH,Healthy,HIGH,True,Healthy,True,True
1078,67,70.0,HIGH,Healthy,HIGH,True,Healthy,True,True
1120,79,70.0,HIGH,Healthy,HIGH,True,Healthy,True,True
1139,95,70.0,HIGH,Healthy,HIGH,True,Healthy,True,True
1110,125,70.0,HIGH,Healthy,HIGH,True,Healthy,True,True
1151,80,70.0,HIGH,Healthy,HIGH,True,Healthy,True,True
1180,157,70.0,HIGH,Healthy,HIGH,True,Healthy,True,True
1048,124,70.0,HIGH,Healthy,HIGH,True,Healthy,True,True
1076,128,70.0,HIGH,Healthy,HIGH,True,Healthy,True,True
1036,94,70.0,HIGH,Healthy,HIGH,True,Healthy,True,True
1085,68,70.0,HIGH,Healthy,HIGH,True,Healthy,True,True
1027,87,70.0,HIGH,Healthy,HIGH,True,Healthy,True,True
1185,142,70.0,HIGH,Healthy,HIGH,True,Healthy,True,True
1158,61,70.0,HIGH,Healthy,HIGH,True,Healthy,True,True
1092,109,70.0,HIGH,Healthy,HIGH,True,Healthy,True,True
1109,52,70.0,HIGH,Healthy,HIGH,True,Healthy,True,True
1111,144,70.0,HIGH,Healthy,HIGH,True,Healthy,True,True
1149,97,70.0,HIGH,Healthy,HIGH,True,Healthy,True,True
1064,130,70.0,HIGH,Healthy,HIGH,True,Healthy,True,True
1003,126,70.0,HIGH,Healthy,HIGH,True,Healthy,True,True
1053,85,70.0,HIGH,Healthy,HIGH,True,Healthy,True,True
1098,67,70.0,HIGH,Healthy,HIGH,True,Healthy,True,True
1107,98,70.0,HIGH,Healthy,HIGH,True,Healthy,True,True
1099,111,70.0,HIGH,Healthy,HIGH,True,Healthy,True,True
1075,174,70.0,HIGH,Healthy,HIGH,True,Healthy,True,True
1029,178,70.0,HIGH,Healthy,HIGH,True,Healthy,True,True
1035,104,70.0,HIGH,Healthy,HIGH,True,Healthy,True,True
1021,162,70.0,HIGH,Healthy,HIGH,True,Healthy,True,True
1198,194,70.0,HIGH,Healthy,HIGH,True,Healthy,True,True
1100,112,70.0,HIGH,Healthy,HIGH,True,Healthy,True,True
1114,69,70.0,HIGH,Healthy,HIGH,True,Healthy,True,True
1135,98,70.0,HIGH,Healthy,HIGH,True,Healthy,True,True
1113,228,70.0,HIGH,Healthy,HIGH,True,Healthy,True,True
1050,172,70.0,HIGH,Healthy,HIGH,True,Healthy,True,True
1018,214,70.0,HIGH,Healthy,HIGH,True,Healthy,True,True
1144,156,70.0,HIGH,Healthy,HIGH,True,Healthy,True,True
1136,90,70.0,HIGH,Healthy,HIGH,True,Healthy,True,True
1077,146,70.0,HIGH,Healthy,HIGH,True,Healthy,True,True
1031,189,70.0,HIGH,Healthy,HIGH,True,Healthy,True,True
1083,199,70.0,HIGH,Healthy,HIGH,True,Healthy,True,True
1190,98,70.0,HIGH,Healthy,HIGH,True,Healthy,True,True
1133,123,70.0,HIGH,Healthy,HIGH,True,Healthy,True,True
1173,93,70.0,HIGH,Healthy,HIGH,True,Healthy,True,True
1072,151,70.0,HIGH,Healthy,HIGH,True,Healthy,True,True
1025,150,70.0,HIGH,Healthy,HIGH,True,Healthy,True,True
1116,136,70.0,HIGH,Healthy,HIGH,True,Healthy,True,True
1132,125,70.0,HIGH,Healthy,HIGH,True,Healthy,True,True
1092,181,70.0,HIGH,Healthy,HIGH,True,Healthy,True,True
1142,92,70.0,HIGH,Healthy,HIGH,True,Healthy,True,True
1182,114,70.0,HIGH,Healthy,HIGH,True,Healthy,True,True
1154,143,70.0,HIGH,Healthy,HIGH,True,Healthy,True,True
1200,111,70.0,HIGH,Healthy,HIGH,True,Healthy,True,True
1163,74,70.0,HIGH,Healthy,HIGH,True,Healthy,True,True
1188,249,70.0,HIGH,Healthy,HIGH,True,Healthy,True,True
1197,121,70.0,HIGH,Healthy,HIGH,True,Healthy,True,True
1120,208,70.0,HIGH,Healthy,HIGH,True,Healthy,True,True
1147,202,70.0,HIGH,Healthy,HIGH,True,Healthy,True,True
1112,197,70.0,HIGH,Healthy,HIGH,True,Healthy,True,True
1084,153,70.0,HIGH,Healthy,HIGH,True,Healthy,True,True
1056,263,70.0,HIGH,Healthy,HIGH,True,Healthy,True,True
1017,162,70.0,HIGH,Healthy,HIGH,True,Healthy,True,True
1148,94,70.0,HIGH,Healthy,HIGH,True,Healthy,True,True
1055,237,70.0,HIGH,Healthy,HIGH,True,Healthy,True,True
1013,284,70.0,HIGH,Healthy,HIGH,True,Healthy,True,True
1179,169,70.0,HIGH,Healthy,HIGH,True,Healthy,True,True
1199,142,70.0,HIGH,Healthy,HIGH,True,Healthy,True,True
1187,107,70.0,HIGH,Healthy,HIGH,True,Healthy,True,True
1134,95,70.0,HIGH,Healthy,HIGH,True,Healthy,True,True
1046,75,70.0,HIGH,Healthy,HIGH,True,Healthy,True,True
1172,53,70.0,HIGH,Healthy,HIGH,True,Healthy,True,True
1130,211,70.0,HIGH,Healthy,HIGH,True,Healthy,True,True
1049,143,70.0,HIGH,Healthy,HIGH,True,Healthy,True,True
1088,152,70.0,HIGH,Healthy,HIGH,True,Healthy,True,True
1066,76,70.0,HIGH,Healthy,HIGH,True,Healthy,True,True
1140,96,70.0,HIGH,Healthy,HIGH,True,Healthy,True,True
1041,99,70.0,HIGH,Healthy,HIGH,True,Healthy,True,True
1020,142,70.0,HIGH,Healthy,HIGH,True,Healthy,True,True
1139,222,70.0,HIGH,Healthy,HIGH,True,Healthy,True,True
1038,85,70.0,HIGH,Healthy,HIGH,True,Healthy,True,True
1153,81,70.0,HIGH,Healthy,HIGH,True,Healthy,True,True
1022,126,70.0,HIGH,Healthy,HIGH,True,Healthy,True,True
1006,196,70.0,HIGH,Healthy,HIGH,True,Healthy,True,True
1032,169,70.0,HIGH,Healthy,HIGH,True,Healthy,True,True
1121,213,70.0,HIGH,Healthy,HIGH,True,Healthy,True,True
1110,196,70.0,HIGH,Healthy,HIGH,True,Healthy,True,True
1063,139,70.0,HIGH,Healthy,HIGH,True,Healthy,True,True
1166,215,70.0,HIGH,Healthy,HIGH,True,Healthy,True,True
1064,252,70.0,HIGH,Healthy,HIGH,True,Healthy,True,True
1060,142,70.0,HIGH,Healthy,HIGH,True,Healthy,True,True
1184,268,70.0,HIGH,Healthy,HIGH,True,Healthy,True,True
1159,82,70.0,HIGH,Healthy,HIGH,True,Healthy,True,True
1078,151,70.0,HIGH,Healthy,HIGH,True,Healthy,True,True
1127,183,70.0,HIGH,Healthy,HIGH,True,Healthy,True,True
1082,165,70.0,HIGH,Healthy,HIGH,True,Healthy,True,True
1061,210,70.0,HIGH,Healthy,HIGH,True,Healthy,True,True
1131,162,70.0,HIGH,Healthy,HIGH,True,Healthy,True,True
1047,127,70.0,HIGH,Healthy,HIGH,True,Healthy,True,True
1039,128,70.0,HIGH,Healthy,HIGH,True,Healthy,True,True
1164,102,70.0,HIGH,Healthy,HIGH,True,Healthy,True,True
1162,100,70.0,HIGH,Healthy,HIGH,True,Healthy,True,True
1094,261,70.0,HIGH,Healthy,HIGH,True,Healthy,True,True
1023,204,70.0,HIGH,Healthy,HIGH,True,Healthy,True,True
1034,174,70.0,HIGH,Healthy,HIGH,True,Healthy,True,True
1051,156,70.0,HIGH,Healthy,HIGH,True,Healthy,True,True
1150,124,70.0,HIGH,Healthy,HIGH,True,Healthy,True,True
1040,126,70.0,HIGH,Healthy,HIGH,True,Healthy,True,True
1193,123,70.0,HIGH,Healthy,HIGH,True,Healthy,True,True
1181,123,70.0,HIGH,Healthy,HIGH,True,Healthy,True,True
1176,219,70.0,HIGH,Healthy,HIGH,True,Healthy,True,True
1141,114,70.0,HIGH,Healthy,HIGH,True,Healthy,True,True
1128,265,70.0,HIGH,Healthy,HIGH,True,Healthy,True,True
1157,157,70.0,HIGH,Healthy,HIGH,True,Healthy,True,True
1165,156,70.0,HIGH,Healthy,HIGH,True,Healthy,True,True
1118,182,70.0,HIGH,Healthy,HIGH,True,Healthy,True,True
1091,133,70.0,HIGH,Healthy,HIGH,True,Healthy,True,True
1102,147,70.0,HIGH,Healthy,HIGH,True,Healthy,True,True
1065,128,70.0,HIGH,Healthy,HIGH,True,Healthy,True,True
1152,135,70.0,HIGH,Healthy,HIGH,True,Healthy,True,True
1027,105,70.0,HIGH,Healthy,HIGH,True,Healthy,True,True
1058,133,70.0,HIGH,Healthy,HIGH,True,Healthy,True,True
1044,157,70.0,HIGH,Healthy,HIGH,True,Healthy,True,True
1111,208,70.0,HIGH,Healthy,HIGH,True,Healthy,True,True
1073,148,70.0,HIGH,Healthy,HIGH,True,Healthy,True,True
1043,95,70.0,HIGH,Healthy,HIGH,True,Healthy,True,True
1175,181,70.0,HIGH,Healthy,HIGH,True,Healthy,True,True
1002,220,70.0,HIGH,Healthy,HIGH,True,Healthy,True,True
1052,116,70.0,HIGH,Healthy,HIGH,True,Healthy,True,True
1067,152,70.0,HIGH,Healthy,HIGH,True,Healthy,True,True
1169,113,70.0,HIGH,Healthy,HIGH,True,Healthy,True,True
1068,109,70.0,HIGH,Healthy,HIGH,True,Healthy,True,True
1183,56,70.0,HIGH,Healthy,HIGH,True,Healthy,True,True
1098,123,70.0,HIGH,Healthy,HIGH,True,Healthy,True,True
1115,160,70.0,HIGH,Healthy,HIGH,True,Healthy,True,True
1103,169,70.0,HIGH,Healthy,HIGH,True,Healthy,True,True
1149,79,70.0,HIGH,Healthy,HIGH,True,Healthy,True,True
1086,120,70.0,HIGH,Healthy,HIGH,True,Healthy,True,True
1042,144,70.0,HIGH,Healthy,HIGH,True,Healthy,True,True
1005,138,70.0,HIGH,Healthy,HIGH,True,Healthy,True,True
1071,257,70.0,HIGH,Healthy,HIGH,True,Healthy,True,True
1057,210,70.0,HIGH,Healthy,HIGH,True,Healthy,True,True
1101,265,70.0,HIGH,Healthy,HIGH,True,Healthy,True,True
1180,205,70.0,HIGH,Healthy,HIGH,True,Healthy,True,True
1016,191,70.0,HIGH,Healthy,HIGH,True,Healthy,True,True
1123,275,70.0,HIGH,Healthy,HIGH,True,Healthy,True,True
1104,251,70.0,HIGH,Healthy,HIGH,True,Healthy,True,True
1045,53,70.0,HIGH,Healthy,HIGH,True,Healthy,True,True
1119,332,70.0,HIGH,Healthy,HIGH,True,Healthy,True,True
1109,121,70.0,HIGH,Healthy,HIGH,True,Healthy,True,True
1129,87,70.0,HIGH,Healthy,HIGH,True,Healthy,True,True
1156,159,70.0,HIGH,Healthy,HIGH,True,Healthy,True,True
1138,148,70.0,HIGH,Healthy,HIGH,True,Healthy,True,True
1177,155,70.0,HIGH,Healthy,HIGH,True,Healthy,True,True
1146,99,70.0,HIGH,Healthy,HIGH,True,Healthy,True,True
1024,303,70.0,HIGH,Healthy,HIGH,True,Healthy,True,True
1048,268,70.0,HIGH,Healthy,HIGH,True,Healthy,True,True
1155,68,70.0,HIGH,Healthy,HIGH,True,Healthy,True,True
1010,288,70.0,HIGH,Healthy,HIGH,True,Healthy,True,True
1170,129,70.0,HIGH,Healthy,HIGH,True,Healthy,True,True
1106,184,70.0,HIGH,Healthy,HIGH,True,Healthy,True,True
1019,74,70.0,HIGH,Healthy,HIGH,True,Healthy,True,True
1117,112,70.0,HIGH,Healthy,HIGH,True,Healthy,True,True
1168,180,70.0,HIGH,Healthy,HIGH,True,Healthy,True,True
1151,114,70.0,HIGH,Healthy,HIGH,True,Healthy,True,True
1015,206,70.0,HIGH,Healthy,HIGH,True,Healthy,True,True
1194,124,70.0,HIGH,Healthy,HIGH,True,Healthy,True,True
1030,85,70.0,HIGH,Healthy,HIGH,True,Healthy,True,True
1008,195,70.0,HIGH,Healthy,HIGH,True,Healthy,True,True
1036,140,70.0,HIGH,Healthy,HIGH,True,Healthy,True,True
1003,110,70.0,HIGH,Healthy,HIGH,True,Healthy,True,True
1037,60,70.0,HIGH,Healthy,HIGH,True,Healthy,True,True
1059,65,70.0,HIGH,Healthy,HIGH,True,Healthy,True,True
1174,59,70.0,HIGH,Healthy,HIGH,True,Healthy,True,True
1012,140,70.0,HIGH,Healthy,HIGH,True,Healthy,True,True
1014,143,70.0,HIGH,Healthy,HIGH,True,Healthy,True,True
1076,263,70.0,HIGH,Healthy,HIGH,True,Healthy,True,True
1095,266,70.0,HIGH,Healthy,HIGH,True,Healthy,True,True
1070,301,70.0,HIGH,Healthy,HIGH,True,Healthy,True,True
1167,279,70.0,HIGH,Healthy,HIGH,True,Healthy,True,True
1004,100,70.0,HIGH,Healthy,HIGH,True,Healthy,True,True
1079,148,70.0,HIGH,Healthy,HIGH,True,Healthy,True,True
1011,170,70.0,HIGH,Healthy,HIGH,True,Healthy,True,True
1160,119,70.0,HIGH,Healthy,HIGH,True,Healthy,True,True
1009,53,70.0,HIGH,Healthy,HIGH,True,Healthy,True,True
1053,212,70.0,HIGH,Healthy,HIGH,True,Healthy,True,True
1196,323,70.0,HIGH,Healthy,HIGH,True,Healthy,True,True
1126,171,70.0,HIGH,Healthy,HIGH,True,Healthy,True,True
1122,137,70.0,HIGH,Healthy,HIGH,True,Healthy,True,True
1007,184,70.0,HIGH,Healthy,HIGH,True,Healthy,True,True
1096,63,70.0,HIGH,Healthy,HIGH,True,Healthy,True,True
1108,171,70.0,HIGH,Healthy,HIGH,True,Healthy,True,True
1137,126,70.0,HIGH,Healthy,HIGH,True,Healthy,True,True
1062,111,70.0,HIGH,Healthy,HIGH,True,Healthy,True,True
1178,251,70.0,HIGH,Healthy,HIGH,True,Healthy,True,True
1028,97,70.0,HIGH,Healthy,HIGH,True,Healthy,True,True
1054,229,70.0,HIGH,Healthy,HIGH,True,Healthy,True,True
1001,138,70.0,HIGH,Healthy,HIGH,True,Healthy,True,True
1033,147,70.0,HIGH,Healthy,HIGH,True,Healthy,True,True
1189,79,70.0,HIGH,Healthy,HIGH,True,Healthy,True,True
1089,137,70.0,HIGH,Healthy,HIGH,True,Healthy,True,True
1074,101,70.0,HIGH,Healthy,HIGH,True,Healthy,True,True
1087,110,70.0,HIGH,Healthy,HIGH,True,Healthy,True,True
1080,155,70.0,HIGH,Healthy,HIGH,True,Healthy,True,True
1171,116,70.0,HIGH,Healthy,HIGH,True,Healthy,True,True
1158,133,70.0,HIGH,Healthy,HIGH,True,Healthy,True,True
1105,196,70.0,HIGH,Healthy,HIGH,True,Healthy,True,True
1090,144,70.0,HIGH,Healthy,HIGH,True,Healthy,True,True
1085,115,70.0,HIGH,Healthy,HIGH,True,Healthy,True,True
1125,101,70.0,HIGH,Healthy,HIGH,True,Healthy,True,True
1185,121,70.0,HIGH,Healthy,HIGH,True,Healthy,True,True
1093,163,70.0,HIGH,Healthy,HIGH,True,Healthy,True,True
1026,98,70.0,HIGH,Healthy,HIGH,True,Healthy,True,True
1069,196,70.0,HIGH,Healthy,HIGH,True,Healthy,True,True
1143,83,70.0,HIGH,Healthy,HIGH,True,Healthy,True,True
1145,182,70.0,HIGH,Healthy,HIGH,True,Healthy,True,True
1161,68,70.0,HIGH,Healthy,HIGH,True,Healthy,True,True
1191,161,70.0,HIGH,Healthy,HIGH,True,Healthy,True,True
1117,177,70.0,HIGH,Healthy,HIGH,True,Healthy,True,True
1149,94,70.0,HIGH,Healthy,HIGH,True,Healthy,True,True
1185,89,70.0,HIGH,Healthy,HIGH,True,Healthy,True,True
1189,133,70.0,HIGH,Healthy,HIGH,True,Healthy,True,True
1053,147,70.0,HIGH,Healthy,HIGH,True,Healthy,True,True
1157,192,70.0,HIGH,Healthy,HIGH,True,Healthy,True,True
1069,223,70.0,HIGH,Healthy,HIGH,True,Healthy,True,True
1131,134,70.0,HIGH,Healthy,HIGH,True,Healthy,True,True
1034,152,70.0,HIGH,Healthy,HIGH,True,Healthy,True,True
1038,151,70.0,HIGH,Healthy,HIGH,True,Healthy,True,True
1037,53,70.0,HIGH,Healthy,HIGH,True,Healthy,True,True
1079,201,70.0,HIGH,Healthy,HIGH,True,Healthy,True,True
1068,137,70.0,HIGH,Healthy,HIGH,True,Healthy,True,True
1188,281,70.0,HIGH,Healthy,HIGH,True,Healthy,True,True
1071,292,70.0,HIGH,Healthy,HIGH,True,Healthy,True,True
1108,142,70.0,HIGH,Healthy,HIGH,True,Healthy,True,True
1159,156,70.0,HIGH,Healthy,HIGH,True,Healthy,True,True
1148,132,70.0,HIGH,Healthy,HIGH,True,Healthy,True,True
1049,156,70.0,HIGH,Healthy,HIGH,True,Healthy,True,True
1106,217,70.0,HIGH,Healthy,HIGH,True,Healthy,True,True
1042,182,70.0,HIGH,Healthy,HIGH,True,Healthy,True,True
1154,158,70.0,HIGH,Healthy,HIGH,True,Healthy,True,True
1103,97,70.0,HIGH,Healthy,HIGH,True,Healthy,True,True
1095,106,70.0,HIGH,Healthy,HIGH,True,Healthy,True,True
1100,60,70.0,HIGH,Healthy,HIGH,True,Healthy,True,True
1041,213,70.0,HIGH,Healthy,HIGH,True,Healthy,True,True
1089,150,70.0,HIGH,Healthy,HIGH,True,Healthy,True,True
1198,194,70.0,HIGH,Healthy,HIGH,True,Healthy,True,True
1105,260,70.0,HIGH,Healthy,HIGH,True,Healthy,True,True
1007,140,70.0,HIGH,Healthy,HIGH,True,Healthy,True,True
1137,245,70.0,HIGH,Healthy,HIGH,True,Healthy,True,True
1035,87,70.0,HIGH,Healthy,HIGH,True,Healthy,True,True
1164,106,70.0,HIGH,Healthy,HIGH,True,Healthy,True,True
1123,276,70.0,HIGH,Healthy,HIGH,True,Healthy,True,True
1086,328,70.0,HIGH,Healthy,HIGH,True,Healthy,True,True
1012,150,70.0,HIGH,Healthy,HIGH,True,Healthy,True,True
1021,329,70.0,HIGH,Healthy,HIGH,True,Healthy,True,True
1153,98,70.0,HIGH,Healthy,HIGH,True,Healthy,True,True
1126,145,70.0,HIGH,Healthy,HIGH,True,Healthy,True,True
1142,114,70.0,HIGH,Healthy,HIGH,True,Healthy,True,True
1091,189,70.0,HIGH,Healthy,HIGH,True,Healthy,True,True
1087,99,70.0,HIGH,Healthy,HIGH,True,Healthy,True,True
1048,147,70.0,HIGH,Healthy,HIGH,True,Healthy,True,True
1184,192,70.0,HIGH,Healthy,HIGH,True,Healthy,True,True
1119,268,70.0,HIGH,Healthy,HIGH,True,Healthy,True,True
1067,176,70.0,HIGH,Healthy,HIGH,True,Healthy,True,True
1080,200,70.0,HIGH,Healthy,HIGH,True,Healthy,True,True
1003,68,70.0,HIGH,Healthy,HIGH,True,Healthy,True,True
1040,155,70.0,HIGH,Healthy,HIGH,True,Healthy,True,True
1183,52,70.0,HIGH,Healthy,HIGH,True,Healthy,True,True
1029,317,70.0,HIGH,Healthy,HIGH,True,Healthy,True,True
1172,92,70.0,HIGH,Healthy,HIGH,True,Healthy,True,True
1013,195,70.0,HIGH,Healthy,HIGH,True,Healthy,True,True
1175,114,70.0,HIGH,Healthy,HIGH,True,Healthy,True,True
1135,121,70.0,HIGH,Healthy,HIGH,True,Healthy,True,True
1057,105,70.0,HIGH,Healthy,HIGH,True,Healthy,True,True
1177,222,70.0,HIGH,Healthy,HIGH,True,Healthy,True,True
1090,224,70.0,HIGH,Healthy,HIGH,True,Healthy,True,True
1092,111,70.0,HIGH,Healthy,HIGH,True,Healthy,True,True
1143,99,70.0,HIGH,Healthy,HIGH,True,Healthy,True,True
1178,237,70.0,HIGH,Healthy,HIGH,True,Healthy,True,True
1060,75,70.0,HIGH,Healthy,HIGH,True,Healthy,True,True
1047,178,70.0,HIGH,Healthy,HIGH,True,Healthy,True,True
1156,138,70.0,HIGH,Healthy,HIGH,True,Healthy,True,True
1030,146,70.0,HIGH,Healthy,HIGH,True,Healthy,True,True
1077,176,70.0,HIGH,Healthy,HIGH,True,Healthy,True,True
1132,182,70.0,HIGH,Healthy,HIGH,True,Healthy,True,True
1058,118,70.0,HIGH,Healthy,HIGH,True,Healthy,True,True
1109,110,70.0,HIGH,Healthy,HIGH,True,Healthy,True,True
1112,97,70.0,HIGH,Healthy,HIGH,True,Healthy,True,True
1059,75,70.0,HIGH,Healthy,HIGH,True,Healthy,True,True
1045,61,70.0,HIGH,Healthy,HIGH,True,Healthy,True,True
1024,172,70.0,HIGH,Healthy,HIGH,True,Healthy,True,True
1101,166,70.0,HIGH,Healthy,HIGH,True,Healthy,True,True
1075,210,70.0,HIGH,Healthy,HIGH,True,Healthy,True,True
1015,127,70.0,HIGH,Healthy,HIGH,True,Healthy,True,True
1145,142,70.0,HIGH,Healthy,HIGH,True,Healthy,True,True
1187,178,70.0,HIGH,Healthy,HIGH,True,Healthy,True,True
1020,282,70.0,HIGH,Healthy,HIGH,True,Healthy,True,True
1167,165,70.0,HIGH,Healthy,HIGH,True,Healthy,True,True
1196,274,70.0,HIGH,Healthy,HIGH,True,Healthy,True,True
1011,107,70.0,HIGH,Healthy,HIGH,True,Healthy,True,True
1018,106,70.0,HIGH,Healthy,HIGH,True,Healthy,True,True
1141,271,70.0,HIGH,Healthy,HIGH,True,Healthy,True,True
1150,88,70.0,HIGH,Healthy,HIGH,True,Healthy,True,True
1113,164,70.0,HIGH,Healthy,HIGH,True,Healthy,True,True
1054,99,70.0,HIGH,Healthy,HIGH,True,Healthy,True,True
1025,76,70.0,HIGH,Healthy,HIGH,True,Healthy,True,True
1088,93,70.0,HIGH,Healthy,HIGH,True,Healthy,True,True
1027,248,70.0,HIGH,Healthy,HIGH,True,Healthy,True,True
1194,171,70.0,HIGH,Healthy,HIGH,True,Healthy,True,True
1097,139,70.0,HIGH,Healthy,HIGH,True,Healthy,True,True
1098,130,70.0,HIGH,Healthy,HIGH,True,Healthy,True,True
1073,52,70.0,HIGH,Healthy,HIGH,True,Healthy,True,True
1006,198,70.0,HIGH,Healthy,HIGH,True,Healthy,True,True
1168,238,70.0,HIGH,Healthy,HIGH,True,Healthy,True,True
1111,193,70.0,HIGH,Healthy,HIGH,True,Healthy,True,True
1125,198,70.0,HIGH,Healthy,HIGH,True,Healthy,True,True
1070,148,70.0,HIGH,Healthy,HIGH,True,Healthy,True,True
1138,113,70.0,HIGH,Healthy,HIGH,True,Healthy,True,True
1191,108,70.0,HIGH,Healthy,HIGH,True,Healthy,True,True
1032,265,70.0,HIGH,Healthy,HIGH,True,Healthy,True,True
1151,115,70.0,HIGH,Healthy,HIGH,True,Healthy,True,True
1019,98,70.0,HIGH,Healthy,HIGH,True,Healthy,True,True
1174,138,70.0,HIGH,Healthy,HIGH,True,Healthy,True,True
1061,220,70.0,HIGH,Healthy,HIGH,True,Healthy,True,True
1009,66,70.0,HIGH,Healthy,HIGH,True,Healthy,True,True
1146,146,70.0,HIGH,Healthy,HIGH,True,Healthy,True,True
1028,123,70.0,HIGH,Healthy,HIGH,True,Healthy,True,True
1121,301,70.0,HIGH,Healthy,HIGH,True,Healthy,True,True
1107,61,70.0,HIGH,Healthy,HIGH,True,Healthy,True,True
1193,258,70.0,HIGH,Healthy,HIGH,True,Healthy,True,True
1022,183,70.0,HIGH,Healthy,HIGH,True,Healthy,True,True
1085,210,70.0,HIGH,Healthy,HIGH,True,Healthy,True,True
1116,206,70.0,HIGH,Healthy,HIGH,True,Healthy,True,True
1064,216,70.0,HIGH,Healthy,HIGH,True,Healthy,True,True
1076,213,70.0,HIGH,Healthy,HIGH,True,Healthy,True,True
1033,107,70.0,HIGH,Healthy,HIGH,True,Healthy,True,True
1094,205,70.0,HIGH,Healthy,HIGH,True,Healthy,True,True
1046,179,70.0,HIGH,Healthy,HIGH,True,Healthy,True,True
1066,145,70.0,HIGH,Healthy,HIGH,True,Healthy,True,True
1147,254,70.0,HIGH,Healthy,HIGH,True,Healthy,True,True
1166,216,70.0,HIGH,Healthy,HIGH,True,Healthy,True,True
1136,223,70.0,HIGH,Healthy,HIGH,True,Healthy,True,True
1114,142,70.0,HIGH,Healthy,HIGH,True,Healthy,True,True
1044,264,70.0,HIGH,Healthy,HIGH,True,Healthy,True,True
1130,185,70.0,HIGH,Healthy,HIGH,True,Healthy,True,True
1120,277,70.0,HIGH,Healthy,HIGH,True,Healthy,True,True
1014,183,70.0,HIGH,Healthy,HIGH,True,Healthy,True,True
1039,210,70.0,HIGH,Healthy,HIGH,True,Healthy,True,True
1190,152,70.0,HIGH,Healthy,HIGH,True,Healthy,True,True
1169,288,70.0,HIGH,Healthy,HIGH,True,Healthy,True,True
1173,53,70.0,HIGH,Healthy,HIGH,True,Healthy,True,True
1170,137,70.0,HIGH,Healthy,HIGH,True,Healthy,True,True
1023,134,70.0,HIGH,Healthy,HIGH,True,Healthy,True,True
1078,54,70.0,HIGH,Healthy,HIGH,True,Healthy,True,True
1017,178,70.0,HIGH,Healthy,HIGH,True,Healthy,True,True
1199,152,70.0,HIGH,Healthy,HIGH,True,Healthy,True,True
1192,138,70.0,HIGH,Healthy,HIGH,True,Healthy,True,True
1026,253,70.0,HIGH,Healthy,HIGH,True,Healthy,True,True
1001,130,70.0,HIGH,Healthy,HIGH,True,Healthy,True,True
1083,211,70.0,HIGH,Healthy,HIGH,True,Healthy,True,True
1158,247,70.0,HIGH,Healthy,HIGH,True,Healthy,True,True
1102,269,70.0,HIGH,Healthy,HIGH,True,Healthy,True,True
1133,93,70.0,HIGH,Healthy,HIGH,True,Healthy,True,True
1181,113,70.0,HIGH,Healthy,HIGH,True,Healthy,True,True
1081,149,70.0,HIGH,Healthy,HIGH,True,Healthy,True,True
1110,273,70.0,HIGH,Healthy,HIGH,True,Healthy,True,True
1134,89,70.0,HIGH,Healthy,HIGH,True,Healthy,True,True
1200,210,70.0,HIGH,Healthy,HIGH,True,Healthy,True,True
1051,125,70.0,HIGH,Healthy,HIGH,True,Healthy,True,True
1055,105,70.0,HIGH,Healthy,HIGH,True,Healthy,True,True
1074,80,70.0,HIGH,Healthy,HIGH,True,Healthy,True,True
1104,258,70.0,HIGH,Healthy,HIGH,True,Healthy,True,True
1072,120,70.0,HIGH,Healthy,HIGH,True,Healthy,True,True
1161,116,70.0,HIGH,Healthy,HIGH,True,Healthy,True,True
1152,111,70.0,HIGH,Healthy,HIGH,True,Healthy,True,True
1139,171,70.0,HIGH,Healthy,HIGH,True,Healthy,True,True
1036,96,70.0,HIGH,Healthy,HIGH,True,Healthy,True,True
1197,137,70.0,HIGH,Healthy,HIGH,True,Healthy,True,True
1180,204,70.0,HIGH,Healthy,HIGH,True,Healthy,True,True
1050,211,70.0,HIGH,Healthy,HIGH,True,Healthy,True,True
1043,131,70.0,HIGH,Healthy,HIGH,True,Healthy,True,True
1122,106,70.0,HIGH,Healthy,HIGH,True,Healthy,True,True
1127,165,70.0,HIGH,Healthy,HIGH,True,Healthy,True,True
1140,159,70.0,HIGH,Healthy,HIGH,True,Healthy,True,True
1005,175,70.0,HIGH,Healthy,HIGH,True,Healthy,True,True
1096,104,70.0,HIGH,Healthy,HIGH,True,Healthy,True,True
1099,214,70.0,HIGH,Healthy,HIGH,True,Healthy,True,True
1182,267,70.0,HIGH,Healthy,HIGH,True,Healthy,True,True
1008,101,70.0,HIGH,Healthy,HIGH,True,Healthy,True,True
1084,165,70.0,HIGH,Healthy,HIGH,True,Healthy,True,True
1165,158,70.0,HIGH,Healthy,HIGH,True,Healthy,True,True
1144,146,70.0,HIGH,Healthy,HIGH,True,Healthy,True,True
1129,149,70.0,HIGH,Healthy,HIGH,True,Healthy,True,True
1162,105,70.0,HIGH,Healthy,HIGH,True,Healthy,True,True
1063,226,70.0,HIGH,Healthy,HIGH,True,Healthy,True,True
1115,123,70.0,HIGH,Healthy,HIGH,True,Healthy,True,True
1010,195,70.0,HIGH,Healthy,HIGH,True,Healthy,True,True
1062,188,70.0,HIGH,Healthy,HIGH,True,Healthy,True,True
1004,197,70.0,HIGH,Healthy,HIGH,True,Healthy,True,True
1171,141,70.0,HIGH,Healthy,HIGH,True,Healthy,True,True
1080,200,70.0,HIGH,Healthy,HIGH,True,Healthy,True,True
1010,142,70.0,HIGH,Healthy,HIGH,True,Healthy,True,True
1142,93,70.0,HIGH,Healthy,HIGH,True,Healthy,True,True
1016,203,70.0,HIGH,Healthy,HIGH,True,Healthy,True,True
1192,194,70.0,HIGH,Healthy,HIGH,True,Healthy,True,True
1006,220,70.0,HIGH,Healthy,HIGH,True,Healthy,True,True
1187,101,70.0,HIGH,Healthy,HIGH,True,Healthy,True,True
1146,110,70.0,HIGH,Healthy,HIGH,True,Healthy,True,True
1181,206,70.0,HIGH,Healthy,HIGH,True,Healthy,True,True
1132,195,70.0,HIGH,Healthy,HIGH,True,Healthy,True,True
1047,111,70.0,HIGH,Healthy,HIGH,True,Healthy,True,True
1112,79,70.0,HIGH,Healthy,HIGH,True,Healthy,True,True
1168,209,70.0,HIGH,Healthy,HIGH,True,Healthy,True,True
1008,109,70.0,HIGH,Healthy,HIGH,True,Healthy,True,True
1158,248,70.0,HIGH,Healthy,HIGH,True,Healthy,True,True
1067,113,70.0,HIGH,Healthy,HIGH,True,Healthy,True,True
1103,192,70.0,HIGH,Healthy,HIGH,True,Healthy,True,True
1076,122,70.0,HIGH,Healthy,HIGH,True,Healthy,True,True
1027,132,70.0,HIGH,Healthy,HIGH,True,Healthy,True,True
1141,218,70.0,HIGH,Healthy,HIGH,True,Healthy,True,True
1195,153,70.0,HIGH,Healthy,HIGH,True,Healthy,True,True
1074,124,70.0,HIGH,Healthy,HIGH,True,Healthy,True,True
1173,92,70.0,HIGH,Healthy,HIGH,True,Healthy,True,True
1083,138,70.0,HIGH,Healthy,HIGH,True,Healthy,True,True
1033,190,70.0,HIGH,Healthy,HIGH,True,Healthy,True,True
1024,202,70.0,HIGH,Healthy,HIGH,True,Healthy,True,True
1037,89,70.0,HIGH,Healthy,HIGH,True,Healthy,True,True
1159,53,70.0,HIGH,Healthy,HIGH,True,Healthy,True,True
1070,277,70.0,HIGH,Healthy,HIGH,True,Healthy,True,True
1048,111,70.0,HIGH,Healthy,HIGH,True,Healthy,True,True
1082,167,70.0,HIGH,Healthy,HIGH,True,Healthy,True,True
1044,177,70.0,HIGH,Healthy,HIGH,True,Healthy,True,True
1036,141,70.0,HIGH,Healthy,HIGH,True,Healthy,True,True
1188,306,70.0,HIGH,Healthy,HIGH,True,Healthy,True,True
1029,144,70.0,HIGH,Healthy,HIGH,True,Healthy,True,True
1199,154,70.0,HIGH,Healthy,HIGH,True,Healthy,True,True
1166,203,70.0,HIGH,Healthy,HIGH,True,Healthy,True,True
1101,156,70.0,HIGH,Healthy,HIGH,True,Healthy,True,True
1136,213,70.0,HIGH,Healthy,HIGH,True,Healthy,True,True
1032,106,70.0,HIGH,Healthy,HIGH,True,Healthy,True,True
1012,287,70.0,HIGH,Healthy,HIGH,True,Healthy,True,True
1093,224,70.0,HIGH,Healthy,HIGH,True,Healthy,True,True
1087,155,70.0,HIGH,Healthy,HIGH,True,Healthy,True,True
1176,186,70.0,HIGH,Healthy,HIGH,True,Healthy,True,True
1152,81,70.0,HIGH,Healthy,HIGH,True,Healthy,True,True
1039,143,70.0,HIGH,Healthy,HIGH,True,Healthy,True,True
1114,154,70.0,HIGH,Healthy,HIGH,True,Healthy,True,True
1124,205,70.0,HIGH,Healthy,HIGH,True,Healthy,True,True
1147,188,70.0,HIGH,Healthy,HIGH,True,Healthy,True,True
1038,141,70.0,HIGH,Healthy,HIGH,True,Healthy,True,True
1149,57,70.0,HIGH,Healthy,HIGH,True,Healthy,True,True
1018,164,70.0,HIGH,Healthy,HIGH,True,Healthy,True,True
1017,159,70.0,HIGH,Healthy,HIGH,True,Healthy,True,True
1150,122,70.0,HIGH,Healthy,HIGH,True,Healthy,True,True
1200,201,70.0,HIGH,Healthy,HIGH,True,Healthy,True,True
1105,213,70.0,HIGH,Healthy,HIGH,True,Healthy,True,True
1162,203,70.0,HIGH,Healthy,HIGH,True,Healthy,True,True
1086,127,70.0,HIGH,Healthy,HIGH,True,Healthy,True,True
1115,175,70.0,HIGH,Healthy,HIGH,True,Healthy,True,True
1061,204,70.0,HIGH,Healthy,HIGH,True,Healthy,True,True
1151,137,70.0,HIGH,Healthy,HIGH,True,Healthy,True,True
1001,119,70.0,HIGH,Healthy,HIGH,True,Healthy,True,True
1094,143,70.0,HIGH,Healthy,HIGH,True,Healthy,True,True
1041,127,70.0,HIGH,Healthy,HIGH,True,Healthy,True,True
1021,211,70.0,HIGH,Healthy,HIGH,True,Healthy,True,True
1155,100,70.0,HIGH,Healthy,HIGH,True,Healthy,True,True
1064,102,70.0,HIGH,Healthy,HIGH,True,Healthy,True,True
1189,153,70.0,HIGH,Healthy,HIGH,True,Healthy,True,True
1178,271,70.0,HIGH,Healthy,HIGH,True,Healthy,True,True
1169,232,70.0,HIGH,Healthy,HIGH,True,Healthy,True,True
1160,172,70.0,HIGH,Healthy,HIGH,True,Healthy,True,True
1035,154,70.0,HIGH,Healthy,HIGH,True,Healthy,True,True
1099,154,70.0,HIGH,Healthy,HIGH,True,Healthy,True,True
1020,107,70.0,HIGH,Healthy,HIGH,True,Healthy,True,True
1058,163,70.0,HIGH,Healthy,HIGH,True,Healthy,True,True
1066,192,70.0,HIGH,Healthy,HIGH,True,Healthy,True,True
1028,175,70.0,HIGH,Healthy,HIGH,True,Healthy,True,True
1025,135,70.0,HIGH,Healthy,HIGH,True,Healthy,True,True
1004,267,70.0,HIGH,Healthy,HIGH,True,Healthy,True,True
1161,85,70.0,HIGH,Healthy,HIGH,True,Healthy,True,True
1144,147,70.0,HIGH,Healthy,HIGH,True,Healthy,True,True
1110,323,70.0,HIGH,Healthy,HIGH,True,Healthy,True,True
1164,75,70.0,HIGH,Healthy,HIGH,True,Healthy,True,True
1092,157,70.0,HIGH,Healthy,HIGH,True,Healthy,True,True
1057,146,70.0,HIGH,Healthy,HIGH,True,Healthy,True,True
1128,190,70.0,HIGH,Healthy,HIGH,True,Healthy,True,True
1156,215,70.0,HIGH,Healthy,HIGH,True,Healthy,True,True
1040,138,70.0,HIGH,Healthy,HIGH,True,Healthy,True,True
1194,129,70.0,HIGH,Healthy,HIGH,True,Healthy,True,True
1003,198,70.0,HIGH,Healthy,HIGH,True,Healthy,True,True
1055,218,70.0,HIGH,Healthy,HIGH,True,Healthy,True,True
1043,102,70.0,HIGH,Healthy,HIGH,True,Healthy,True,True
1088,171,70.0,HIGH,Healthy,HIGH,True,Healthy,True,True
1106,252,70.0,HIGH,Healthy,HIGH,True,Healthy,True,True
1090,125,70.0,HIGH,Healthy,HIGH,True,Healthy,True,True
1198,147,70.0,HIGH,Healthy,HIGH,True,Healthy,True,True
1197,98,70.0,HIGH,Healthy,HIGH,True,Healthy,True,True
1065,143,70.0,HIGH,Healthy,HIGH,True,Healthy,True,True
1042,152,70.0,HIGH,Healthy,HIGH,True,Healthy,True,True
1138,158,70.0,HIGH,Healthy,HIGH,True,Healthy,True,True
1120,221,70.0,HIGH,Healthy,HIGH,True,Healthy,True,True
1002,180,70.0,HIGH,Healthy,HIGH,True,Healthy,True,True
1175,132,70.0,HIGH,Healthy,HIGH,True,Healthy,True,True
1089,146,70.0,HIGH,Healthy,HIGH,True,Healthy,True,True
1050,181,70.0,HIGH,Healthy,HIGH,True,Healthy,True,True
1052,103,70.0,HIGH,Healthy,HIGH,True,Healthy,True,True
1079,273,70.0,HIGH,Healthy,HIGH,True,Healthy,True,True
1113,219,70.0,HIGH,Healthy,HIGH,True,Healthy,True,True
1193,213,70.0,HIGH,Healthy,HIGH,True,Healthy,True,True
1165,223,70.0,HIGH,Healthy,HIGH,True,Healthy,True,True
1091,154,70.0,HIGH,Healthy,HIGH,True,Healthy,True,True
1190,209,70.0,HIGH,Healthy,HIGH,True,Healthy,True,True
1071,323,70.0,HIGH,Healthy,HIGH,True,Healthy,True,True
1095,174,70.0,HIGH,Healthy,HIGH,True,Healthy,True,True
1060,105,70.0,HIGH,Healthy,HIGH,True,Healthy,True,True
1167,229,70.0,HIGH,Healthy,HIGH,True,Healthy,True,True
1171,129,70.0,HIGH,Healthy,HIGH,True,Healthy,True,True
1049,83,70.0,HIGH,Healthy,HIGH,True,Healthy,True,True
1180,146,70.0,HIGH,Healthy,HIGH,True,Healthy,True,True
1077,104,70.0,HIGH,Healthy,HIGH,True,Healthy,True,True
1182,217,70.0,HIGH,Healthy,HIGH,True,Healthy,True,True
1119,145,70.0,HIGH,Healthy,HIGH,True,Healthy,True,True
1013,256,70.0,HIGH,Healthy,HIGH,True,Healthy,True,True
1123,290,70.0,HIGH,Healthy,HIGH,True,Healthy,True,True
1107,114,70.0,HIGH,Healthy,HIGH,True,Healthy,True,True
1154,158,70.0,HIGH,Healthy,HIGH,True,Healthy,True,True
1127,167,70.0,HIGH,Healthy,HIGH,True,Healthy,True,True
1081,194,70.0,HIGH,Healthy,HIGH,True,Healthy,True,True
1051,126,70.0,HIGH,Healthy,HIGH,True,Healthy,True,True
1129,157,70.0,HIGH,Healthy,HIGH,True,Healthy,True,True
1075,160,70.0,HIGH,Healthy,HIGH,True,Healthy,True,True
1191,106,70.0,HIGH,Healthy,HIGH,True,Healthy,True,True
1184,190,70.0,HIGH,Healthy,HIGH,True,Healthy,True,True
1045,65,70.0,HIGH,Healthy,HIGH,True,Healthy,True,True
1054,99,70.0,HIGH,Healthy,HIGH,True,Healthy,True,True
1111,138,70.0,HIGH,Healthy,HIGH,True,Healthy,True,True
1062,194,70.0,HIGH,Healthy,HIGH,True,Healthy,True,True
1117,130,70.0,HIGH,Healthy,HIGH,True,Healthy,True,True
1183,55,70.0,HIGH,Healthy,HIGH,True,Healthy,True,True
1172,110,70.0,HIGH,Healthy,HIGH,True,Healthy,True,True
1059,75,70.0,HIGH,Healthy,HIGH,True,Healthy,True,True
1031,191,70.0,HIGH,Healthy,HIGH,True,Healthy,True,True
1157,115,70.0,HIGH,Healthy,HIGH,True,Healthy,True,True
1022,150,70.0,HIGH,Healthy,HIGH,True,Healthy,True,True
1174,105,70.0,HIGH,Healthy,HIGH,True,Healthy,True,True
1096,80,70.0,HIGH,Healthy,HIGH,True,Healthy,True,True
1007,212,70.0,HIGH,Healthy,HIGH,True,Healthy,True,True
1104,153,70.0,HIGH,Healthy,HIGH,True,Healthy,True,True
1102,172,70.0,HIGH,Healthy,HIGH,True,Healthy,True,True
1085,84,70.0,HIGH,Healthy,HIGH,True,Healthy,True,True
1072,68,70.0,HIGH,Healthy,HIGH,True,Healthy,True,True
1140,155,70.0,HIGH,Healthy,HIGH,True,Healthy,True,True
1186,187,70.0,HIGH,Healthy,HIGH,True,Healthy,True,True
1063,94,70.0,HIGH,Healthy,HIGH,True,Healthy,True,True
1009,131,70.0,HIGH,Healthy,HIGH,True,Healthy,True,True
1073,77,70.0,HIGH,Healthy,HIGH,True,Healthy,True,True
1005,140,70.0,HIGH,Healthy,HIGH,True,Healthy,True,True
1163,88,70.0,HIGH,Healthy,HIGH,True,Healthy,True,True
1056,160,70.0,HIGH,Healthy,HIGH,True,Healthy,True,True
1014,244,70.0,HIGH,Healthy,HIGH,True,Healthy,True,True
1011,109,70.0,HIGH,Healthy,HIGH,True,Healthy,True,True
1179,113,70.0,HIGH,Healthy,HIGH,True,Healthy,True,True
1148,140,70.0,HIGH,Healthy,HIGH,True,Healthy,True,True
1019,151,70.0,HIGH,Healthy,HIGH,True,Healthy,True,True
1135,152,70.0,HIGH,Healthy,HIGH,True,Healthy,True,True
1116,170,70.0,HIGH,Healthy,HIGH,True,Healthy,True,True
1030,122,70.0,HIGH,Healthy,HIGH,True,Healthy,True,True
1130,99,70.0,HIGH,Healthy,HIGH,True,Healthy,True,True
1069,300,70.0,HIGH,Healthy,HIGH,True,Healthy,True,True
1121,321,70.0,HIGH,Healthy,HIGH,True,Healthy,True,True
1137,259,70.0,HIGH,Healthy,HIGH,True,Healthy,True,True
1109,78,70.0,HIGH,Healthy,HIGH,True,Healthy,True,True
1131,137,70.0,HIGH,Healthy,HIGH,True,Healthy,True,True
1068,152,70.0,HIGH,Healthy,HIGH,True,Healthy,True,True
1153,119,70.0,HIGH,Healthy,HIGH,True,Healthy,True,True
1034,97,70.0,HIGH,Healthy,HIGH,True,Healthy,True,True
1145,176,70.0,HIGH,Healthy,HIGH,True,Healthy,True,True
1098,69,70.0,HIGH,Healthy,HIGH,True,Healthy,True,True
1023,161,70.0,HIGH,Healthy,HIGH,True,Healthy,True,True
1084,88,70.0,HIGH,Healthy,HIGH,True,Healthy,True,True
1108,234,70.0,HIGH,Healthy,HIGH,True,Healthy,True,True
1046,187,70.0,HIGH,Healthy,HIGH,True,Healthy,True,True
1097,203,70.0,HIGH,Healthy,HIGH,True,Healthy,True,True
1170,228,70.0,HIGH,Healthy,HIGH,True,Healthy,True,True
1133,117,70.0,HIGH,Healthy,HIGH,True,Healthy,True,True
1125,86,70.0,HIGH,Healthy,HIGH,True,Healthy,True,True
1177,105,70.0,HIGH,Healthy,HIGH,True,Healthy,True,True
1118,167,70.0,HIGH,Healthy,HIGH,True,Healthy,True,True
1053,154,70.0,HIGH,Healthy,HIGH,True,Healthy,True,True
1196,139,70.0,HIGH,Healthy,HIGH,True,Healthy,True,True
1078,102,70.0,HIGH,Healthy,HIGH,True,Healthy,True,True
1134,195,70.0,HIGH,Healthy,HIGH,True,Healthy,True,True
1015,228,70.0,HIGH,Healthy,HIGH,True,Healthy,True,True
1139,202,70.0,HIGH,Healthy,HIGH,True,Healthy,True,True
1126,231,70.0,HIGH,Healthy,HIGH,True,Healthy,True,True
1100,157,70.0,HIGH,Healthy,HIGH,True,Healthy,True,True
1050,136,70.0,HIGH,Healthy,HIGH,True,Healthy,True,True
1143,127,70.0,HIGH,Healthy,HIGH,True,Healthy,True,True
1116,215,70.0,HIGH,Healthy,HIGH,True,Healthy,True,True
1186,213,70.0,HIGH,Healthy,HIGH,True,Healthy,True,True
1175,154,70.0,HIGH,Healthy,HIGH,True,Healthy,True,True
1100,128,70.0,HIGH,Healthy,HIGH,True,Healthy,True,True
1087,105,70.0,HIGH,Healthy,HIGH,True,Healthy,True,True
1097,247,70.0,HIGH,Healthy,HIGH,True,Healthy,True,True
1060,83,70.0,HIGH,Healthy,HIGH,True,Healthy,True,True
1133,129,70.0,HIGH,Healthy,HIGH,True,Healthy,True,True
1091,108,70.0,HIGH,Healthy,HIGH,True,Healthy,True,True
1177,114,70.0,HIGH,Healthy,HIGH,True,Healthy,True,True
1001,130,70.0,HIGH,Healthy,HIGH,True,Healthy,True,True
1198,181,70.0,HIGH,Healthy,HIGH,True,Healthy,True,True
1146,259,70.0,HIGH,Healthy,HIGH,True,Healthy,True,True
1190,236,70.0,HIGH,Healthy,HIGH,True,Healthy,True,True
1027,228,70.0,HIGH,Healthy,HIGH,True,Healthy,True,True
1115,161,70.0,HIGH,Healthy,HIGH,True,Healthy,True,True
1029,229,70.0,HIGH,Healthy,HIGH,True,Healthy,True,True
1110,134,70.0,HIGH,Healthy,HIGH,True,Healthy,True,True
1002,149,70.0,HIGH,Healthy,HIGH,True,Healthy,True,True
1014,119,70.0,HIGH,Healthy,HIGH,True,Healthy,True,True
1062,110,70.0,HIGH,Healthy,HIGH,True,Healthy,True,True
1048,239,70.0,HIGH,Healthy,HIGH,True,Healthy,True,True
1080,227,70.0,HIGH,Healthy,HIGH,True,Healthy,True,True
1096,61,70.0,HIGH,Healthy,HIGH,True,Healthy,True,True
1015,173,70.0,HIGH,Healthy,HIGH,True,Healthy,True,True
1026,167,70.0,HIGH,Healthy,HIGH,True,Healthy,True,True
1032,177,70.0,HIGH,Healthy,HIGH,True,Healthy,True,True
1124,190,70.0,HIGH,Healthy,HIGH,True,Healthy,True,True
1136,199,70.0,HIGH,Healthy,HIGH,True,Healthy,True,True
1020,190,70.0,HIGH,Healthy,HIGH,True,Healthy,True,True
1040,130,70.0,HIGH,Healthy,HIGH,True,Healthy,True,True
1114,67,70.0,HIGH,Healthy,HIGH,True,Healthy,True,True
1172,84,70.0,HIGH,Healthy,HIGH,True,Healthy,True,True
1010,246,70.0,HIGH,Healthy,HIGH,True,Healthy,True,True
1083,95,70.0,HIGH,Healthy,HIGH,True,Healthy,True,True
1166,287,70.0,HIGH,Healthy,HIGH,True,Healthy,True,True
1128,271,70.0,HIGH,Healthy,HIGH,True,Healthy,True,True
1154,126,70.0,HIGH,Healthy,HIGH,True,Healthy,True,True
1055,226,70.0,HIGH,Healthy,HIGH,True,Healthy,True,True
1135,85,70.0,HIGH,Healthy,HIGH,True,Healthy,True,True
1195,239,70.0,HIGH,Healthy,HIGH,True,Healthy,True,True
1082,158,70.0,HIGH,Healthy,HIGH,True,Healthy,True,True
1044,168,70.0,HIGH,Healthy,HIGH,True,Healthy,True,True
1192,210,70.0,HIGH,Healthy,HIGH,True,Healthy,True,True
1199,129,70.0,HIGH,Healthy,HIGH,True,Healthy,True,True
1113,94,70.0,HIGH,Healthy,HIGH,True,Healthy,True,True
1017,167,70.0,HIGH,Healthy,HIGH,True,Healthy,True,True
1081,95,70.0,HIGH,Healthy,HIGH,True,Healthy,True,True
1171,117,70.0,HIGH,Healthy,HIGH,True,Healthy,True,True
1054,211,70.0,HIGH,Healthy,HIGH,True,Healthy,True,True
1194,152,70.0,HIGH,Healthy,HIGH,True,Healthy,True,True
1024,256,70.0,HIGH,Healthy,HIGH,True,Healthy,True,True
1037,101,70.0,HIGH,Healthy,HIGH,True,Healthy,True,True
1178,236,70.0,HIGH,Healthy,HIGH,True,Healthy,True,True
1089,102,70.0,HIGH,Healthy,HIGH,True,Healthy,True,True
1045,75,70.0,HIGH,Healthy,HIGH,True,Healthy,True,True
1098,153,70.0,HIGH,Healthy,HIGH,True,Healthy,True,True
1079,262,70.0,HIGH,Healthy,HIGH,True,Healthy,True,True
1036,73,70.0,HIGH,Healthy,HIGH,True,Healthy,True,True
1056,105,70.0,HIGH,Healthy,HIGH,True,Healthy,True,True
1021,315,70.0,HIGH,Healthy,HIGH,True,Healthy,True,True
1145,136,70.0,HIGH,Healthy,HIGH,True,Healthy,True,True
1126,99,70.0,HIGH,Healthy,HIGH,True,Healthy,True,True
1148,193,70.0,HIGH,Healthy,HIGH,True,Healthy,True,True
1189,107,70.0,HIGH,Healthy,HIGH,True,Healthy,True,True
1127,123,70.0,HIGH,Healthy,HIGH,True,Healthy,True,True
1151,105,70.0,HIGH,Healthy,HIGH,True,Healthy,True,True
1104,280,70.0,HIGH,Healthy,HIGH,True,Healthy,True,True
1182,104,70.0,HIGH,Healthy,HIGH,True,Healthy,True,True
1076,188,70.0,HIGH,Healthy,HIGH,True,Healthy,True,True
1105,264,70.0,HIGH,Healthy,HIGH,True,Healthy,True,True
1073,84,70.0,HIGH,Healthy,HIGH,True,Healthy,True,True
1197,77,70.0,HIGH,Healthy,HIGH,True,Healthy,True,True
1111,237,70.0,HIGH,Healthy,HIGH,True,Healthy,True,True
1160,218,70.0,HIGH,Healthy,HIGH,True,Healthy,True,True
1061,135,70.0,HIGH,Healthy,HIGH,True,Healthy,True,True
1106,168,70.0,HIGH,Healthy,HIGH,True,Healthy,True,True
1059,111,70.0,HIGH,Healthy,HIGH,True,Healthy,True,True
1139,209,70.0,HIGH,Healthy,HIGH,True,Healthy,True,True
1191,189,70.0,HIGH,Healthy,HIGH,True,Healthy,True,True
1102,243,70.0,HIGH,Healthy,HIGH,True,Healthy,True,True
1163,196,70.0,HIGH,Healthy,HIGH,True,Healthy,True,True
1150,57,70.0,HIGH,Healthy,HIGH,True,Healthy,True,True
1007,171,70.0,HIGH,Healthy,HIGH,True,Healthy,True,True
1063,205,70.0,HIGH,Healthy,HIGH,True,Healthy,True,True
1071,235,70.0,HIGH,Healthy,HIGH,True,Healthy,True,True
1179,176,70.0,HIGH,Healthy,HIGH,True,Healthy,True,True
1086,335,70.0,HIGH,Healthy,HIGH,True,Healthy,True,True
1047,135,70.0,HIGH,Healthy,HIGH,True,Healthy,True,True
1164,89,70.0,HIGH,Healthy,HIGH,True,Healthy,True,True
1042,332,70.0,HIGH,Healthy,HIGH,True,Healthy,True,True
1078,55,70.0,HIGH,Healthy,HIGH,True,Healthy,True,True
1018,127,70.0,HIGH,Healthy,HIGH,True,Healthy,True,True
1196,296,70.0,HIGH,Healthy,HIGH,True,Healthy,True,True
1157,146,70.0,HIGH,Healthy,HIGH,True,Healthy,True,True
1074,129,70.0,HIGH,Healthy,HIGH,True,Healthy,True,True
1117,94,70.0,HIGH,Healthy,HIGH,True,Healthy,True,True
1130,213,70.0,HIGH,Healthy,HIGH,True,Healthy,True,True
1088,191,70.0,HIGH,Healthy,HIGH,True,Healthy,True,True
1092,169,70.0,HIGH,Healthy,HIGH,True,Healthy,True,True
1030,195,70.0,HIGH,Healthy,HIGH,True,Healthy,True,True
1043,85,70.0,HIGH,Healthy,HIGH,True,Healthy,True,True
1065,135,70.0,HIGH,Healthy,HIGH,True,Healthy,True,True
1011,137,70.0,HIGH,Healthy,HIGH,True,Healthy,True,True
1034,86,70.0,HIGH,Healthy,HIGH,True,Healthy,True,True
1012,277,70.0,HIGH,Healthy,HIGH,True,Healthy,True,True
1028,107,70.0,HIGH,Healthy,HIGH,True,Healthy,True,True
1004,134,70.0,HIGH,Healthy,HIGH,True,Healthy,True,True
1064,92,70.0,HIGH,Healthy,HIGH,True,Healthy,True,True
1108,227,70.0,HIGH,Healthy,HIGH,True,Healthy,True,True
1101,168,70.0,HIGH,Healthy,HIGH,True,Healthy,True,True
1057,264,70.0,HIGH,Healthy,HIGH,True,Healthy,True,True
1193,208,70.0,HIGH,Healthy,HIGH,True,Healthy,True,True
1085,205,70.0,HIGH,Healthy,HIGH,True,Healthy,True,True
1144,109,70.0,HIGH,Healthy,HIGH,True,Healthy,True,True
1153,111,70.0,HIGH,Healthy,HIGH,True,Healthy,True,True
1049,156,70.0,HIGH,Healthy,HIGH,True,Healthy,True,True
1003,136,70.0,HIGH,Healthy,HIGH,True,Healthy,True,True
1041,269,70.0,HIGH,Healthy,HIGH,True,Healthy,True,True
1023,139,70.0,HIGH,Healthy,HIGH,True,Healthy,True,True
1103,186,70.0,HIGH,Healthy,HIGH,True,Healthy,True,True
1009,65,70.0,HIGH,Healthy,HIGH,True,Healthy,True,True
1118,106,70.0,HIGH,Healthy,HIGH,True,Healthy,True,True
1051,139,70.0,HIGH,Healthy,HIGH,True,Healthy,True,True
1005,185,70.0,HIGH,Healthy,HIGH,True,Healthy,True,True
1184,131,70.0,HIGH,Healthy,HIGH,True,Healthy,True,True
1137,249,70.0,HIGH,Healthy,HIGH,True,Healthy,True,True
1035,104,70.0,HIGH,Healthy,HIGH,True,Healthy,True,True
1090,231,70.0,HIGH,Healthy,HIGH,True,Healthy,True,True
1093,235,70.0,HIGH,Healthy,HIGH,True,Healthy,True,True
1016,256,70.0,HIGH,Healthy,HIGH,True,Healthy,True,True
1125,154,70.0,HIGH,Healthy,HIGH,True,Healthy,True,True
1185,139,70.0,HIGH,Healthy,HIGH,True,Healthy,True,True
1165,160,70.0,HIGH,Healthy,HIGH,True,Healthy,True,True
1156,197,70.0,HIGH,Healthy,HIGH,True,Healthy,True,True
1173,146,70.0,HIGH,Healthy,HIGH,True,Healthy,True,True
1075,243,70.0,HIGH,Healthy,HIGH,True,Healthy,True,True
1084,160,70.0,HIGH,Healthy,HIGH,True,Healthy,True,True
1095,218,70.0,HIGH,Healthy,HIGH,True,Healthy,True,True
1142,58,70.0,HIGH,Healthy,HIGH,True,Healthy,True,True
1132,83,70.0,HIGH,Healthy,HIGH,True,Healthy,True,True
1013,145,70.0,HIGH,Healthy,HIGH,True,Healthy,True,True
1121,213,70.0,HIGH,Healthy,HIGH,True,Healthy,True,True
1112,136,70.0,HIGH,Healthy,HIGH,True,Healthy,True,True
1140,199,70.0,HIGH,Healthy,HIGH,True,Healthy,True,True
1067,181,70.0,HIGH,Healthy,HIGH,True,Healthy,True,True
1068,140,70.0,HIGH,Healthy,HIGH,True,Healthy,True,True
1200,124,70.0,HIGH,Healthy,HIGH,True,Healthy,True,True
1180,118,70.0,HIGH,Healthy,HIGH,True,Healthy,True,True
1052,104,70.0,HIGH,Healthy,HIGH,True,Healthy,True,True
1158,195,70.0,HIGH,Healthy,HIGH,True,Healthy,True,True
1161,70,70.0,HIGH,Healthy,HIGH,True,Healthy,True,True
1131,101,70.0,HIGH,Healthy,HIGH,True,Healthy,True,True
1082,254,70.0,HIGH,Healthy,HIGH,True,Healthy,True,True
1170,134,70.0,HIGH,Healthy,HIGH,True,Healthy,True,True
1087,278,70.0,HIGH,Healthy,HIGH,True,Healthy,True,True
1050,155,70.0,HIGH,Healthy,HIGH,True,Healthy,True,True
1115,178,70.0,HIGH,Healthy,HIGH,True,Healthy,True,True
1181,172,70.0,HIGH,Healthy,HIGH,True,Healthy,True,True
1048,251,70.0,HIGH,Healthy,HIGH,True,Healthy,True,True
1142,143,70.0,HIGH,Healthy,HIGH,True,Healthy,True,True
1030,200,70.0,HIGH,Healthy,HIGH,True,Healthy,True,True
1051,149,70.0,HIGH,Healthy,HIGH,True,Healthy,True,True
1167,217,70.0,HIGH,Healthy,HIGH,True,Healthy,True,True
1190,114,70.0,HIGH,Healthy,HIGH,True,Healthy,True,True
1118,204,70.0,HIGH,Healthy,HIGH,True,Healthy,True,True
1045,135,70.0,HIGH,Healthy,HIGH,True,Healthy,True,True
1159,119,70.0,HIGH,Healthy,HIGH,True,Healthy,True,True
1172,160,70.0,HIGH,Healthy,HIGH,True,Healthy,True,True
1145,116,70.0,HIGH,Healthy,HIGH,True,Healthy,True,True
1094,279,70.0,HIGH,Healthy,HIGH,True,Healthy,True,True
1116,155,70.0,HIGH,Healthy,HIGH,True,Healthy,True,True
1036,152,70.0,HIGH,Healthy,HIGH,True,Healthy,True,True
1174,114,70.0,HIGH,Healthy,HIGH,True,Healthy,True,True
1173,94,70.0,HIGH,Healthy,HIGH,True,Healthy,True,True
1122,303,70.0,HIGH,Healthy,HIGH,True,Healthy,True,True
1106,243,70.0,HIGH,Healthy,HIGH,True,Healthy,True,True
1061,231,70.0,HIGH,Healthy,HIGH,True,Healthy,True,True
1011,283,70.0,HIGH,Healthy,HIGH,True,Healthy,True,True
1162,186,70.0,HIGH,Healthy,HIGH,True,Healthy,True,True
1163,169,70.0,HIGH,Healthy,HIGH,True,Healthy,True,True
1033,224,70.0,HIGH,Healthy,HIGH,True,Healthy,True,True
1103,292,70.0,HIGH,Healthy,HIGH,True,Healthy,True,True
1166,448,70.0,HIGH,Healthy,HIGH,True,Healthy,True,True
1200,229,70.0,HIGH,Healthy,HIGH,True,Healthy,True,True
1121,177,70.0,HIGH,Healthy,HIGH,True,Healthy,True,True
1131,306,70.0,HIGH,Healthy,HIGH,True,Healthy,True,True
1183,141,70.0,HIGH,Healthy,HIGH,True,Healthy,True,True
1151,167,70.0,HIGH,Healthy,HIGH,True,Healthy,True,True
1053,288,70.0,HIGH,Healthy,HIGH,True,Healthy,True,True
1161,82,70.0,HIGH,Healthy,HIGH,True,Healthy,True,True
1176,353,70.0,HIGH,Healthy,HIGH,True,Healthy,True,True
1015,267,70.0,HIGH,Healthy,HIGH,True,Healthy,True,True
1126,346,70.0,HIGH,Healthy,HIGH,True,Healthy,True,True
1112,236,70.0,HIGH,Healthy,HIGH,True,Healthy,True,True
1191,312,70.0,HIGH,Healthy,HIGH,True,Healthy,True,True
1035,202,70.0,HIGH,Healthy,HIGH,True,Healthy,True,True
1063,354,70.0,HIGH,Healthy,HIGH,True,Healthy,True,True
1138,229,70.0,HIGH,Healthy,HIGH,True,Healthy,True,True
1085,107,70.0,HIGH,Healthy,HIGH,True,Healthy,True,True
1060,176,70.0,HIGH,Healthy,HIGH,True,Healthy,True,True
1152,108,70.0,HIGH,Healthy,HIGH,True,Healthy,True,True
1100,200,70.0,HIGH,Healthy,HIGH,True,Healthy,True,True
1188,371,70.0,HIGH,Healthy,HIGH,True,Healthy,True,True
1078,191,70.0,HIGH,Healthy,HIGH,True,Healthy,True,True
1003,91,70.0,HIGH,Healthy,HIGH,True,Healthy,True,True
1034,269,70.0,HIGH,Healthy,HIGH,True,Healthy,True,True
1037,81,70.0,HIGH,Healthy,HIGH,True,Healthy,True,True
1054,129,70.0,HIGH,Healthy,HIGH,True,Healthy,True,True
1198,168,70.0,HIGH,Healthy,HIGH,True,Healthy,True,True
1041,338,70.0,HIGH,Healthy,HIGH,True,Healthy,True,True
1025,172,70.0,HIGH,Healthy,HIGH,True,Healthy,True,True
1044,280,70.0,HIGH,Healthy,HIGH,True,Healthy,True,True
1185,232,70.0,HIGH,Healthy,HIGH,True,Healthy,True,True
1001,92,70.0,HIGH,Healthy,HIGH,True,Healthy,True,True
1160,286,70.0,HIGH,Healthy,HIGH,True,Healthy,True,True
1132,282,70.0,HIGH,Healthy,HIGH,True,Healthy,True,True
1134,208,70.0,HIGH,Healthy,HIGH,True,Healthy,True,True
1194,314,70.0,HIGH,Healthy,HIGH,True,Healthy,True,True
1020,145,70.0,HIGH,Healthy,HIGH,True,Healthy,True,True
1012,265,70.0,HIGH,Healthy,HIGH,True,Healthy,True,True
1081,303,70.0,HIGH,Healthy,HIGH,True,Healthy,True,True
1140,237,70.0,HIGH,Healthy,HIGH,True,Healthy,True,True
1104,339,70.0,HIGH,Healthy,HIGH,True,Healthy,True,True
1049,128,70.0,HIGH,Healthy,HIGH,True,Healthy,True,True
1076,213,70.0,HIGH,Healthy,HIGH,True,Healthy,True,True
1074,110,70.0,HIGH,Healthy,HIGH,True,Healthy,True,True
1008,257,70.0,HIGH,Healthy,HIGH,True,Healthy,True,True
1056,182,70.0,HIGH,Healthy,HIGH,True,Healthy,True,True
1187,232,70.0,HIGH,Healthy,HIGH,True,Healthy,True,True
1180,371,70.0,HIGH,Healthy,HIGH,True,Healthy,True,True
1196,346,70.0,HIGH,Healthy,HIGH,True,Healthy,True,True
1022,244,70.0,HIGH,Healthy,HIGH,True,Healthy,True,True
1016,153,70.0,HIGH,Healthy,HIGH,True,Healthy,True,True
1182,130,70.0,HIGH,Healthy,HIGH,True,Healthy,True,True
1062,278,70.0,HIGH,Healthy,HIGH,True,Healthy,True,True
1157,259,70.0,HIGH,Healthy,HIGH,True,Healthy,True,True
1155,143,70.0,HIGH,Healthy,HIGH,True,Healthy,True,True
1023,132,70.0,HIGH,Healthy,HIGH,True,Healthy,True,True
1113,153,70.0,HIGH,Healthy,HIGH,True,Healthy,True,True
1128,204,70.0,HIGH,Healthy,HIGH,True,Healthy,True,True
1028,187,70.0,HIGH,Healthy,HIGH,True,Healthy,True,True
1072,101,70.0,HIGH,Healthy,HIGH,True,Healthy,True,True
1192,313,70.0,HIGH,Healthy,HIGH,True,Healthy,True,True
1010,436,70.0,HIGH,Healthy,HIGH,True,Healthy,True,True
1091,305,70.0,HIGH,Healthy,HIGH,True,Healthy,True,True
1135,189,70.0,HIGH,Healthy,HIGH,True,Healthy,True,True
1149,142,70.0,HIGH,Healthy,HIGH,True,Healthy,True,True
1040,134,70.0,HIGH,Healthy,HIGH,True,Healthy,True,True
1147,275,70.0,HIGH,Healthy,HIGH,True,Healthy,True,True
1125,210,70.0,HIGH,Healthy,HIGH,True,Healthy,True,True
1098,123,70.0,HIGH,Healthy,HIGH,True,Healthy,True,True
1093,249,70.0,HIGH,Healthy,HIGH,True,Healthy,True,True
1075,149,70.0,HIGH,Healthy,HIGH,True,Healthy,True,True
1089,86,70.0,HIGH,Healthy,HIGH,True,Healthy,True,True
1110,411,70.0,HIGH,Healthy,HIGH,True,Healthy,True,True
1073,153,70.0,HIGH,Healthy,HIGH,True,Healthy,True,True
1029,444,70.0,HIGH,Healthy,HIGH,True,Healthy,True,True
1083,141,70.0,HIGH,Healthy,HIGH,True,Healthy,True,True
1066,191,70.0,HIGH,Healthy,HIGH,True,Healthy,True,True
1124,123,70.0,HIGH,Healthy,HIGH,True,Healthy,True,True
1002,247,70.0,HIGH,Healthy,HIGH,True,Healthy,True,True
1195,255,70.0,HIGH,Healthy,HIGH,True,Healthy,True,True
1058,244,70.0,HIGH,Healthy,HIGH,True,Healthy,True,True
1004,223,70.0,HIGH,Healthy,HIGH,True,Healthy,True,True
1102,190,70.0,HIGH,Healthy,HIGH,True,Healthy,True,True
1197,180,70.0,HIGH,Healthy,HIGH,True,Healthy,True,True
1199,131,70.0,HIGH,Healthy,HIGH,True,Healthy,True,True
1178,274,70.0,HIGH,Healthy,HIGH,True,Healthy,True,True
1120,415,70.0,HIGH,Healthy,HIGH,True,Healthy,True,True
1038,116,70.0,HIGH,Healthy,HIGH,True,Healthy,True,True
1130,199,70.0,HIGH,Healthy,HIGH,True,Healthy,True,True
1014,176,70.0,HIGH,Healthy,HIGH,True,Healthy,True,True
1067,196,70.0,HIGH,Healthy,HIGH,True,Healthy,True,True
1065,159,70.0,HIGH,Healthy,HIGH,True,Healthy,True,True
1148,126,70.0,HIGH,Healthy,HIGH,True,Healthy,True,True
1153,169,70.0,HIGH,Healthy,HIGH,True,Healthy,True,True
1039,345,70.0,HIGH,Healthy,HIGH,True,Healthy,True,True
1006,207,70.0,HIGH,Healthy,HIGH,True,Healthy,True,True
1117,133,70.0,HIGH,Healthy,HIGH,True,Healthy,True,True
1086,200,70.0,HIGH,Healthy,HIGH,True,Healthy,True,True
1129,112,70.0,HIGH,Healthy,HIGH,True,Healthy,True,True
1193,174,70.0,HIGH,Healthy,HIGH,True,Healthy,True,True
1146,288,70.0,HIGH,Healthy,HIGH,True,Healthy,True,True
1024,183,70.0,HIGH,Healthy,HIGH,True,Healthy,True,True
1114,88,70.0,HIGH,Healthy,HIGH,True,Healthy,True,True
1064,314,70.0,HIGH,Healthy,HIGH,True,Healthy,True,True
1107,189,70.0,HIGH,Healthy,HIGH,True,Healthy,True,True
1136,290,70.0,HIGH,Healthy,HIGH,True,Healthy,True,True
1059,150,70.0,HIGH,Healthy,HIGH,True,Healthy,True,True
1055,246,70.0,HIGH,Healthy,HIGH,True,Healthy,True,True
1046,246,70.0,HIGH,Healthy,HIGH,True,Healthy,True,True
1133,142,70.0,HIGH,Healthy,HIGH,True,Healthy,True,True
1171,110,70.0,HIGH,Healthy,HIGH,True,Healthy,True,True
1165,132,70.0,HIGH,Healthy,HIGH,True,Healthy,True,True
1088,93,70.0,HIGH,Healthy,HIGH,True,Healthy,True,True
1099,179,70.0,HIGH,Healthy,HIGH,True,Healthy,True,True
1137,245,70.0,HIGH,Healthy,HIGH,True,Healthy,True,True
1154,187,70.0,HIGH,Healthy,HIGH,True,Healthy,True,True
1090,155,70.0,HIGH,Healthy,HIGH,True,Healthy,True,True
1018,169,70.0,HIGH,Healthy,HIGH,True,Healthy,True,True
1026,251,70.0,HIGH,Healthy,HIGH,True,Healthy,True,True
1164,208,70.0,HIGH,Healthy,HIGH,True,Healthy,True,True
1070,316,70.0,HIGH,Healthy,HIGH,True,Healthy,True,True
1144,173,70.0,HIGH,Healthy,HIGH,True,Healthy,True,True
1057,352,70.0,HIGH,Healthy,HIGH,True,Healthy,True,True
1187,96,70.0,HIGH,Healthy,HIGH,True,Healthy,True,True
1196,242,70.0,HIGH,Healthy,HIGH,True,Healthy,True,True
1186,156,70.0,HIGH,Healthy,HIGH,True,Healthy,True,True
1161,147,70.0,HIGH,Healthy,HIGH,True,Healthy,True,True
1119,293,70.0,HIGH,Healthy,HIGH,True,Healthy,True,True
1025,181,70.0,HIGH,Healthy,HIGH,True,Healthy,True,True
1054,220,70.0,HIGH,Healthy,HIGH,True,Healthy,True,True
1110,157,70.0,HIGH,Healthy,HIGH,True,Healthy,True,True
1104,177,70.0,HIGH,Healthy,HIGH,True,Healthy,True,True
1034,185,70.0,HIGH,Healthy,HIGH,True,Healthy,True,True
1002,204,70.0,HIGH,Healthy,HIGH,True,Healthy,True,True
1168,197,70.0,HIGH,Healthy,HIGH,True,Healthy,True,True
1060,143,70.0,HIGH,Healthy,HIGH,True,Healthy,True,True
1074,177,70.0,HIGH,Healthy,HIGH,True,Healthy,True,True
1106,229,70.0,HIGH,Healthy,HIGH,True,Healthy,True,True
1135,82,70.0,HIGH,Healthy,HIGH,True,Healthy,True,True
1149,104,70.0,HIGH,Healthy,HIGH,True,Healthy,True,True
1101,246,70.0,HIGH,Healthy,HIGH,True,Healthy,True,True
1053,118,70.0,HIGH,Healthy,HIGH,True,Healthy,True,True
1115,86,70.0,HIGH,Healthy,HIGH,True,Healthy,True,True
1057,145,70.0,HIGH,Healthy,HIGH,True,Healthy,True,True
1030,212,70.0,HIGH,Healthy,HIGH,True,Healthy,True,True
1166,242,70.0,HIGH,Healthy,HIGH,True,Healthy,True,True
1172,103,70.0,HIGH,Healthy,HIGH,True,Healthy,True,True
1087,250,70.0,HIGH,Healthy,HIGH,True,Healthy,True,True
1189,108,70.0,HIGH,Healthy,HIGH,True,Healthy,True,True
1126,197,70.0,HIGH,Healthy,HIGH,True,Healthy,True,True
1028,97,70.0,HIGH,Healthy,HIGH,True,Healthy,True,True
1127,138,70.0,HIGH,Healthy,HIGH,True,Healthy,True,True
1129,93,70.0,HIGH,Healthy,HIGH,True,Healthy,True,True
1067,148,70.0,HIGH,Healthy,HIGH,True,Healthy,True,True
1041,212,70.0,HIGH,Healthy,HIGH,True,Healthy,True,True
1180,239,70.0,HIGH,Healthy,HIGH,True,Healthy,True,True
1069,122,70.0,HIGH,Healthy,HIGH,True,Healthy,True,True
1137,140,70.0,HIGH,Healthy,HIGH,True,Healthy,True,True
1176,103,70.0,HIGH,Healthy,HIGH,True,Healthy,True,True
1091,102,70.0,HIGH,Healthy,HIGH,True,Healthy,True,True
1138,202,70.0,HIGH,Healthy,HIGH,True,Healthy,True,True
1017,115,70.0,HIGH,Healthy,HIGH,True,Healthy,True,True
1123,154,70.0,HIGH,Healthy,HIGH,True,Healthy,True,True
1015,229,70.0,HIGH,Healthy,HIGH,True,Healthy,True,True
1125,107,70.0,HIGH,Healthy,HIGH,True,Healthy,True,True
1073,126,70.0,HIGH,Healthy,HIGH,True,Healthy,True,True
1155,134,70.0,HIGH,Healthy,HIGH,True,Healthy,True,True
1058,129,70.0,HIGH,Healthy,HIGH,True,Healthy,True,True
1195,147,70.0,HIGH,Healthy,HIGH,True,Healthy,True,True
1136,159,70.0,HIGH,Healthy,HIGH,True,Healthy,True,True
1188,246,70.0,HIGH,Healthy,HIGH,True,Healthy,True,True
1090,83,70.0,HIGH,Healthy,HIGH,True,Healthy,True,True
1122,241,70.0,HIGH,Healthy,HIGH,True,Healthy,True,True
1038,104,70.0,HIGH,Healthy,HIGH,True,Healthy,True,True
1037,148,70.0,HIGH,Healthy,HIGH,True,Healthy,True,True
1099,137,70.0,HIGH,Healthy,HIGH,True,Healthy,True,True
1019,133,70.0,HIGH,Healthy,HIGH,True,Healthy,True,True
1175,70,70.0,HIGH,Healthy,HIGH,True,Healthy,True,True
1029,269,70.0,HIGH,Healthy,HIGH,True,Healthy,True,True
1154,166,70.0,HIGH,Healthy,HIGH,True,Healthy,True,True
1169,146,70.0,HIGH,Healthy,HIGH,True,Healthy,True,True
1027,127,70.0,HIGH,Healthy,HIGH,True,Healthy,True,True
1020,234,70.0,HIGH,Healthy,HIGH,True,Healthy,True,True
1045,65,70.0,HIGH,Healthy,HIGH,True,Healthy,True,True
1133,142,70.0,HIGH,Healthy,HIGH,True,Healthy,True,True
1014,168,70.0,HIGH,Healthy,HIGH,True,Healthy,True,True
1088,153,70.0,HIGH,Healthy,HIGH,True,Healthy,True,True
1112,177,70.0,HIGH,Healthy,HIGH,True,Healthy,True,True
1008,91,70.0,HIGH,Healthy,HIGH,True,Healthy,True,True
1012,214,70.0,HIGH,Healthy,HIGH,True,Healthy,True,True
1190,222,70.0,HIGH,Healthy,HIGH,True,Healthy,True,True
1005,136,70.0,HIGH,Healthy,HIGH,True,Healthy,True,True
1150,137,70.0,HIGH,Healthy,HIGH,True,Healthy,True,True
1081,201,70.0,HIGH,Healthy,HIGH,True,Healthy,True,True
1052,173,70.0,HIGH,Healthy,HIGH,True,Healthy,True,True
1080,206,70.0,HIGH,Healthy,HIGH,True,Healthy,True,True
1114,88,70.0,HIGH,Healthy,HIGH,True,Healthy,True,True
1105,291,70.0,HIGH,Healthy,HIGH,True,Healthy,True,True
1092,164,70.0,HIGH,Healthy,HIGH,True,Healthy,True,True
1043,130,70.0,HIGH,Healthy,HIGH,True,Healthy,True,True
1056,263,70.0,HIGH,Healthy,HIGH,True,Healthy,True,True
1098,56,70.0,HIGH,Healthy,HIGH,True,Healthy,True,True
1068,81,70.0,HIGH,Healthy,HIGH,True,Healthy,True,True
1011,169,70.0,HIGH,Healthy,HIGH,True,Healthy,True,True
1016,235,70.0,HIGH,Healthy,HIGH,True,Healthy,True,True
1173,143,70.0,HIGH,Healthy,HIGH,True,Healthy,True,True
1107,64,70.0,HIGH,Healthy,HIGH,True,Healthy,True,True
1132,175,70.0,HIGH,Healthy,HIGH,True,Healthy,True,True
1100,139,70.0,HIGH,Healthy,HIGH,True,Healthy,True,True
1077,106,70.0,HIGH,Healthy,HIGH,True,Healthy,True,True
1159,133,70.0,HIGH,Healthy,HIGH,True,Healthy,True,True
1102,121,70.0,HIGH,Healthy,HIGH,True,Healthy,True,True
1194,232,70.0,HIGH,Healthy,HIGH,True,Healthy,True,True
1093,95,70.0,HIGH,Healthy,HIGH,True,Healthy,True,True
1158,223,70.0,HIGH,Healthy,HIGH,True,Healthy,True,True
1163,170,70.0,HIGH,Healthy,HIGH,True,Healthy,True,True
1097,166,70.0,HIGH,Healthy,HIGH,True,Healthy,True,True
1153,126,70.0,HIGH,Healthy,HIGH,True,Healthy,True,True
1094,254,70.0,HIGH,Healthy,HIGH,True,Healthy,True,True
1031,215,70.0,HIGH,Healthy,HIGH,True,Healthy,True,True
1143,136,70.0,HIGH,Healthy,HIGH,True,Healthy,True,True
1121,182,70.0,HIGH,Healthy,HIGH,True,Healthy,True,True
1070,286,70.0,HIGH,Healthy,HIGH,True,Healthy,True,True
1007,213,70.0,HIGH,Healthy,HIGH,True,Healthy,True,True
1095,119,70.0,HIGH,Healthy,HIGH,True,Healthy,True,True
1021,259,70.0,HIGH,Healthy,HIGH,True,Healthy,True,True
1109,55,70.0,HIGH,Healthy,HIGH,True,Healthy,True,True
1078,149,70.0,HIGH,Healthy,HIGH,True,Healthy,True,True
1033,131,70.0,HIGH,Healthy,HIGH,True,Healthy,True,True
1079,258,70.0,HIGH,Healthy,HIGH,True,Healthy,True,True
1046,96,70.0,HIGH,Healthy,HIGH,True,Healthy,True,True
1156,188,70.0,HIGH,Healthy,HIGH,True,Healthy,True,True
1063,215,70.0,HIGH,Healthy,HIGH,True,Healthy,True,True
1116,134,70.0,HIGH,Healthy,HIGH,True,Healthy,True,True
1103,234,70.0,HIGH,Healthy,HIGH,True,Healthy,True,True
1076,135,70.0,HIGH,Healthy,HIGH,True,Healthy,True,True
1082,168,70.0,HIGH,Healthy,HIGH,True,Healthy,True,True
1144,139,70.0,HIGH,Healthy,HIGH,True,Healthy,True,True
1047,120,70.0,HIGH,Healthy,HIGH,True,Healthy,True,True
1145,81,70.0,HIGH,Healthy,HIGH,True,Healthy,True,True
1117,147,70.0,HIGH,Healthy,HIGH,True,Healthy,True,True
1120,281,70.0,HIGH,Healthy,HIGH,True,Healthy,True,True
1085,114,70.0,HIGH,Healthy,HIGH,True,Healthy,True,True
1064,247,70.0,HIGH,Healthy,HIGH,True,Healthy,True,True
1059,91,70.0,HIGH,Healthy,HIGH,True,Healthy,True,True
1191,142,70.0,HIGH,Healthy,HIGH,True,Healthy,True,True
1086,236,70.0,HIGH,Healthy,HIGH,True,Healthy,True,True
1179,201,70.0,HIGH,Healthy,HIGH,True,Healthy,True,True
1146,141,70.0,HIGH,Healthy,HIGH,True,Healthy,True,True
1167,156,70.0,HIGH,Healthy,HIGH,True,Healthy,True,True
1139,229,70.0,HIGH,Healthy,HIGH,True,Healthy,True,True
1022,187,70.0,HIGH,Healthy,HIGH,True,Healthy,True,True
1140,140,70.0,HIGH,Healthy,HIGH,True,Healthy,True,True
1181,85,70.0,HIGH,Healthy,HIGH,True,Healthy,True,True
1147,242,70.0,HIGH,Healthy,HIGH,True,Healthy,True,True
1035,73,70.0,HIGH,Healthy,HIGH,True,Healthy,True,True
1003,171,70.0,HIGH,Healthy,HIGH,True,Healthy,True,True
1165,78,70.0,HIGH,Healthy,HIGH,True,Healthy,True,True
1044,241,70.0,HIGH,Healthy,HIGH,True,Healthy,True,True
1178,216,70.0,HIGH,Healthy,HIGH,True,Healthy,True,True
1199,60,70.0,HIGH,Healthy,HIGH,True,Healthy,True,True
1197,133,70.0,HIGH,Healthy,HIGH,True,Healthy,True,True
1162,150,70.0,HIGH,Healthy,HIGH,True,Healthy,True,True
1040,114,70.0,HIGH,Healthy,HIGH,True,Healthy,True,True
1062,97,70.0,HIGH,Healthy,HIGH,True,Healthy,True,True
1072,145,70.0,HIGH,Healthy,HIGH,True,Healthy,True,True
1001,117,70.0,HIGH,Healthy,HIGH,True,Healthy,True,True
1089,63,70.0,HIGH,Healthy,HIGH,True,Healthy,True,True
1050,160,70.0,HIGH,Healthy,HIGH,True,Healthy,True,True
1051,128,70.0,HIGH,Healthy,HIGH,True,Healthy,True,True
1113,176,70.0,HIGH,Healthy,HIGH,True,Healthy,True,True
1083,187,70.0,HIGH,Healthy,HIGH,True,Healthy,True,True
1023,164,70.0,HIGH,Healthy,HIGH,True,Healthy,True,True
1006,128,70.0,HIGH,Healthy,HIGH,True,Healthy,True,True
1068,124,70.0,HIGH,Healthy,HIGH,True,Healthy,True,True
1097,130,70.0,HIGH,Healthy,HIGH,True,Healthy,True,True
1047,146,70.0,HIGH,Healthy,HIGH,True,Healthy,True,True
1086,180,70.0,HIGH,Healthy,HIGH,True,Healthy,True,True
1163,81,70.0,HIGH,Healthy,HIGH,True,Healthy,True,True
1120,209,70.0,HIGH,Healthy,HIGH,True,Healthy,True,True
1170,137,70.0,HIGH,Healthy,HIGH,True,Healthy,True,True
1091,240,70.0,HIGH,Healthy,HIGH,True,Healthy,True,True
1025,118,70.0,HIGH,Healthy,HIGH,True,Healthy,True,True
1057,192,70.0,HIGH,Healthy,HIGH,True,Healthy,True,True
1043,54,70.0,HIGH,Healthy,HIGH,True,Healthy,True,True
1081,219,70.0,HIGH,Healthy,HIGH,True,Healthy,True,True
1087,187,70.0,HIGH,Healthy,HIGH,True,Healthy,True,True
1124,176,70.0,HIGH,Healthy,HIGH,True,Healthy,True,True
1012,272,70.0,HIGH,Healthy,HIGH,True,Healthy,True,True
1079,132,70.0,HIGH,Healthy,HIGH,True,Healthy,True,True
1173,93,70.0,HIGH,Healthy,HIGH,True,Healthy,True,True
1167,230,70.0,HIGH,Healthy,HIGH,True,Healthy,True,True
1022,185,70.0,HIGH,Healthy,HIGH,True,Healthy,True,True
1146,152,70.0,HIGH,Healthy,HIGH,True,Healthy,True,True
1154,124,70.0,HIGH,Healthy,HIGH,True,Healthy,True,True
1126,177,70.0,HIGH,Healthy,HIGH,True,Healthy,True,True
1030,83,70.0,HIGH,Healthy,HIGH,True,Healthy,True,True
1011,202,70.0,HIGH,Healthy,HIGH,True,Healthy,True,True
1165,149,70.0,HIGH,Healthy,HIGH,True,Healthy,True,True
1001,62,70.0,HIGH,Healthy,HIGH,True,Healthy,True,True
1180,168,70.0,HIGH,Healthy,HIGH,True,Healthy,True,True
1110,228,70.0,HIGH,Healthy,HIGH,True,Healthy,True,True
1153,76,70.0,HIGH,Healthy,HIGH,True,Healthy,True,True
1107,149,70.0,HIGH,Healthy,HIGH,True,Healthy,True,True
1186,205,70.0,HIGH,Healthy,HIGH,True,Healthy,True,True
1149,76,70.0,HIGH,Healthy,HIGH,True,Healthy,True,True
1119,144,70.0,HIGH,Healthy,HIGH,True,Healthy,True,True
1090,126,70.0,HIGH,Healthy,HIGH,True,Healthy,True,True
1155,150,70.0,HIGH,Healthy,HIGH,True,Healthy,True,True
1020,162,70.0,HIGH,Healthy,HIGH,True,Healthy,True,True
1010,128,70.0,HIGH,Healthy,HIGH,True,Healthy,True,True
1092,191,70.0,HIGH,Healthy,HIGH,True,Healthy,True,True
1145,91,70.0,HIGH,Healthy,HIGH,True,Healthy,True,True
1150,106,70.0,HIGH,Healthy,HIGH,True,Healthy,True,True
1055,108,70.0,HIGH,Healthy,HIGH,True,Healthy,True,True
1009,65,70.0,HIGH,Healthy,HIGH,True,Healthy,True,True
1078,136,70.0,HIGH,Healthy,HIGH,True,Healthy,True,True
1062,122,70.0,HIGH,Healthy,HIGH,True,Healthy,True,True
1016,308,70.0,HIGH,Healthy,HIGH,True,Healthy,True,True
1184,142,70.0,HIGH,Healthy,HIGH,True,Healthy,True,True
1046,125,70.0,HIGH,Healthy,HIGH,True,Healthy,True,True
1166,142,70.0,HIGH,Healthy,HIGH,True,Healthy,True,True
1195,130,70.0,HIGH,Healthy,HIGH,True,Healthy,True,True
1098,84,70.0,HIGH,Healthy,HIGH,True,Healthy,True,True
1096,77,70.0,HIGH,Healthy,HIGH,True,Healthy,True,True
1094,167,70.0,HIGH,Healthy,HIGH,True,Healthy,True,True
1049,149,70.0,HIGH,Healthy,HIGH,True,Healthy,True,True
1112,175,70.0,HIGH,Healthy,HIGH,True,Healthy,True,True
1061,164,70.0,HIGH,Healthy,HIGH,True,Healthy,True,True
1080,223,70.0,HIGH,Healthy,HIGH,True,Healthy,True,True
1140,153,70.0,HIGH,Healthy,HIGH,True,Healthy,True,True
1040,112,70.0,HIGH,Healthy,HIGH,True,Healthy,True,True
1198,201,70.0,HIGH,Healthy,HIGH,True,Healthy,True,True
1045,66,70.0,HIGH,Healthy,HIGH,True,Healthy,True,True
1164,54,70.0,HIGH,Healthy,HIGH,True,Healthy,True,True
1125,152,70.0,HIGH,Healthy,HIGH,True,Healthy,True,True
1075,249,70.0,HIGH,Healthy,HIGH,True,Healthy,True,True
1152,77,70.0,HIGH,Healthy,HIGH,True,Healthy,True,True
1077,95,70.0,HIGH,Healthy,HIGH,True,Healthy,True,True
1127,112,70.0,HIGH,Healthy,HIGH,True,Healthy,True,True
1148,186,70.0,HIGH,Healthy,HIGH,True,Healthy,True,True
1041,215,70.0,HIGH,Healthy,HIGH,True,Healthy,True,True
1035,91,70.0,HIGH,Healthy,HIGH,True,Healthy,True,True
1197,90,70.0,HIGH,Healthy,HIGH,True,Healthy,True,True
1015,198,70.0,HIGH,Healthy,HIGH,True,Healthy,True,True
1085,172,70.0,HIGH,Healthy,HIGH,True,Healthy,True,True
1135,200,70.0,HIGH,Healthy,HIGH,True,Healthy,True,True
1132,217,70.0,HIGH,Healthy,HIGH,True,Healthy,True,True
1053,265,70.0,HIGH,Healthy,HIGH,True,Healthy,True,True
1067,324,70.0,HIGH,Healthy,HIGH,True,Healthy,True,True
1018,209,70.0,HIGH,Healthy,HIGH,True,Healthy,True,True
1054,267,70.0,HIGH,Healthy,HIGH,True,Healthy,True,True
1073,153,70.0,HIGH,Healthy,HIGH,True,Healthy,True,True
1084,116,70.0,HIGH,Healthy,HIGH,True,Healthy,True,True
1190,179,70.0,HIGH,Healthy,HIGH,True,Healthy,True,True
1174,117,70.0,HIGH,Healthy,HIGH,True,Healthy,True,True
1039,129,70.0,HIGH,Healthy,HIGH,True,Healthy,True,True
1106,180,70.0,HIGH,Healthy,HIGH,True,Healthy,True,True
1128,140,70.0,HIGH,Healthy,HIGH,True,Healthy,True,True
1172,153,70.0,HIGH,Healthy,HIGH,True,Healthy,True,True
1121,268,70.0,HIGH,Healthy,HIGH,True,Healthy,True,True
1008,203,70.0,HIGH,Healthy,HIGH,True,Healthy,True,True
1006,128,70.0,HIGH,Healthy,HIGH,True,Healthy,True,True
1051,123,70.0,HIGH,Healthy,HIGH,True,Healthy,True,True
1069,240,70.0,HIGH,Healthy,HIGH,True,Healthy,True,True
1034,77,70.0,HIGH,Healthy,HIGH,True,Healthy,True,True
1063,124,70.0,HIGH,Healthy,HIGH,True,Healthy,True,True
1114,90,70.0,HIGH,Healthy,HIGH,True,Healthy,True,True
1151,73,70.0,HIGH,Healthy,HIGH,True,Healthy,True,True
1188,242,70.0,HIGH,Healthy,HIGH,True,Healthy,True,True
1004,228,70.0,HIGH,Healthy,HIGH,True,Healthy,True,True
1021,112,70.0,HIGH,Healthy,HIGH,True,Healthy,True,True
1036,87,70.0,HIGH,Healthy,HIGH,True,Healthy,True,True
1115,107,70.0,HIGH,Healthy,HIGH,True,Healthy,True,True
1130,265,70.0,HIGH,Healthy,HIGH,True,Healthy,True,True
1182,191,70.0,HIGH,Healthy,HIGH,True,Healthy,True,True
1037,72,70.0,HIGH,Healthy,HIGH,True,Healthy,True,True
1031,174,70.0,HIGH,Healthy,HIGH,True,Healthy,True,True
1189,144,70.0,HIGH,Healthy,HIGH,True,Healthy,True,True
1133,84,70.0,HIGH,Healthy,HIGH,True,Healthy,True,True
1038,70,70.0,HIGH,Healthy,HIGH,True,Healthy,True,True
1123,204,70.0,HIGH,Healthy,HIGH,True,Healthy,True,True
1048,156,70.0,HIGH,Healthy,HIGH,True,Healthy,True,True
1143,163,70.0,HIGH,Healthy,HIGH,True,Healthy,True,True
1003,119,70.0,HIGH,Healthy,HIGH,True,Healthy,True,True
1033,179,70.0,HIGH,Healthy,HIGH,True,Healthy,True,True
1093,208,70.0,HIGH,Healthy,HIGH,True,Healthy,True,True
1109,145,70.0,HIGH,Healthy,HIGH,True,Healthy,True,True
1095,268,70.0,HIGH,Healthy,HIGH,True,Healthy,True,True
1147,99,70.0,HIGH,Healthy,HIGH,True,Healthy,True,True
1134,95,70.0,HIGH,Healthy,HIGH,True,Healthy,True,True
1175,164,70.0,HIGH,Healthy,HIGH,True,Healthy,True,True
1052,125,70.0,HIGH,Healthy,HIGH,True,Healthy,True,True
1139,123,70.0,HIGH,Healthy,HIGH,True,Healthy,True,True
1072,64,70.0,HIGH,Healthy,HIGH,True,Healthy,True,True
1129,81,70.0,HIGH,Healthy,HIGH,True,Healthy,True,True
1116,218,70.0,HIGH,Healthy,HIGH,True,Healthy,True,True
1065,100,70.0,HIGH,Healthy,HIGH,True,Healthy,True,True
1042,149,70.0,HIGH,Healthy,HIGH,True,Healthy,True,True
1104,290,70.0,HIGH,Healthy,HIGH,True,Healthy,True,True
1103,138,70.0,HIGH,Healthy,HIGH,True,Healthy,True,True
1159,149,70.0,HIGH,Healthy,HIGH,True,Healthy,True,True
1083,192,70.0,HIGH,Healthy,HIGH,True,Healthy,True,True
1058,194,70.0,HIGH,Healthy,HIGH,True,Healthy,True,True
1191,240,70.0,HIGH,Healthy,HIGH,True,Healthy,True,True
1044,156,70.0,HIGH,Healthy,HIGH,True,Healthy,True,True
1194,170,70.0,HIGH,Healthy,HIGH,True,Healthy,True,True
1131,119,70.0,HIGH,Healthy,HIGH,True,Healthy,True,True
1157,85,70.0,HIGH,Healthy,HIGH,True,Healthy,True,True
1113,106,70.0,HIGH,Healthy,HIGH,True,Healthy,True,True
1176,238,70.0,HIGH,Healthy,HIGH,True,Healthy,True,True
1138,118,70.0,HIGH,Healthy,HIGH,True,Healthy,True,True
1024,190,70.0,HIGH,Healthy,HIGH,True,Healthy,True,True
1070,227,70.0,HIGH,Healthy,HIGH,True,Healthy,True,True
1032,153,70.0,HIGH,Healthy,HIGH,True,Healthy,True,True
1169,225,70.0,HIGH,Healthy,HIGH,True,Healthy,True,True
1007,91,70.0,HIGH,Healthy,HIGH,True,Healthy,True,True
1171,77,70.0,HIGH,Healthy,HIGH,True,Healthy,True,True
1076,103,70.0,HIGH,Healthy,HIGH,True,Healthy,True,True
1071,286,70.0,HIGH,Healthy,HIGH,True,Healthy,True,True
1160,268,70.0,HIGH,Healthy,HIGH,True,Healthy,True,True
1026,116,70.0,HIGH,Healthy,HIGH,True,Healthy,True,True
1179,150,70.0,HIGH,Healthy,HIGH,True,Healthy,True,True
1101,207,70.0,HIGH,Healthy,HIGH,True,Healthy,True,True
1074,144,70.0,HIGH,Healthy,HIGH,True,Healthy,True,True
1196,254,70.0,HIGH,Healthy,HIGH,True,Healthy,True,True
1122,240,70.0,HIGH,Healthy,HIGH,True,Healthy,True,True
1192,174,70.0,HIGH,Healthy,HIGH,True,Healthy,True,True
1029,118,70.0,HIGH,Healthy,HIGH,True,Healthy,True,True
1108,196,70.0,HIGH,Healthy,HIGH,True,Healthy,True,True
1100,67,70.0,HIGH,Healthy,HIGH,True,Healthy,True,True
1019,86,70.0,HIGH,Healthy,HIGH,True,Healthy,True,True
1005,139,70.0,HIGH,Healthy,HIGH,True,Healthy,True,True
1117,110,70.0,HIGH,Healthy,HIGH,True,Healthy,True,True
1136,213,70.0,HIGH,Healthy,HIGH,True,Healthy,True,True
1089,86,70.0,HIGH,Healthy,HIGH,True,Healthy,True,True
1099,85,70.0,HIGH,Healthy,HIGH,True,Healthy,True,True
1181,135,70.0,HIGH,Healthy,HIGH,True,Healthy,True,True
1102,123,70.0,HIGH,Healthy,HIGH,True,Healthy,True,True
1199,156,70.0,HIGH,Healthy,HIGH,True,Healthy,True,True
1144,159,70.0,HIGH,Healthy,HIGH,True,Healthy,True,True
1187,176,70.0,HIGH,Healthy,HIGH,True,Healthy,True,True
1027,110,70.0,HIGH,Healthy,HIGH,True,Healthy,True,True
1193,215,70.0,HIGH,Healthy,HIGH,True,Healthy,True,True
1014,90,70.0,HIGH,Healthy,HIGH,True,Healthy,True,True
1017,158,70.0,HIGH,Healthy,HIGH,True,Healthy,True,True
1137,96,70.0,HIGH,Healthy,HIGH,True,Healthy,True,True
1156,212,70.0,HIGH,Healthy,HIGH,True,Healthy,True,True
1060,76,70.0,HIGH,Healthy,HIGH,True,Healthy,True,True
1200,225,70.0,HIGH,Healthy,HIGH,True,Healthy,True,True
1088,189,70.0,HIGH,Healthy,HIGH,True,Healthy,True,True
1158,256,70.0,HIGH,Healthy,HIGH,True,Healthy,True,True
1064,154,70.0,HIGH,Healthy,HIGH,True,Healthy,True,True
1162,136,70.0,HIGH,Healthy,HIGH,True,Healthy,True,True
1183,134,70.0,HIGH,Healthy,HIGH,True,Healthy,True,True
1141,116,70.0,HIGH,Healthy,HIGH,True,Healthy,True,True
1147,259,70.0,HIGH,Healthy,HIGH,True,Healthy,True,True
1033,205,70.0,HIGH,Healthy,HIGH,True,Healthy,True,True
1162,328,70.0,HIGH,Healthy,HIGH,True,Healthy,True,True
1066,121,70.0,HIGH,Healthy,HIGH,True,Healthy,True,True
1198,147,70.0,HIGH,Healthy,HIGH,True,Healthy,True,True
1140,241,70.0,HIGH,Healthy,HIGH,True,Healthy,True,True
1124,305,70.0,HIGH,Healthy,HIGH,True,Healthy,True,True
1035,138,70.0,HIGH,Healthy,HIGH,True,Healthy,True,True
1126,297,70.0,HIGH,Healthy,HIGH,True,Healthy,True,True
1103,294,70.0,HIGH,Healthy,HIGH,True,Healthy,True,True
1010,315,70.0,HIGH,Healthy,HIGH,True,Healthy,True,True
1194,320,70.0,HIGH,Healthy,HIGH,True,Healthy,True,True
1093,120,70.0,HIGH,Healthy,HIGH,True,Healthy,True,True
1022,163,70.0,HIGH,Healthy,HIGH,True,Healthy,True,True
1048,199,70.0,HIGH,Healthy,HIGH,True,Healthy,True,True
1062,211,70.0,HIGH,Healthy,HIGH,True,Healthy,True,True
1015,211,70.0,HIGH,Healthy,HIGH,True,Healthy,True,True
1193,163,70.0,HIGH,Healthy,HIGH,True,Healthy,True,True
1059,103,70.0,HIGH,Healthy,HIGH,True,Healthy,True,True
1110,232,70.0,HIGH,Healthy,HIGH,True,Healthy,True,True
1012,277,70.0,HIGH,Healthy,HIGH,True,Healthy,True,True
1155,137,70.0,HIGH,Healthy,HIGH,True,Healthy,True,True
1115,236,70.0,HIGH,Healthy,HIGH,True,Healthy,True,True
1027,133,70.0,HIGH,Healthy,HIGH,True,Healthy,True,True
1130,317,70.0,HIGH,Healthy,HIGH,True,Healthy,True,True
1105,289,70.0,HIGH,Healthy,HIGH,True,Healthy,True,True
1178,327,70.0,HIGH,Healthy,HIGH,True,Healthy,True,True
1053,265,70.0,HIGH,Healthy,HIGH,True,Healthy,True,True
1074,116,70.0,HIGH,Healthy,HIGH,True,Healthy,True,True
1057,271,70.0,HIGH,Healthy,HIGH,True,Healthy,True,True
1064,194,70.0,HIGH,Healthy,HIGH,True,Healthy,True,True
1195,280,70.0,HIGH,Healthy,HIGH,True,Healthy,True,True
1169,219,70.0,HIGH,Healthy,HIGH,True,Healthy,True,True
1160,257,70.0,HIGH,Healthy,HIGH,True,Healthy,True,True
1063,187,70.0,HIGH,Healthy,HIGH,True,Healthy,True,True
1174,99,70.0,HIGH,Healthy,HIGH,True,Healthy,True,True
1009,193,70.0,HIGH,Healthy,HIGH,True,Healthy,True,True
1200,348,70.0,HIGH,Healthy,HIGH,True,Healthy,True,True
1075,294,70.0,HIGH,Healthy,HIGH,True,Healthy,True,True
1152,299,70.0,HIGH,Healthy,HIGH,True,Healthy,True,True
1170,184,70.0,HIGH,Healthy,HIGH,True,Healthy,True,True
1117,200,70.0,HIGH,Healthy,HIGH,True,Healthy,True,True
1065,193,70.0,HIGH,Healthy,HIGH,True,Healthy,True,True
1129,95,70.0,HIGH,Healthy,HIGH,True,Healthy,True,True
1078,136,70.0,HIGH,Healthy,HIGH,True,Healthy,True,True
1113,311,70.0,HIGH,Healthy,HIGH,True,Healthy,True,True
1038,174,70.0,HIGH,Healthy,HIGH,True,Healthy,True,True
1070,240,70.0,HIGH,Healthy,HIGH,True,Healthy,True,True
1142,165,70.0,HIGH,Healthy,HIGH,True,Healthy,True,True
1173,132,70.0,HIGH,Healthy,HIGH,True,Healthy,True,True
1072,126,70.0,HIGH,Healthy,HIGH,True,Healthy,True,True
1145,175,70.0,HIGH,Healthy,HIGH,True,Healthy,True,True
1116,217,70.0,HIGH,Healthy,HIGH,True,Healthy,True,True
1180,420,70.0,HIGH,Healthy,HIGH,True,Healthy,True,True
1189,164,70.0,HIGH,Healthy,HIGH,True,Healthy,True,True
1041,191,70.0,HIGH,Healthy,HIGH,True,Healthy,True,True
1056,268,70.0,HIGH,Healthy,HIGH,True,Healthy,True,True
1034,201,70.0,HIGH,Healthy,HIGH,True,Healthy,True,True
1196,358,70.0,HIGH,Healthy,HIGH,True,Healthy,True,True
1183,120,70.0,HIGH,Healthy,HIGH,True,Healthy,True,True
1179,184,70.0,HIGH,Healthy,HIGH,True,Healthy,True,True
1098,89,70.0,HIGH,Healthy,HIGH,True,Healthy,True,True
1153,135,70.0,HIGH,Healthy,HIGH,True,Healthy,True,True
1159,118,70.0,HIGH,Healthy,HIGH,True,Healthy,True,True
1122,112,70.0,HIGH,Healthy,HIGH,True,Healthy,True,True
1008,278,70.0,HIGH,Healthy,HIGH,True,Healthy,True,True
1100,154,70.0,HIGH,Healthy,HIGH,True,Healthy,True,True
1191,136,70.0,HIGH,Healthy,HIGH,True,Healthy,True,True
1025,172,70.0,HIGH,Healthy,HIGH,True,Healthy,True,True
1082,240,70.0,HIGH,Healthy,HIGH,True,Healthy,True,True
1190,172,70.0,HIGH,Healthy,HIGH,True,Healthy,True,True
1036,145,70.0,HIGH,Healthy,HIGH,True,Healthy,True,True
1046,260,70.0,HIGH,Healthy,HIGH,True,Healthy,True,True
1011,266,70.0,HIGH,Healthy,HIGH,True,Healthy,True,True
1086,167,70.0,HIGH,Healthy,HIGH,True,Healthy,True,True
1186,211,70.0,HIGH,Healthy,HIGH,True,Healthy,True,True
1164,194,70.0,HIGH,Healthy,HIGH,True,Healthy,True,True
1095,139,70.0,HIGH,Healthy,HIGH,True,Healthy,True,True
1181,224,70.0,HIGH,Healthy,HIGH,True,Healthy,True,True
1109,175,70.0,HIGH,Healthy,HIGH,True,Healthy,True,True
1058,194,70.0,HIGH,Healthy,HIGH,True,Healthy,True,True
1080,187,70.0,HIGH,Healthy,HIGH,True,Healthy,True,True
1091,234,70.0,HIGH,Healthy,HIGH,True,Healthy,True,True
1125,238,70.0,HIGH,Healthy,HIGH,True,Healthy,True,True
1037,151,70.0,HIGH,Healthy,HIGH,True,Healthy,True,True
1071,441,70.0,HIGH,Healthy,HIGH,True,Healthy,True,True
1132,267,70.0,HIGH,Healthy,HIGH,True,Healthy,True,True
1024,281,70.0,HIGH,Healthy,HIGH,True,Healthy,True,True
1106,313,70.0,HIGH,Healthy,HIGH,True,Healthy,True,True
1188,422,70.0,HIGH,Healthy,HIGH,True,Healthy,True,True
1120,221,70.0,HIGH,Healthy,HIGH,True,Healthy,True,True
1176,129,70.0,HIGH,Healthy,HIGH,True,Healthy,True,True
1076,164,70.0,HIGH,Healthy,HIGH,True,Healthy,True,True
1197,144,70.0,HIGH,Healthy,HIGH,True,Healthy,True,True
1182,183,70.0,HIGH,Healthy,HIGH,True,Healthy,True,True
1156,270,70.0,HIGH,Healthy,HIGH,True,Healthy,True,True
1148,207,70.0,HIGH,Healthy,HIGH,True,Healthy,True,True
1043,203,70.0,HIGH,Healthy,HIGH,True,Healthy,True,True
1006,179,70.0,HIGH,Healthy,HIGH,True,Healthy,True,True
1052,160,70.0,HIGH,Healthy,HIGH,True,Healthy,True,True
1097,292,70.0,HIGH,Healthy,HIGH,True,Healthy,True,True
1014,179,70.0,HIGH,Healthy,HIGH,True,Healthy,True,True
1002,120,70.0,HIGH,Healthy,HIGH,True,Healthy,True,True
1089,77,70.0,HIGH,Healthy,HIGH,True,Healthy,True,True
1005,179,70.0,HIGH,Healthy,HIGH,True,Healthy,True,True
1069,297,70.0,HIGH,Healthy,HIGH,True,Healthy,True,True
1135,252,70.0,HIGH,Healthy,HIGH,True,Healthy,True,True
1068,166,70.0,HIGH,Healthy,HIGH,True,Healthy,True,True
1084,248,70.0,HIGH,Healthy,HIGH,True,Healthy,True,True
1013,210,70.0,HIGH,Healthy,HIGH,True,Healthy,True,True
1168,205,70.0,HIGH,Healthy,HIGH,True,Healthy,True,True
1171,119,70.0,HIGH,Healthy,HIGH,True,Healthy,True,True
1085,292,70.0,HIGH,Healthy,HIGH,True,Healthy,True,True
1088,235,70.0,HIGH,Healthy,HIGH,True,Healthy,True,True
1127,249,70.0,HIGH,Healthy,HIGH,True,Healthy,True,True
1044,241,70.0,HIGH,Healthy,HIGH,True,Healthy,True,True
1144,257,70.0,HIGH,Healthy,HIGH,True,Healthy,True,True
1049,140,70.0,HIGH,Healthy,HIGH,True,Healthy,True,True
1112,172,70.0,HIGH,Healthy,HIGH,True,Healthy,True,True
1001,202,70.0,HIGH,Healthy,HIGH,True,Healthy,True,True
1137,252,70.0,HIGH,Healthy,HIGH,True,Healthy,True,True
1172,83,70.0,HIGH,Healthy,HIGH,True,Healthy,True,True
1099,177,70.0,HIGH,Healthy,HIGH,True,Healthy,True,True
1004,299,70.0,HIGH,Healthy,HIGH,True,Healthy,True,True
1102,206,70.0,HIGH,Healthy,HIGH,True,Healthy,True,True
1165,186,70.0,HIGH,Healthy,HIGH,True,Healthy,True,True
1128,403,70.0,HIGH,Healthy,HIGH,True,Healthy,True,True
1003,249,70.0,HIGH,Healthy,HIGH,True,Healthy,True,True
1077,228,70.0,HIGH,Healthy,HIGH,True,Healthy,True,True
1050,174,70.0,HIGH,Healthy,HIGH,True,Healthy,True,True
1054,342,70.0,HIGH,Healthy,HIGH,True,Healthy,True,True
1031,166,70.0,HIGH,Healthy,HIGH,True,Healthy,True,True
1131,177,70.0,HIGH,Healthy,HIGH,True,Healthy,True,True
1081,185,70.0,HIGH,Healthy,HIGH,True,Healthy,True,True
1185,115,70.0,HIGH,Healthy,HIGH,True,Healthy,True,True
1094,427,70.0,HIGH,Healthy,HIGH,True,Healthy,True,True
1134,258,70.0,HIGH,Healthy,HIGH,True,Healthy,True,True
1111,127,70.0,HIGH,Healthy,HIGH,True,Healthy,True,True
1018,126,70.0,HIGH,Healthy,HIGH,True,Healthy,True,True
1016,301,70.0,HIGH,Healthy,HIGH,True,Healthy,True,True
1092,249,70.0,HIGH,Healthy,HIGH,True,Healthy,True,True
1177,305,70.0,HIGH,Healthy,HIGH,True,Healthy,True,True
1139,298,70.0,HIGH,Healthy,HIGH,True,Healthy,True,True
1017,129,70.0,HIGH,Healthy,HIGH,True,Healthy,True,True
1187,269,70.0,HIGH,Healthy,HIGH,True,Healthy,True,True
1138,105,70.0,HIGH,Healthy,HIGH,True,Healthy,True,True
1161,100,70.0,HIGH,Healthy,HIGH,True,Healthy,True,True
1029,210,70.0,HIGH,Healthy,HIGH,True,Healthy,True,True
1154,266,70.0,HIGH,Healthy,HIGH,True,Healthy,True,True
1083,232,70.0,HIGH,Healthy,HIGH,True,Healthy,True,True
1031,256,70.0,HIGH,Healthy,HIGH,True,Healthy,True,True
1040,192,70.0,HIGH,Healthy,HIGH,True,Healthy,True,True
1042,343,70.0,HIGH,Healthy,HIGH,True,Healthy,True,True
1153,90,70.0,HIGH,Healthy,HIGH,True,Healthy,True,True
1172,89,70.0,HIGH,Healthy,HIGH,True,Healthy,True,True
1105,222,70.0,HIGH,Healthy,HIGH,True,Healthy,True,True
1134,130,70.0,HIGH,Healthy,HIGH,True,Healthy,True,True
1140,155,70.0,HIGH,Healthy,HIGH,True,Healthy,True,True
1117,234,70.0,HIGH,Healthy,HIGH,True,Healthy,True,True
1155,123,70.0,HIGH,Healthy,HIGH,True,Healthy,True,True
1190,243,70.0,HIGH,Healthy,HIGH,True,Healthy,True,True
1035,73,70.0,HIGH,Healthy,HIGH,True,Healthy,True,True
1067,215,70.0,HIGH,Healthy,HIGH,True,Healthy,True,True
1162,303,70.0,HIGH,Healthy,HIGH,True,Healthy,True,True
1146,286,70.0,HIGH,Healthy,HIGH,True,Healthy,True,True
1023,111,70.0,HIGH,Healthy,HIGH,True,Healthy,True,True
1062,151,70.0,HIGH,Healthy,HIGH,True,Healthy,True,True
1065,73,70.0,HIGH,Healthy,HIGH,True,Healthy,True,True
1193,335,70.0,HIGH,Healthy,HIGH,True,Healthy,True,True
1018,242,70.0,HIGH,Healthy,HIGH,True,Healthy,True,True
1061,103,70.0,HIGH,Healthy,HIGH,True,Healthy,True,True
1118,132,70.0,HIGH,Healthy,HIGH,True,Healthy,True,True
1039,373,70.0,HIGH,Healthy,HIGH,True,Healthy,True,True
1161,114,70.0,HIGH,Healthy,HIGH,True,Healthy,True,True
1030,169,70.0,HIGH,Healthy,HIGH,True,Healthy,True,True
1136,150,70.0,HIGH,Healthy,HIGH,True,Healthy,True,True
1069,215,70.0,HIGH,Healthy,HIGH,True,Healthy,True,True
1178,298,70.0,HIGH,Healthy,HIGH,True,Healthy,True,True
1097,124,70.0,HIGH,Healthy,HIGH,True,Healthy,True,True
1086,194,70.0,HIGH,Healthy,HIGH,True,Healthy,True,True
1043,194,70.0,HIGH,Healthy,HIGH,True,Healthy,True,True
1194,252,70.0,HIGH,Healthy,HIGH,True,Healthy,True,True
1028,108,70.0,HIGH,Healthy,HIGH,True,Healthy,True,True
1015,287,70.0,HIGH,Healthy,HIGH,True,Healthy,True,True
1004,339,70.0,HIGH,Healthy,HIGH,True,Healthy,True,True
1053,164,70.0,HIGH,Healthy,HIGH,True,Healthy,True,True
1003,268,70.0,HIGH,Healthy,HIGH,True,Healthy,True,True
1070,206,70.0,HIGH,Healthy,HIGH,True,Healthy,True,True
1049,182,70.0,HIGH,Healthy,HIGH,True,Healthy,True,True
1036,105,70.0,HIGH,Healthy,HIGH,True,Healthy,True,True
1164,151,70.0,HIGH,Healthy,HIGH,True,Healthy,True,True
1063,160,70.0,HIGH,Healthy,HIGH,True,Healthy,True,True
1189,117,70.0,HIGH,Healthy,HIGH,True,Healthy,True,True
1133,105,70.0,HIGH,Healthy,HIGH,True,Healthy,True,True
1115,264,70.0,HIGH,Healthy,HIGH,True,Healthy,True,True
1060,136,70.0,HIGH,Healthy,HIGH,True,Healthy,True,True
1044,126,70.0,HIGH,Healthy,HIGH,True,Healthy,True,True
1108,121,70.0,HIGH,Healthy,HIGH,True,Healthy,True,True
1084,172,70.0,HIGH,Healthy,HIGH,True,Healthy,True,True
1094,231,70.0,HIGH,Healthy,HIGH,True,Healthy,True,True
1116,161,70.0,HIGH,Healthy,HIGH,True,Healthy,True,True
1175,112,70.0,HIGH,Healthy,HIGH,True,Healthy,True,True
1083,238,70.0,HIGH,Healthy,HIGH,True,Healthy,True,True
1141,373,70.0,HIGH,Healthy,HIGH,True,Healthy,True,True
1048,197,70.0,HIGH,Healthy,HIGH,True,Healthy,True,True
1186,176,70.0,HIGH,Healthy,HIGH,True,Healthy,True,True
1038,144,70.0,HIGH,Healthy,HIGH,True,Healthy,True,True
1143,302,70.0,HIGH,Healthy,HIGH,True,Healthy,True,True
1027,259,70.0,HIGH,Healthy,HIGH,True,Healthy,True,True
1073,145,70.0,HIGH,Healthy,HIGH,True,Healthy,True,True
1055,262,70.0,HIGH,Healthy,HIGH,True,Healthy,True,True
1149,83,70.0,HIGH,Healthy,HIGH,True,Healthy,True,True
1107,91,70.0,HIGH,Healthy,HIGH,True,Healthy,True,True
1111,238,70.0,HIGH,Healthy,HIGH,True,Healthy,True,True
1032,156,70.0,HIGH,Healthy,HIGH,True,Healthy,True,True
1033,189,70.0,HIGH,Healthy,HIGH,True,Healthy,True,True
1198,218,70.0,HIGH,Healthy,HIGH,True,Healthy,True,True
1124,221,70.0,HIGH,Healthy,HIGH,True,Healthy,True,True
1130,220,70.0,HIGH,Healthy,HIGH,True,Healthy,True,True
1188,393,70.0,HIGH,Healthy,HIGH,True,Healthy,True,True
1090,165,70.0,HIGH,Healthy,HIGH,True,Healthy,True,True
1122,168,70.0,HIGH,Healthy,HIGH,True,Healthy,True,True
1071,404,70.0,HIGH,Healthy,HIGH,True,Healthy,True,True
1119,201,70.0,HIGH,Healthy,HIGH,True,Healthy,True,True
1088,148,70.0,HIGH,Healthy,HIGH,True,Healthy,True,True
1066,187,70.0,HIGH,Healthy,HIGH,True,Healthy,True,True
1002,194,70.0,HIGH,Healthy,HIGH,True,Healthy,True,True
1056,325,70.0,HIGH,Healthy,HIGH,True,Healthy,True,True
1077,177,70.0,HIGH,Healthy,HIGH,True,Healthy,True,True
1173,160,70.0,HIGH,Healthy,HIGH,True,Healthy,True,True
1187,287,70.0,HIGH,Healthy,HIGH,True,Healthy,True,True
1016,223,70.0,HIGH,Healthy,HIGH,True,Healthy,True,True
1138,111,70.0,HIGH,Healthy,HIGH,True,Healthy,True,True
1183,193,70.0,HIGH,Healthy,HIGH,True,Healthy,True,True
1052,135,70.0,HIGH,Healthy,HIGH,True,Healthy,True,True
1085,133,70.0,HIGH,Healthy,HIGH,True,Healthy,True,True
1068,86,70.0,HIGH,Healthy,HIGH,True,Healthy,True,True
1059,143,70.0,HIGH,Healthy,HIGH,True,Healthy,True,True
1089,158,70.0,HIGH,Healthy,HIGH,True,Healthy,True,True
1132,110,70.0,HIGH,Healthy,HIGH,True,Healthy,True,True
1157,247,70.0,HIGH,Healthy,HIGH,True,Healthy,True,True
1110,153,70.0,HIGH,Healthy,HIGH,True,Healthy,True,True
1181,236,70.0,HIGH,Healthy,HIGH,True,Healthy,True,True
1179,165,70.0,HIGH,Healthy,HIGH,True,Healthy,True,True
1166,383,70.0,HIGH,Healthy,HIGH,True,Healthy,True,True
1091,221,70.0,HIGH,Healthy,HIGH,True,Healthy,True,True
1013,350,70.0,HIGH,Healthy,HIGH,True,Healthy,True,True
1171,296,70.0,HIGH,Healthy,HIGH,True,Healthy,True,True
1082,107,70.0,HIGH,Healthy,HIGH,True,Healthy,True,True
1034,232,70.0,HIGH,Healthy,HIGH,True,Healthy,True,True
1160,347,70.0,HIGH,Healthy,HIGH,True,Healthy,True,True
1087,277,70.0,HIGH,Healthy,HIGH,True,Healthy,True,True
1010,305,70.0,HIGH,Healthy,HIGH,True,Healthy,True,True
1007,200,70.0,HIGH,Healthy,HIGH,True,Healthy,True,True
1185,268,70.0,HIGH,Healthy,HIGH,True,Healthy,True,True
1121,262,70.0,HIGH,Healthy,HIGH,True,Healthy,True,True
1106,273,70.0,HIGH,Healthy,HIGH,True,Healthy,True,True
1093,242,70.0,HIGH,Healthy,HIGH,True,Healthy,True,True
1047,214,70.0,HIGH,Healthy,HIGH,True,Healthy,True,True
1112,261,70.0,HIGH,Healthy,HIGH,True,Healthy,True,True
1021,199,70.0,HIGH,Healthy,HIGH,True,Healthy,True,True
1147,333,70.0,HIGH,Healthy,HIGH,True,Healthy,True,True
1200,282,70.0,HIGH,Healthy,HIGH,True,Healthy,True,True
1080,182,70.0,HIGH,Healthy,HIGH,True,Healthy,True,True
1022,124,70.0,HIGH,Healthy,HIGH,True,Healthy,True,True
1045,122,70.0,HIGH,Healthy,HIGH,True,Healthy,True,True
1135,199,70.0,HIGH,Healthy,HIGH,True,Healthy,True,True
1102,269,70.0,HIGH,Healthy,HIGH,True,Healthy,True,True
1098,170,70.0,HIGH,Healthy,HIGH,True,Healthy,True,True
1150,88,70.0,HIGH,Healthy,HIGH,True,Healthy,True,True
1025,185,70.0,HIGH,Healthy,HIGH,True,Healthy,True,True
1099,106,70.0,HIGH,Healthy,HIGH,True,Healthy,True,True
1176,267,70.0,HIGH,Healthy,HIGH,True,Healthy,True,True
1120,259,70.0,HIGH,Healthy,HIGH,True,Healthy,True,True
1154,117,70.0,HIGH,Healthy,HIGH,True,Healthy,True,True
1050,171,70.0,HIGH,Healthy,HIGH,True,Healthy,True,True
1006,203,70.0,HIGH,Healthy,HIGH,True,Healthy,True,True
1081,152,70.0,HIGH,Healthy,HIGH,True,Healthy,True,True
1199,173,70.0,HIGH,Healthy,HIGH,True,Healthy,True,True
1057,278,70.0,HIGH,Healthy,HIGH,True,Healthy,True,True
1109,197,70.0,HIGH,Healthy,HIGH,True,Healthy,True,True
1100,124,70.0,HIGH,Healthy,HIGH,True,Healthy,True,True
1168,327,70.0,HIGH,Healthy,HIGH,True,Healthy,True,True
1169,239,70.0,HIGH,Healthy,HIGH,True,Healthy,True,True
1180,341,70.0,HIGH,Healthy,HIGH,True,Healthy,True,True
1167,180,70.0,HIGH,Healthy,HIGH,True,Healthy,True,True
1001,177,70.0,HIGH,Healthy,HIGH,True,Healthy,True,True
1079,194,70.0,HIGH,Healthy,HIGH,True,Healthy,True,True
1197,74,70.0,HIGH,Healthy,HIGH,True,Healthy,True,True
1131,318,70.0,HIGH,Healthy,HIGH,True,Healthy,True,True
1046,261,70.0,HIGH,Healthy,HIGH,True,Healthy,True,True
1104,337,70.0,HIGH,Healthy,HIGH,True,Healthy,True,True
1174,111,70.0,HIGH,Healthy,HIGH,True,Healthy,True,True
1095,204,70.0,HIGH,Healthy,HIGH,True,Healthy,True,True
1195,134,70.0,HIGH,Healthy,HIGH,True,Healthy,True,True
1078,166,70.0,HIGH,Healthy,HIGH,True,Healthy,True,True
1182,220,70.0,HIGH,Healthy,HIGH,True,Healthy,True,True
1051,107,70.0,HIGH,Healthy,HIGH,True,Healthy,True,True
1005,180,70.0,HIGH,Healthy,HIGH,True,Healthy,True,True
1192,290,70.0,HIGH,Healthy,HIGH,True,Healthy,True,True
1064,246,70.0,HIGH,Healthy,HIGH,True,Healthy,True,True
1126,198,70.0,HIGH,Healthy,HIGH,True,Healthy,True,True
1128,253,70.0,HIGH,Healthy,HIGH,True,Healthy,True,True
1017,173,70.0,HIGH,Healthy,HIGH,True,Healthy,True,True
1008,288,70.0,HIGH,Healthy,HIGH,True,Healthy,True,True
1113,325,70.0,HIGH,Healthy,HIGH,True,Healthy,True,True
1145,109,70.0,HIGH,Healthy,HIGH,True,Healthy,True,True
1076,183,70.0,HIGH,Healthy,HIGH,True,Healthy,True,True
1092,99,70.0,HIGH,Healthy,HIGH,True,Healthy,True,True
1196,349,70.0,HIGH,Healthy,HIGH,True,Healthy,True,True
1148,247,70.0,HIGH,Healthy,HIGH,True,Healthy,True,True
1142,193,70.0,HIGH,Healthy,HIGH,True,Healthy,True,True
1158,199,70.0,HIGH,Healthy,HIGH,True,Healthy,True,True
1170,130,70.0,HIGH,Healthy,HIGH,True,Healthy,True,True
1177,295,70.0,HIGH,Healthy,HIGH,True,Healthy,True,True
1096,173,70.0,HIGH,Healthy,HIGH,True,Healthy,True,True
1041,249,70.0,HIGH,Healthy,HIGH,True,Healthy,True,True
1103,249,70.0,HIGH,Healthy,HIGH,True,Healthy,True,True
1024,315,70.0,HIGH,Healthy,HIGH,True,Healthy,True,True
1029,418,70.0,HIGH,Healthy,HIGH,True,Healthy,True,True
1125,293,70.0,HIGH,Healthy,HIGH,True,Healthy,True,True
1019,144,70.0,HIGH,Healthy,HIGH,True,Healthy,True,True
1123,305,70.0,HIGH,Healthy,HIGH,True,Healthy,True,True
1054,335,70.0,HIGH,Healthy,HIGH,True,Healthy,True,True
1159,154,70.0,HIGH,Healthy,HIGH,True,Healthy,True,True
1072,191,70.0,HIGH,Healthy,HIGH,True,Healthy,True,True
1075,140,70.0,HIGH,Healthy,HIGH,True,Healthy,True,True
1129,132,70.0,HIGH,Healthy,HIGH,True,Healthy,True,True
1020,289,70.0,HIGH,Healthy,HIGH,True,Healthy,True,True
1144,90,70.0,HIGH,Healthy,HIGH,True,Healthy,True,True
1163,257,70.0,HIGH,Healthy,HIGH,True,Healthy,True,True
1184,246,70.0,HIGH,Healthy,HIGH,True,Healthy,True,True
1011,198,70.0,HIGH,Healthy,HIGH,True,Healthy,True,True
1037,143,70.0,HIGH,Healthy,HIGH,True,Healthy,True,True
1137,343,70.0,HIGH,Healthy,HIGH,True,Healthy,True,True
1156,183,70.0,HIGH,Healthy,HIGH,True,Healthy,True,True
1014,112,70.0,HIGH,Healthy,HIGH,True,Healthy,True,True
1114,156,70.0,HIGH,Healthy,HIGH,True,Healthy,True,True
1165,159,70.0,HIGH,Healthy,HIGH,True,Healthy,True,True
1175,212,70.0,HIGH,Healthy,HIGH,True,Healthy,True,True
1137,226,70.0,HIGH,Healthy,HIGH,True,Healthy,True,True
1124,226,70.0,HIGH,Healthy,HIGH,True,Healthy,True,True
1034,231,70.0,HIGH,Healthy,HIGH,True,Healthy,True,True
1121,391,70.0,HIGH,Healthy,HIGH,True,Healthy,True,True
1033,265,70.0,HIGH,Healthy,HIGH,True,Healthy,True,True
1148,264,70.0,HIGH,Healthy,HIGH,True,Healthy,True,True
1188,399,70.0,HIGH,Healthy,HIGH,True,Healthy,True,True
1058,142,70.0,HIGH,Healthy,HIGH,True,Healthy,True,True
1101,288,70.0,HIGH,Healthy,HIGH,True,Healthy,True,True
1123,320,70.0,HIGH,Healthy,HIGH,True,Healthy,True,True
1012,307,70.0,HIGH,Healthy,HIGH,True,Healthy,True,True
1060,269,70.0,HIGH,Healthy,HIGH,True,Healthy,True,True
1090,201,70.0,HIGH,Healthy,HIGH,True,Healthy,True,True
1181,164,70.0,HIGH,Healthy,HIGH,True,Healthy,True,True
1155,109,70.0,HIGH,Healthy,HIGH,True,Healthy,True,True
1171,156,70.0,HIGH,Healthy,HIGH,True,Healthy,True,True
1122,156,70.0,HIGH,Healthy,HIGH,True,Healthy,True,True
1093,356,70.0,HIGH,Healthy,HIGH,True,Healthy,True,True
1136,203,70.0,HIGH,Healthy,HIGH,True,Healthy,True,True
1046,138,70.0,HIGH,Healthy,HIGH,True,Healthy,True,True
1067,152,70.0,HIGH,Healthy,HIGH,True,Healthy,True,True
1119,380,70.0,HIGH,Healthy,HIGH,True,Healthy,True,True
1105,230,70.0,HIGH,Healthy,HIGH,True,Healthy,True,True
1028,199,70.0,HIGH,Healthy,HIGH,True,Healthy,True,True
1088,121,70.0,HIGH,Healthy,HIGH,True,Healthy,True,True
1165,128,70.0,HIGH,Healthy,HIGH,True,Healthy,True,True
1117,199,70.0,HIGH,Healthy,HIGH,True,Healthy,True,True
1061,257,70.0,HIGH,Healthy,HIGH,True,Healthy,True,True
1056,256,70.0,HIGH,Healthy,HIGH,True,Healthy,True,True
1166,266,70.0,HIGH,Healthy,HIGH,True,Healthy,True,True
1087,279,70.0,HIGH,Healthy,HIGH,True,Healthy,True,True
1144,212,70.0,HIGH,Healthy,HIGH,True,Healthy,True,True
1019,94,70.0,HIGH,Healthy,HIGH,True,Healthy,True,True
1108,251,70.0,HIGH,Healthy,HIGH,True,Healthy,True,True
1141,270,70.0,HIGH,Healthy,HIGH,True,Healthy,True,True
1035,112,70.0,HIGH,Healthy,HIGH,True,Healthy,True,True
1091,220,70.0,HIGH,Healthy,HIGH,True,Healthy,True,True
1027,146,70.0,HIGH,Healthy,HIGH,True,Healthy,True,True
1198,138,70.0,HIGH,Healthy,HIGH,True,Healthy,True,True
1176,191,70.0,HIGH,Healthy,HIGH,True,Healthy,True,True
1152,168,70.0,HIGH,Healthy,HIGH,True,Healthy,True,True
1178,204,70.0,HIGH,Healthy,HIGH,True,Healthy,True,True
1138,228,70.0,HIGH,Healthy,HIGH,True,Healthy,True,True
1159,174,70.0,HIGH,Healthy,HIGH,True,Healthy,True,True
1092,91,70.0,HIGH,Healthy,HIGH,True,Healthy,True,True
1043,141,70.0,HIGH,Healthy,HIGH,True,Healthy,True,True
1037,131,70.0,HIGH,Healthy,HIGH,True,Healthy,True,True
1197,103,70.0,HIGH,Healthy,HIGH,True,Healthy,True,True
1183,157,70.0,HIGH,Healthy,HIGH,True,Healthy,True,True
1011,272,70.0,HIGH,Healthy,HIGH,True,Healthy,True,True
1022,216,70.0,HIGH,Healthy,HIGH,True,Healthy,True,True
1077,231,70.0,HIGH,Healthy,HIGH,True,Healthy,True,True
1013,326,70.0,HIGH,Healthy,HIGH,True,Healthy,True,True
1023,152,70.0,HIGH,Healthy,HIGH,True,Healthy,True,True
1150,154,70.0,HIGH,Healthy,HIGH,True,Healthy,True,True
1190,180,70.0,HIGH,Healthy,HIGH,True,Healthy,True,True
1054,121,70.0,HIGH,Healthy,HIGH,True,Healthy,True,True
1133,193,70.0,HIGH,Healthy,HIGH,True,Healthy,True,True
1059,114,70.0,HIGH,Healthy,HIGH,True,Healthy,True,True
1194,250,70.0,HIGH,Healthy,HIGH,True,Healthy,True,True
1098,82,70.0,HIGH,Healthy,HIGH,True,Healthy,True,True
1135,124,70.0,HIGH,Healthy,HIGH,True,Healthy,True,True
1126,283,70.0,HIGH,Healthy,HIGH,True,Healthy,True,True
1086,277,70.0,HIGH,Healthy,HIGH,True,Healthy,True,True
1199,111,70.0,HIGH,Healthy,HIGH,True,Healthy,True,True
1192,127,70.0,HIGH,Healthy,HIGH,True,Healthy,True,True
1050,340,70.0,HIGH,Healthy,HIGH,True,Healthy,True,True
1044,162,70.0,HIGH,Healthy,HIGH,True,Healthy,True,True
1112,146,70.0,HIGH,Healthy,HIGH,True,Healthy,True,True
1004,221,70.0,HIGH,Healthy,HIGH,True,Healthy,True,True
1008,120,70.0,HIGH,Healthy,HIGH,True,Healthy,True,True
1094,165,70.0,HIGH,Healthy,HIGH,True,Healthy,True,True
1125,123,70.0,HIGH,Healthy,HIGH,True,Healthy,True,True
1026,149,70.0,HIGH,Healthy,HIGH,True,Healthy,True,True
1057,270,70.0,HIGH,Healthy,HIGH,True,Healthy,True,True
1084,208,70.0,HIGH,Healthy,HIGH,True,Healthy,True,True
1158,224,70.0,HIGH,Healthy,HIGH,True,Healthy,True,True
1017,111,70.0,HIGH,Healthy,HIGH,True,Healthy,True,True
1025,93,70.0,HIGH,Healthy,HIGH,True,Healthy,True,True
1069,164,70.0,HIGH,Healthy,HIGH,True,Healthy,True,True
1096,96,70.0,HIGH,Healthy,HIGH,True,Healthy,True,True
1118,171,70.0,HIGH,Healthy,HIGH,True,Healthy,True,True
1016,150,70.0,HIGH,Healthy,HIGH,True,Healthy,True,True
1154,151,70.0,HIGH,Healthy,HIGH,True,Healthy,True,True
1149,114,70.0,HIGH,Healthy,HIGH,True,Healthy,True,True
1081,211,70.0,HIGH,Healthy,HIGH,True,Healthy,True,True
1110,232,70.0,HIGH,Healthy,HIGH,True,Healthy,True,True
1063,154,70.0,HIGH,Healthy,HIGH,True,Healthy,True,True
1114,163,70.0,HIGH,Healthy,HIGH,True,Healthy,True,True
1195,172,70.0,HIGH,Healthy,HIGH,True,Healthy,True,True
1014,317,70.0,HIGH,Healthy,HIGH,True,Healthy,True,True
1029,399,70.0,HIGH,Healthy,HIGH,True,Healthy,True,True
1162,187,70.0,HIGH,Healthy,HIGH,True,Healthy,True,True
1180,402,70.0,HIGH,Healthy,HIGH,True,Healthy,True,True
1064,166,70.0,HIGH,Healthy,HIGH,True,Healthy,True,True
1001,160,70.0,HIGH,Healthy,HIGH,True,Healthy,True,True
1100,141,70.0,HIGH,Healthy,HIGH,True,Healthy,True,True
1074,104,70.0,HIGH,Healthy,HIGH,True,Healthy,True,True
1065,92,70.0,HIGH,Healthy,HIGH,True,Healthy,True,True
1009,95,70.0,HIGH,Healthy,HIGH,True,Healthy,True,True
1070,301,70.0,HIGH,Healthy,HIGH,True,Healthy,True,True
1160,185,70.0,HIGH,Healthy,HIGH,True,Healthy,True,True
1080,270,70.0,HIGH,Healthy,HIGH,True,Healthy,True,True
1076,171,70.0,HIGH,Healthy,HIGH,True,Healthy,True,True
1163,212,70.0,HIGH,Healthy,HIGH,True,Healthy,True,True
1179,166,70.0,HIGH,Healthy,HIGH,True,Healthy,True,True
1147,327,70.0,HIGH,Healthy,HIGH,True,Healthy,True,True
1140,227,70.0,HIGH,Healthy,HIGH,True,Healthy,True,True
1039,267,70.0,HIGH,Healthy,HIGH,True,Healthy,True,True
1184,202,70.0,HIGH,Healthy,HIGH,True,Healthy,True,True
1038,110,70.0,HIGH,Healthy,HIGH,True,Healthy,True,True
1049,189,70.0,HIGH,Healthy,HIGH,True,Healthy,True,True
1116,207,70.0,HIGH,Healthy,HIGH,True,Healthy,True,True
1104,198,70.0,HIGH,Healthy,HIGH,True,Healthy,True,True
1075,275,70.0,HIGH,Healthy,HIGH,True,Healthy,True,True
1040,120,70.0,HIGH,Healthy,HIGH,True,Healthy,True,True
1083,160,70.0,HIGH,Healthy,HIGH,True,Healthy,True,True
1073,168,70.0,HIGH,Healthy,HIGH,True,Healthy,True,True
1097,286,70.0,HIGH,Healthy,HIGH,True,Healthy,True,True
1185,103,70.0,HIGH,Healthy,HIGH,True,Healthy,True,True
1128,180,70.0,HIGH,Healthy,HIGH,True,Healthy,True,True
1139,250,70.0,HIGH,Healthy,HIGH,True,Healthy,True,True
1134,237,70.0,HIGH,Healthy,HIGH,True,Healthy,True,True
1168,337,70.0,HIGH,Healthy,HIGH,True,Healthy,True,True
1068,78,70.0,HIGH,Healthy,HIGH,True,Healthy,True,True
1186,201,70.0,HIGH,Healthy,HIGH,True,Healthy,True,True
1191,118,70.0,HIGH,Healthy,HIGH,True,Healthy,True,True
1053,231,70.0,HIGH,Healthy,HIGH,True,Healthy,True,True
1072,91,70.0,HIGH,Healthy,HIGH,True,Healthy,True,True
1005,252,70.0,HIGH,Healthy,HIGH,True,Healthy,True,True
1099,164,70.0,HIGH,Healthy,HIGH,True,Healthy,True,True
1164,107,70.0,HIGH,Healthy,HIGH,True,Healthy,True,True
1031,148,70.0,HIGH,Healthy,HIGH,True,Healthy,True,True
1174,114,70.0,HIGH,Healthy,HIGH,True,Healthy,True,True
1079,167,70.0,HIGH,Healthy,HIGH,True,Healthy,True,True
1115,203,70.0,HIGH,Healthy,HIGH,True,Healthy,True,True
1132,265,70.0,HIGH,Healthy,HIGH,True,Healthy,True,True
1078,131,70.0,HIGH,Healthy,HIGH,True,Healthy,True,True
1173,141,70.0,HIGH,Healthy,HIGH,True,Healthy,True,True
1106,193,70.0,HIGH,Healthy,HIGH,True,Healthy,True,True
1030,325,70.0,HIGH,Healthy,HIGH,True,Healthy,True,True
1145,245,70.0,HIGH,Healthy,HIGH,True,Healthy,True,True
1052,174,70.0,HIGH,Healthy,HIGH,True,Healthy,True,True
1107,191,70.0,HIGH,Healthy,HIGH,True,Healthy,True,True
1006,131,70.0,HIGH,Healthy,HIGH,True,Healthy,True,True
1032,318,70.0,HIGH,Healthy,HIGH,True,Healthy,True,True
1048,350,70.0,HIGH,Healthy,HIGH,True,Healthy,True,True
1024,448,70.0,HIGH,Healthy,HIGH,True,Healthy,True,True
1111,210,70.0,HIGH,Healthy,HIGH,True,Healthy,True,True
1151,157,70.0,HIGH,Healthy,HIGH,True,Healthy,True,True
1036,205,70.0,HIGH,Healthy,HIGH,True,Healthy,True,True
